{
  "type": "FeatureCollection",
  "features": [
    {
      "type": "Feature",
      "geometry": {
        "type": "LineString",
        "coordinates": [
          [
            114.26948834973679,
            22.295597390707258
          ],
          [
            114.28306527046617,
            22.336107919432365
          ],
          [
            114.28306527046617,
            22.336107919432365
          ],
          [
            114.07488715953308,
            22.26917170214389
          ]
        ]
      },
      "properties": {
        "id": "route_ent_47a73fb582_001",
        "character_id": "ent_47a73fb582",
        "character_name": "不法者",
        "color": "#F39C12",
        "chapters_span": [
          151,
          162
        ],
        "chapters": [
          151,
          152,
          158,
          159,
          162
        ],
        "precision": "fictional",
        "waypoints": [
          {
            "location_id": "loc_0472",
            "chapter": 151,
            "note": "日出康城一期",
            "confidence": 0.85
          },
          {
            "location_id": "loc_0486",
            "chapter": 152,
            "note": "康城倖存區",
            "confidence": 0.85
          },
          {
            "location_id": "loc_0486",
            "chapter": 158,
            "note": "康城倖存區",
            "confidence": 0.85
          },
          {
            "location_id": "loc_0493",
            "chapter": 162,
            "note": "監獄",
            "confidence": 0.85
          }
        ],
        "missing_waypoint_locations": [
          "Sona"
        ],
        "provenance": "character-routes.json → derive_routes_geojson.py",
        "source": "bing_gang",
        "confidence": 0.8,
        "review_status": "needs_review"
      }
    },
    {
      "type": "Feature",
      "geometry": {
        "type": "LineString",
        "coordinates": [
          [
            114.01747081712062,
            22.22027264057374
          ],
          [
            114.01747081712062,
            22.22027264057374
          ],
          [
            114.262,
            22.314
          ],
          [
            113.97622384985122,
            22.42473277637903
          ],
          [
            114.01747081712062,
            22.22027264057374
          ],
          [
            114.01747081712062,
            22.22027264057374
          ],
          [
            114.27798571755551,
            22.327311970702677
          ],
          [
            114.01747081712062,
            22.22027264057374
          ],
          [
            113.97622384985122,
            22.42473277637903
          ],
          [
            114.01747081712062,
            22.22027264057374
          ],
          [
            114.01747081712062,
            22.22027264057374
          ],
          [
            114.28348565651942,
            22.337559433890288
          ],
          [
            114.27798571755551,
            22.327311970702677
          ],
          [
            114.01747081712062,
            22.22027264057374
          ],
          [
            114.01747081712062,
            22.22027264057374
          ],
          [
            114.13690501258868,
            22.34772423132677
          ],
          [
            114.01747081712062,
            22.22027264057374
          ],
          [
            114.27224014648661,
            22.334842847333487
          ],
          [
            114.22974273289081,
            22.225880331120774
          ],
          [
            114.2649367895018,
            22.329886816205082
          ]
        ]
      },
      "properties": {
        "id": "route_ent_b6ab37e537_002",
        "character_id": "ent_b6ab37e537",
        "character_name": "不破尚",
        "color": "#E67E22",
        "chapters_span": [
          18,
          193
        ],
        "chapters": [
          18,
          74,
          75,
          79,
          80,
          81,
          84,
          85,
          87,
          88,
          91,
          92,
          97,
          102,
          108,
          109,
          143,
          167,
          170,
          193
        ],
        "precision": "fictional",
        "waypoints": [
          {
            "location_id": "loc_0592",
            "chapter": 18,
            "note": "不良人",
            "confidence": 0.85
          },
          {
            "location_id": "loc_0592",
            "chapter": 74,
            "note": "不良人",
            "confidence": 0.85
          },
          {
            "location_id": "loc_0238",
            "chapter": 75,
            "note": "將軍澳廣場",
            "confidence": 0.85
          },
          {
            "location_id": "loc_0246",
            "chapter": 79,
            "note": "不良人據點",
            "confidence": 0.85
          },
          {
            "location_id": "loc_0592",
            "chapter": 80,
            "note": "不良人",
            "confidence": 0.85
          },
          {
            "location_id": "loc_0592",
            "chapter": 81,
            "note": "不良人",
            "confidence": 0.85
          },
          {
            "location_id": "loc_0044",
            "chapter": 84,
            "note": "將軍澳區",
            "confidence": 0.85
          },
          {
            "location_id": "loc_0592",
            "chapter": 85,
            "note": "不良人",
            "confidence": 0.85
          },
          {
            "location_id": "loc_0246",
            "chapter": 87,
            "note": "不良人據點",
            "confidence": 0.85
          },
          {
            "location_id": "loc_0592",
            "chapter": 88,
            "note": "不良人",
            "confidence": 0.85
          },
          {
            "location_id": "loc_0592",
            "chapter": 91,
            "note": "不良人",
            "confidence": 0.85
          },
          {
            "location_id": "loc_0634",
            "chapter": 92,
            "note": "病者平權組織",
            "confidence": 0.85
          },
          {
            "location_id": "loc_0044",
            "chapter": 97,
            "note": "將軍澳區",
            "confidence": 0.85
          },
          {
            "location_id": "loc_0592",
            "chapter": 102,
            "note": "不良人",
            "confidence": 0.85
          },
          {
            "location_id": "loc_0592",
            "chapter": 108,
            "note": "不良人",
            "confidence": 0.85
          },
          {
            "location_id": "loc_0247",
            "chapter": 109,
            "note": "小學",
            "confidence": 0.85
          },
          {
            "location_id": "loc_0592",
            "chapter": 143,
            "note": "不良人",
            "confidence": 0.85
          },
          {
            "location_id": "loc_0595",
            "chapter": 167,
            "note": "將軍澳魔鬼山林中別墅",
            "confidence": 0.85
          },
          {
            "location_id": "loc_0604",
            "chapter": 170,
            "note": "地下密室",
            "confidence": 0.85
          },
          {
            "location_id": "loc_0186",
            "chapter": 193,
            "note": "人類倖存區",
            "confidence": 0.85
          }
        ],
        "missing_waypoint_locations": null,
        "provenance": "character-routes.json → derive_routes_geojson.py",
        "source": "bing_gang",
        "confidence": 0.8,
        "review_status": "needs_review"
      }
    },
    {
      "type": "Feature",
      "geometry": {
        "type": "LineString",
        "coordinates": [
          [
            114.03278782330052,
            22.423824330510413
          ],
          [
            114.270469329366,
            22.343124399176013
          ],
          [
            114.270469329366,
            22.343124399176013
          ],
          [
            114.20982421606774,
            22.223790531776913
          ],
          [
            114.265,
            22.317
          ],
          [
            114.20982421606774,
            22.223790531776913
          ],
          [
            114.270469329366,
            22.343124399176013
          ],
          [
            114.270469329366,
            22.343124399176013
          ],
          [
            114.2776396429389,
            22.331155962462805
          ],
          [
            114.270469329366,
            22.343124399176013
          ],
          [
            114.2812437628748,
            22.341869802395664
          ],
          [
            114.270469329366,
            22.343124399176013
          ],
          [
            114.270469329366,
            22.343124399176013
          ],
          [
            114.07715587090867,
            22.378278667887386
          ],
          [
            114.2620141451133,
            22.314159349965667
          ],
          [
            114.24223987182421,
            22.30494876783398
          ],
          [
            114.04369558251315,
            22.288065880827038
          ],
          [
            114.270469329366,
            22.343124399176013
          ],
          [
            113.99168184939344,
            22.40730033569848
          ],
          [
            114.270469329366,
            22.343124399176013
          ],
          [
            114.262,
            22.328
          ],
          [
            114.01747081712062,
            22.22027264057374
          ],
          [
            113.97705058365759,
            22.226078469520104
          ],
          [
            114.272,
            22.318
          ],
          [
            114.26926310368506,
            22.323460860608836
          ],
          [
            114.270469329366,
            22.343124399176013
          ],
          [
            114.270469329366,
            22.343124399176013
          ],
          [
            114.262,
            22.328
          ],
          [
            114.01747081712062,
            22.22027264057374
          ],
          [
            114.270469329366,
            22.343124399176013
          ],
          [
            114.01747081712062,
            22.22027264057374
          ],
          [
            114.01747081712062,
            22.22027264057374
          ],
          [
            114.262,
            22.328
          ],
          [
            114.1331046005951,
            22.445754139009686
          ],
          [
            114.01747081712062,
            22.22027264057374
          ],
          [
            114.01747081712062,
            22.22027264057374
          ],
          [
            114.270469329366,
            22.343124399176013
          ],
          [
            114.26275440604257,
            22.215464980544745
          ],
          [
            114.26275440604257,
            22.215464980544745
          ],
          [
            114.01747081712062,
            22.22027264057374
          ],
          [
            114.01747081712062,
            22.22027264057374
          ],
          [
            114.28348565651942,
            22.337559433890288
          ],
          [
            114.0093701075761,
            22.334067635614556
          ],
          [
            114.270469329366,
            22.343124399176013
          ],
          [
            114.08566674296178,
            22.24138746471351
          ],
          [
            114.28348565651942,
            22.337559433890288
          ],
          [
            114.28348565651942,
            22.337559433890288
          ],
          [
            114.01747081712062,
            22.22027264057374
          ],
          [
            114.270469329366,
            22.343124399176013
          ],
          [
            114.23559924467841,
            22.319103891050585
          ],
          [
            114.23559924467841,
            22.319103891050585
          ],
          [
            114.270469329366,
            22.343124399176013
          ],
          [
            114.28348565651942,
            22.337559433890288
          ],
          [
            114.01142732890821,
            22.298148508430607
          ],
          [
            114.262,
            22.328
          ],
          [
            114.270469329366,
            22.343124399176013
          ],
          [
            114.270469329366,
            22.343124399176013
          ],
          [
            114.26407465476464,
            22.32506420233463
          ],
          [
            114.26407465476464,
            22.32506420233463
          ],
          [
            114.28306527046617,
            22.336107919432365
          ],
          [
            113.94175738155184,
            22.356584382391087
          ],
          [
            114.270469329366,
            22.343124399176013
          ],
          [
            114.270469329366,
            22.343124399176013
          ],
          [
            114.00790249485007,
            22.229921606775005
          ],
          [
            114.270469329366,
            22.343124399176013
          ],
          [
            113.98584344243534,
            22.254113183794917
          ],
          [
            114.26346985580224,
            22.31863094529641
          ],
          [
            114.26193724727246,
            22.31970370794232
          ],
          [
            113.99833417257953,
            22.359952735179675
          ],
          [
            114.05559029526206,
            22.39756912336919
          ],
          [
            114.1406541542687,
            22.298944800488286
          ],
          [
            114.270469329366,
            22.343124399176013
          ],
          [
            114.270469329366,
            22.343124399176013
          ],
          [
            114.2560612497139,
            22.33470798809796
          ]
        ]
      },
      "properties": {
        "id": "route_ent_dd034941ef_003",
        "character_id": "ent_dd034941ef",
        "character_name": "主角",
        "color": "#E67E22",
        "chapters_span": [
          1,
          194
        ],
        "chapters": [
          1,
          3,
          5,
          6,
          7,
          10,
          11,
          14,
          15,
          17,
          18,
          19,
          20,
          21,
          23,
          25,
          27,
          28,
          30,
          33,
          37,
          38,
          46,
          48,
          56,
          57,
          62,
          63,
          66,
          67,
          68,
          74,
          75,
          77,
          78,
          80,
          81,
          82,
          83,
          84,
          87,
          88,
          89,
          96,
          97,
          99,
          102,
          105,
          108,
          109
        ],
        "precision": "fictional",
        "waypoints": [
          {
            "location_id": "loc_0205",
            "chapter": 1,
            "note": "安全屋",
            "confidence": 0.85
          },
          {
            "location_id": "loc_0004",
            "chapter": 3,
            "note": "大本營",
            "confidence": 0.85
          },
          {
            "location_id": "loc_0004",
            "chapter": 5,
            "note": "大本營",
            "confidence": 0.85
          },
          {
            "location_id": "loc_0013",
            "chapter": 6,
            "note": "病窩",
            "confidence": 0.85
          },
          {
            "location_id": "loc_0029",
            "chapter": 7,
            "note": "商場",
            "confidence": 0.85
          },
          {
            "location_id": "loc_0013",
            "chapter": 10,
            "note": "病窩",
            "confidence": 0.85
          },
          {
            "location_id": "loc_0004",
            "chapter": 11,
            "note": "大本營",
            "confidence": 0.85
          },
          {
            "location_id": "loc_0004",
            "chapter": 14,
            "note": "大本營",
            "confidence": 0.85
          },
          {
            "location_id": "loc_0050",
            "chapter": 15,
            "note": "將軍澳中心",
            "confidence": 0.85
          },
          {
            "location_id": "loc_0004",
            "chapter": 17,
            "note": "大本營",
            "confidence": 0.85
          },
          {
            "location_id": "loc_0065",
            "chapter": 18,
            "note": "安全區",
            "confidence": 0.85
          },
          {
            "location_id": "loc_0004",
            "chapter": 19,
            "note": "大本營",
            "confidence": 0.85
          },
          {
            "location_id": "loc_0004",
            "chapter": 20,
            "note": "大本營",
            "confidence": 0.85
          },
          {
            "location_id": "loc_0076",
            "chapter": 21,
            "note": "608號房",
            "confidence": 0.85
          },
          {
            "location_id": "loc_0059",
            "chapter": 23,
            "note": "popcorn商場",
            "confidence": 0.85
          },
          {
            "location_id": "loc_0091",
            "chapter": 25,
            "note": "隔離病房",
            "confidence": 0.85
          },
          {
            "location_id": "loc_0097",
            "chapter": 27,
            "note": "孤兒所",
            "confidence": 0.85
          },
          {
            "location_id": "loc_0004",
            "chapter": 28,
            "note": "大本營",
            "confidence": 0.85
          },
          {
            "location_id": "loc_0107",
            "chapter": 30,
            "note": "董倫大宅",
            "confidence": 0.85
          },
          {
            "location_id": "loc_0004",
            "chapter": 33,
            "note": "大本營",
            "confidence": 0.85
          },
          {
            "location_id": "loc_0104",
            "chapter": 37,
            "note": "學堂",
            "confidence": 0.85
          },
          {
            "location_id": "loc_0592",
            "chapter": 38,
            "note": "不良人",
            "confidence": 0.85
          },
          {
            "location_id": "loc_0141",
            "chapter": 46,
            "note": "G層",
            "confidence": 0.85
          },
          {
            "location_id": "loc_0143",
            "chapter": 48,
            "note": "醫院",
            "confidence": 0.85
          },
          {
            "location_id": "loc_0159",
            "chapter": 56,
            "note": "病者陷阱設計室",
            "confidence": 0.85
          },
          {
            "location_id": "loc_0004",
            "chapter": 57,
            "note": "大本營",
            "confidence": 0.85
          },
          {
            "location_id": "loc_0004",
            "chapter": 62,
            "note": "大本營",
            "confidence": 0.85
          },
          {
            "location_id": "loc_0104",
            "chapter": 63,
            "note": "學堂",
            "confidence": 0.85
          },
          {
            "location_id": "loc_0592",
            "chapter": 66,
            "note": "不良人",
            "confidence": 0.85
          },
          {
            "location_id": "loc_0004",
            "chapter": 67,
            "note": "大本營",
            "confidence": 0.85
          },
          {
            "location_id": "loc_0592",
            "chapter": 68,
            "note": "不良人",
            "confidence": 0.85
          },
          {
            "location_id": "loc_0592",
            "chapter": 74,
            "note": "不良人",
            "confidence": 0.85
          },
          {
            "location_id": "loc_0104",
            "chapter": 75,
            "note": "學堂",
            "confidence": 0.85
          },
          {
            "location_id": "loc_0360",
            "chapter": 77,
            "note": "二樓",
            "confidence": 0.85
          },
          {
            "location_id": "loc_0592",
            "chapter": 78,
            "note": "不良人",
            "confidence": 0.85
          },
          {
            "location_id": "loc_0592",
            "chapter": 80,
            "note": "不良人",
            "confidence": 0.85
          },
          {
            "location_id": "loc_0004",
            "chapter": 81,
            "note": "大本營",
            "confidence": 0.85
          },
          {
            "location_id": "loc_0291",
            "chapter": 82,
            "note": "下水道",
            "confidence": 0.85
          },
          {
            "location_id": "loc_0291",
            "chapter": 83,
            "note": "下水道",
            "confidence": 0.85
          },
          {
            "location_id": "loc_0592",
            "chapter": 84,
            "note": "不良人",
            "confidence": 0.85
          },
          {
            "location_id": "loc_0592",
            "chapter": 87,
            "note": "不良人",
            "confidence": 0.85
          },
          {
            "location_id": "loc_0634",
            "chapter": 88,
            "note": "病者平權組織",
            "confidence": 0.85
          },
          {
            "location_id": "loc_0305",
            "chapter": 89,
            "note": "街市",
            "confidence": 0.85
          },
          {
            "location_id": "loc_0004",
            "chapter": 96,
            "note": "大本營",
            "confidence": 0.85
          },
          {
            "location_id": "loc_0450",
            "chapter": 97,
            "note": "真實之房",
            "confidence": 0.85
          },
          {
            "location_id": "loc_0634",
            "chapter": 99,
            "note": "病者平權組織",
            "confidence": 0.85
          },
          {
            "location_id": "loc_0634",
            "chapter": 102,
            "note": "病者平權組織",
            "confidence": 0.85
          },
          {
            "location_id": "loc_0592",
            "chapter": 105,
            "note": "不良人",
            "confidence": 0.85
          },
          {
            "location_id": "loc_0004",
            "chapter": 108,
            "note": "大本營",
            "confidence": 0.85
          },
          {
            "location_id": "loc_0269",
            "chapter": 109,
            "note": "寶琳倖存區",
            "confidence": 0.85
          },
          {
            "location_id": "loc_0269",
            "chapter": 113,
            "note": "寶琳倖存區",
            "confidence": 0.85
          },
          {
            "location_id": "loc_0004",
            "chapter": 121,
            "note": "大本營",
            "confidence": 0.85
          },
          {
            "location_id": "loc_0634",
            "chapter": 124,
            "note": "病者平權組織",
            "confidence": 0.85
          },
          {
            "location_id": "loc_0332",
            "chapter": 127,
            "note": "教堂",
            "confidence": 0.85
          },
          {
            "location_id": "loc_0104",
            "chapter": 130,
            "note": "學堂",
            "confidence": 0.85
          },
          {
            "location_id": "loc_0004",
            "chapter": 132,
            "note": "大本營",
            "confidence": 0.85
          },
          {
            "location_id": "loc_0004",
            "chapter": 146,
            "note": "大本營",
            "confidence": 0.85
          },
          {
            "location_id": "loc_0224",
            "chapter": 152,
            "note": "倖存區",
            "confidence": 0.85
          },
          {
            "location_id": "loc_0224",
            "chapter": 153,
            "note": "倖存區",
            "confidence": 0.85
          },
          {
            "location_id": "loc_0486",
            "chapter": 155,
            "note": "康城倖存區",
            "confidence": 0.85
          },
          {
            "location_id": "loc_0558",
            "chapter": 158,
            "note": "D層大樓",
            "confidence": 0.85
          },
          {
            "location_id": "loc_0004",
            "chapter": 164,
            "note": "大本營",
            "confidence": 0.85
          },
          {
            "location_id": "loc_0004",
            "chapter": 170,
            "note": "大本營",
            "confidence": 0.85
          },
          {
            "location_id": "loc_0603",
            "chapter": 172,
            "note": "林中古宅",
            "confidence": 0.85
          },
          {
            "location_id": "loc_0004",
            "chapter": 173,
            "note": "大本營",
            "confidence": 0.85
          },
          {
            "location_id": "loc_0628",
            "chapter": 178,
            "note": "滿天的研究室",
            "confidence": 0.85
          },
          {
            "location_id": "loc_0380",
            "chapter": 179,
            "note": "寶康公園",
            "confidence": 0.85
          },
          {
            "location_id": "loc_0399",
            "chapter": 180,
            "note": "病獵公會",
            "confidence": 0.85
          },
          {
            "location_id": "loc_0647",
            "chapter": 182,
            "note": "對面大樓",
            "confidence": 0.85
          },
          {
            "location_id": "loc_0649",
            "chapter": 185,
            "note": "九樓",
            "confidence": 0.85
          },
          {
            "location_id": "loc_0400",
            "chapter": 186,
            "note": "聖堂",
            "confidence": 0.85
          },
          {
            "location_id": "loc_0004",
            "chapter": 190,
            "note": "大本營",
            "confidence": 0.85
          },
          {
            "location_id": "loc_0004",
            "chapter": 192,
            "note": "大本營",
            "confidence": 0.85
          },
          {
            "location_id": "loc_0175",
            "chapter": 194,
            "note": "魔鬼山",
            "confidence": 0.85
          }
        ],
        "missing_waypoint_locations": [
          "Sona"
        ],
        "provenance": "character-routes.json → derive_routes_geojson.py",
        "source": "bing_gang",
        "confidence": 0.8,
        "review_status": "needs_review"
      }
    },
    {
      "type": "Feature",
      "geometry": {
        "type": "LineString",
        "coordinates": [
          [
            114.262,
            22.328
          ],
          [
            114.270469329366,
            22.343124399176013
          ],
          [
            114.05559029526206,
            22.39756912336919
          ],
          [
            114.08814053559166,
            22.31363694972152
          ],
          [
            114.272,
            22.318
          ],
          [
            114.262,
            22.328
          ],
          [
            114.01747081712062,
            22.22027264057374
          ],
          [
            114.01747081712062,
            22.22027264057374
          ],
          [
            114.0504504463264,
            22.417439040207523
          ],
          [
            114.270469329366,
            22.343124399176013
          ],
          [
            114.01747081712062,
            22.22027264057374
          ],
          [
            114.270469329366,
            22.343124399176013
          ],
          [
            113.97622384985122,
            22.42473277637903
          ],
          [
            114.14944701304645,
            22.23333482108797
          ],
          [
            114.265,
            22.317
          ],
          [
            113.97622384985122,
            22.42473277637903
          ],
          [
            113.97990249485008,
            22.285572327763788
          ],
          [
            113.96589929045548,
            22.341454833295185
          ],
          [
            114.13871229114214,
            22.349025215533683
          ],
          [
            113.98343373769741,
            22.36830445563439
          ],
          [
            114.272,
            22.318
          ],
          [
            114.245,
            22.302
          ],
          [
            114.26346985580224,
            22.31863094529641
          ],
          [
            114.26050022888533,
            22.344081521324483
          ],
          [
            114.24518020141909,
            22.32275745021744
          ]
        ]
      },
      "properties": {
        "id": "route_ent_7f6734f51b_004",
        "character_id": "ent_7f6734f51b",
        "character_name": "公仔",
        "color": "#E67E22",
        "chapters_span": [
          36,
          197
        ],
        "chapters": [
          36,
          39,
          42,
          50,
          54,
          61,
          62,
          63,
          64,
          65,
          72,
          73,
          75,
          77,
          78,
          79,
          80,
          85,
          88,
          90,
          142,
          178,
          180,
          192,
          197
        ],
        "precision": "fictional",
        "waypoints": [
          {
            "location_id": "loc_0104",
            "chapter": 36,
            "note": "學堂",
            "confidence": 0.85
          },
          {
            "location_id": "loc_0004",
            "chapter": 39,
            "note": "大本營",
            "confidence": 0.85
          },
          {
            "location_id": "loc_0649",
            "chapter": 42,
            "note": "九樓",
            "confidence": 0.85
          },
          {
            "location_id": "loc_0424",
            "chapter": 50,
            "note": "走廊",
            "confidence": 0.85
          },
          {
            "location_id": "loc_0143",
            "chapter": 54,
            "note": "醫院",
            "confidence": 0.85
          },
          {
            "location_id": "loc_0104",
            "chapter": 61,
            "note": "學堂",
            "confidence": 0.85
          },
          {
            "location_id": "loc_0592",
            "chapter": 62,
            "note": "不良人",
            "confidence": 0.85
          },
          {
            "location_id": "loc_0592",
            "chapter": 63,
            "note": "不良人",
            "confidence": 0.85
          },
          {
            "location_id": "loc_0208",
            "chapter": 64,
            "note": "六樓",
            "confidence": 0.85
          },
          {
            "location_id": "loc_0004",
            "chapter": 65,
            "note": "大本營",
            "confidence": 0.85
          },
          {
            "location_id": "loc_0592",
            "chapter": 72,
            "note": "不良人",
            "confidence": 0.85
          },
          {
            "location_id": "loc_0004",
            "chapter": 73,
            "note": "大本營",
            "confidence": 0.85
          },
          {
            "location_id": "loc_0246",
            "chapter": 75,
            "note": "不良人據點",
            "confidence": 0.85
          },
          {
            "location_id": "loc_0254",
            "chapter": 77,
            "note": "員工室",
            "confidence": 0.85
          },
          {
            "location_id": "loc_0029",
            "chapter": 78,
            "note": "商場",
            "confidence": 0.85
          },
          {
            "location_id": "loc_0246",
            "chapter": 79,
            "note": "不良人據點",
            "confidence": 0.85
          },
          {
            "location_id": "loc_0257",
            "chapter": 80,
            "note": "操場",
            "confidence": 0.85
          },
          {
            "location_id": "loc_0229",
            "chapter": 85,
            "note": "遊戲室",
            "confidence": 0.85
          },
          {
            "location_id": "loc_0312",
            "chapter": 88,
            "note": "麵包店",
            "confidence": 0.85
          },
          {
            "location_id": "loc_0315",
            "chapter": 90,
            "note": "滿天所在的地方",
            "confidence": 0.85
          },
          {
            "location_id": "loc_0143",
            "chapter": 142,
            "note": "醫院",
            "confidence": 0.85
          },
          {
            "location_id": "loc_0125",
            "chapter": 178,
            "note": "靈實醫院",
            "confidence": 0.85
          },
          {
            "location_id": "loc_0380",
            "chapter": 180,
            "note": "寶康公園",
            "confidence": 0.85
          },
          {
            "location_id": "loc_0209",
            "chapter": 192,
            "note": "大本營廣場",
            "confidence": 0.85
          },
          {
            "location_id": "loc_0635",
            "chapter": 197,
            "note": "艾寶琳",
            "confidence": 0.85
          }
        ],
        "missing_waypoint_locations": null,
        "provenance": "character-routes.json → derive_routes_geojson.py",
        "source": "bing_gang",
        "confidence": 0.8,
        "review_status": "needs_review"
      }
    },
    {
      "type": "Feature",
      "geometry": {
        "type": "LineString",
        "coordinates": [
          [
            114.27008551155872,
            22.331738246738386
          ],
          [
            114.272,
            22.332
          ],
          [
            114.27008551155872,
            22.331738246738386
          ],
          [
            114.02986541542687,
            22.24345857175555
          ],
          [
            114.26407465476464,
            22.32506420233463
          ],
          [
            114.10332936598763,
            22.41442584115358
          ],
          [
            114.08439780270085,
            22.316007133592734
          ],
          [
            114.28332276646067,
            22.32236106660563
          ],
          [
            114.24996250858321,
            22.303681391622796
          ],
          [
            114.26080922407874,
            22.334337109941252
          ],
          [
            114.2729,
            22.3166
          ],
          [
            114.15187594415198,
            22.219618410009918
          ]
        ]
      },
      "properties": {
        "id": "route_ent_b18b574748_005",
        "character_id": "ent_b18b574748",
        "character_name": "北賢",
        "color": "#9B59B6",
        "chapters_span": [
          35,
          189
        ],
        "chapters": [
          35,
          38,
          39,
          54,
          119,
          120,
          122,
          169,
          171,
          178,
          181,
          189
        ],
        "precision": "fictional",
        "waypoints": [
          {
            "location_id": "loc_0120",
            "chapter": 35,
            "note": "將軍澳華人永遠墳場",
            "confidence": 0.85
          },
          {
            "location_id": "loc_0043",
            "chapter": 38,
            "note": "將軍澳",
            "confidence": 0.85
          },
          {
            "location_id": "loc_0120",
            "chapter": 39,
            "note": "將軍澳華人永遠墳場",
            "confidence": 0.85
          },
          {
            "location_id": "loc_0177",
            "chapter": 54,
            "note": "墳場",
            "confidence": 0.85
          },
          {
            "location_id": "loc_0224",
            "chapter": 119,
            "note": "倖存區",
            "confidence": 0.85
          },
          {
            "location_id": "loc_0579",
            "chapter": 120,
            "note": "辦公室",
            "confidence": 0.85
          },
          {
            "location_id": "loc_0397",
            "chapter": 122,
            "note": "希望塔",
            "confidence": 0.85
          },
          {
            "location_id": "loc_0585",
            "chapter": 169,
            "note": "翠林村倖存區",
            "confidence": 0.85
          },
          {
            "location_id": "loc_0609",
            "chapter": 171,
            "note": "靈實醫院精神科病院",
            "confidence": 0.85
          },
          {
            "location_id": "loc_0469",
            "chapter": 178,
            "note": "病者之都",
            "confidence": 0.85
          },
          {
            "location_id": "loc_0338",
            "chapter": 181,
            "note": "坑口",
            "confidence": 0.85
          },
          {
            "location_id": "loc_0427",
            "chapter": 189,
            "note": "研究室",
            "confidence": 0.85
          }
        ],
        "missing_waypoint_locations": null,
        "provenance": "character-routes.json → derive_routes_geojson.py",
        "source": "bing_gang",
        "confidence": 0.8,
        "review_status": "needs_review"
      }
    },
    {
      "type": "Feature",
      "geometry": {
        "type": "LineString",
        "coordinates": [
          [
            114.245,
            22.302
          ],
          [
            114.272,
            22.318
          ],
          [
            114.02986541542687,
            22.24345857175555
          ],
          [
            114.10332936598763,
            22.41442584115358
          ],
          [
            113.95463263904783,
            22.320672732127868
          ],
          [
            114.24996250858321,
            22.303681391622796
          ],
          [
            114.1769919890135,
            22.441694171053634
          ],
          [
            113.89716502632182,
            22.34644193942168
          ],
          [
            114.26987914854658,
            22.32303538567178
          ]
        ]
      },
      "properties": {
        "id": "route_ent_b11ee807ef_006",
        "character_id": "ent_b11ee807ef",
        "character_name": "南愚",
        "color": "#9B59B6",
        "chapters_span": [
          39,
          183
        ],
        "chapters": [
          39,
          54,
          59,
          120,
          121,
          171,
          172,
          175,
          183
        ],
        "precision": "fictional",
        "waypoints": [
          {
            "location_id": "loc_0125",
            "chapter": 39,
            "note": "靈實醫院",
            "confidence": 0.85
          },
          {
            "location_id": "loc_0143",
            "chapter": 54,
            "note": "醫院",
            "confidence": 0.85
          },
          {
            "location_id": "loc_0177",
            "chapter": 59,
            "note": "墳場",
            "confidence": 0.85
          },
          {
            "location_id": "loc_0579",
            "chapter": 120,
            "note": "辦公室",
            "confidence": 0.85
          },
          {
            "location_id": "loc_0258",
            "chapter": 121,
            "note": "酒吧",
            "confidence": 0.85
          },
          {
            "location_id": "loc_0609",
            "chapter": 171,
            "note": "靈實醫院精神科病院",
            "confidence": 0.85
          },
          {
            "location_id": "loc_0610",
            "chapter": 172,
            "note": "翠林村酒吧",
            "confidence": 0.85
          },
          {
            "location_id": "loc_0646",
            "chapter": 175,
            "note": "古宅",
            "confidence": 0.85
          },
          {
            "location_id": "loc_0639",
            "chapter": 183,
            "note": "政府綜合大樓",
            "confidence": 0.85
          }
        ],
        "missing_waypoint_locations": null,
        "provenance": "character-routes.json → derive_routes_geojson.py",
        "source": "bing_gang",
        "confidence": 0.8,
        "review_status": "needs_review"
      }
    },
    {
      "type": "Feature",
      "geometry": {
        "type": "LineString",
        "coordinates": [
          [
            114.23559924467841,
            22.319103891050585
          ],
          [
            114.23559924467841,
            22.319103891050585
          ],
          [
            114.26407465476464,
            22.32506420233463
          ],
          [
            114.23559924467841,
            22.319103891050585
          ],
          [
            114.23660798809796,
            22.32697296864271
          ],
          [
            114.23660798809796,
            22.32697296864271
          ],
          [
            114.27585397116044,
            22.342389448386356
          ],
          [
            114.24518020141909,
            22.32275745021744
          ],
          [
            114.23660798809796,
            22.32697296864271
          ]
        ]
      },
      "properties": {
        "id": "route_ent_79879273ba_007",
        "character_id": "ent_79879273ba",
        "character_name": "國王",
        "color": "#E67E22",
        "chapters_span": [
          98,
          195
        ],
        "chapters": [
          98,
          109,
          115,
          117,
          145,
          146,
          163,
          176,
          195
        ],
        "precision": "fictional",
        "waypoints": [
          {
            "location_id": "loc_0269",
            "chapter": 98,
            "note": "寶琳倖存區",
            "confidence": 0.85
          },
          {
            "location_id": "loc_0269",
            "chapter": 109,
            "note": "寶琳倖存區",
            "confidence": 0.85
          },
          {
            "location_id": "loc_0224",
            "chapter": 115,
            "note": "倖存區",
            "confidence": 0.85
          },
          {
            "location_id": "loc_0269",
            "chapter": 117,
            "note": "寶琳倖存區",
            "confidence": 0.85
          },
          {
            "location_id": "loc_0435",
            "chapter": 145,
            "note": "艾寶琳倖存區",
            "confidence": 0.85
          },
          {
            "location_id": "loc_0435",
            "chapter": 146,
            "note": "艾寶琳倖存區",
            "confidence": 0.85
          },
          {
            "location_id": "loc_0618",
            "chapter": 163,
            "note": "翠林村",
            "confidence": 0.85
          },
          {
            "location_id": "loc_0635",
            "chapter": 176,
            "note": "艾寶琳",
            "confidence": 0.85
          },
          {
            "location_id": "loc_0435",
            "chapter": 195,
            "note": "艾寶琳倖存區",
            "confidence": 0.85
          }
        ],
        "missing_waypoint_locations": null,
        "provenance": "character-routes.json → derive_routes_geojson.py",
        "source": "bing_gang",
        "confidence": 0.8,
        "review_status": "needs_review"
      }
    },
    {
      "type": "Feature",
      "geometry": {
        "type": "LineString",
        "coordinates": [
          [
            114.270469329366,
            22.343124399176013
          ],
          [
            114.270469329366,
            22.343124399176013
          ],
          [
            113.91846143282216,
            22.43594441901274
          ],
          [
            114.265,
            22.317
          ],
          [
            114.20982421606774,
            22.223790531776913
          ],
          [
            114.20982421606774,
            22.223790531776913
          ],
          [
            113.91846143282216,
            22.43594441901274
          ],
          [
            114.270469329366,
            22.343124399176013
          ],
          [
            114.262,
            22.328
          ],
          [
            114.262,
            22.328
          ],
          [
            113.91730785076676,
            22.25855447470817
          ],
          [
            114.262,
            22.328
          ],
          [
            114.270469329366,
            22.343124399176013
          ],
          [
            113.91730785076676,
            22.25855447470817
          ],
          [
            114.2560612497139,
            22.33470798809796
          ],
          [
            114.270469329366,
            22.343124399176013
          ],
          [
            114.20982421606774,
            22.223790531776913
          ],
          [
            114.270469329366,
            22.343124399176013
          ],
          [
            114.270469329366,
            22.343124399176013
          ]
        ]
      },
      "properties": {
        "id": "route_ent_3c0413f11b_008",
        "character_id": "ent_3c0413f11b",
        "character_name": "夏晴",
        "color": "#E67E22",
        "chapters_span": [
          2,
          198
        ],
        "chapters": [
          2,
          3,
          4,
          5,
          6,
          20,
          21,
          22,
          28,
          33,
          35,
          65,
          67,
          149,
          152,
          155,
          164,
          167,
          174,
          192,
          198
        ],
        "precision": "fictional",
        "waypoints": [
          {
            "location_id": "loc_0004",
            "chapter": 2,
            "note": "大本營",
            "confidence": 0.85
          },
          {
            "location_id": "loc_0004",
            "chapter": 3,
            "note": "大本營",
            "confidence": 0.85
          },
          {
            "location_id": "loc_0006",
            "chapter": 4,
            "note": "醫療室",
            "confidence": 0.85
          },
          {
            "location_id": "loc_0029",
            "chapter": 5,
            "note": "商場",
            "confidence": 0.85
          },
          {
            "location_id": "loc_0013",
            "chapter": 6,
            "note": "病窩",
            "confidence": 0.85
          },
          {
            "location_id": "loc_0013",
            "chapter": 20,
            "note": "病窩",
            "confidence": 0.85
          },
          {
            "location_id": "loc_0006",
            "chapter": 21,
            "note": "醫療室",
            "confidence": 0.85
          },
          {
            "location_id": "loc_0004",
            "chapter": 22,
            "note": "大本營",
            "confidence": 0.85
          },
          {
            "location_id": "loc_0104",
            "chapter": 28,
            "note": "學堂",
            "confidence": 0.85
          },
          {
            "location_id": "loc_0104",
            "chapter": 33,
            "note": "學堂",
            "confidence": 0.85
          },
          {
            "location_id": "loc_0121",
            "chapter": 35,
            "note": "孤兒院",
            "confidence": 0.85
          },
          {
            "location_id": "loc_0104",
            "chapter": 65,
            "note": "學堂",
            "confidence": 0.85
          },
          {
            "location_id": "loc_0004",
            "chapter": 67,
            "note": "大本營",
            "confidence": 0.85
          },
          {
            "location_id": "loc_0121",
            "chapter": 149,
            "note": "孤兒院",
            "confidence": 0.85
          },
          {
            "location_id": "loc_0175",
            "chapter": 152,
            "note": "魔鬼山",
            "confidence": 0.85
          },
          {
            "location_id": "loc_0004",
            "chapter": 167,
            "note": "大本營",
            "confidence": 0.85
          },
          {
            "location_id": "loc_0013",
            "chapter": 174,
            "note": "病窩",
            "confidence": 0.85
          },
          {
            "location_id": "loc_0004",
            "chapter": 192,
            "note": "大本營",
            "confidence": 0.85
          },
          {
            "location_id": "loc_0004",
            "chapter": 198,
            "note": "大本營",
            "confidence": 0.85
          }
        ],
        "missing_waypoint_locations": [
          "Sona",
          "Sona"
        ],
        "provenance": "character-routes.json → derive_routes_geojson.py",
        "source": "bing_gang",
        "confidence": 0.8,
        "review_status": "needs_review"
      }
    },
    {
      "type": "Feature",
      "geometry": {
        "type": "LineString",
        "coordinates": [
          [
            114.28348565651942,
            22.337559433890288
          ],
          [
            113.97622384985122,
            22.42473277637903
          ],
          [
            114.28348565651942,
            22.337559433890288
          ],
          [
            114.01142732890821,
            22.298148508430607
          ],
          [
            114.28348565651942,
            22.337559433890288
          ],
          [
            114.28348565651942,
            22.337559433890288
          ]
        ]
      },
      "properties": {
        "id": "route_ent_5b01a8d7ca_009",
        "character_id": "ent_5b01a8d7ca",
        "character_name": "夏當",
        "color": "#9B59B6",
        "chapters_span": [
          89,
          100
        ],
        "chapters": [
          89,
          90,
          91,
          94,
          97,
          100
        ],
        "precision": "fictional",
        "waypoints": [
          {
            "location_id": "loc_0634",
            "chapter": 89,
            "note": "病者平權組織",
            "confidence": 0.85
          },
          {
            "location_id": "loc_0246",
            "chapter": 90,
            "note": "不良人據點",
            "confidence": 0.85
          },
          {
            "location_id": "loc_0634",
            "chapter": 91,
            "note": "病者平權組織",
            "confidence": 0.85
          },
          {
            "location_id": "loc_0332",
            "chapter": 94,
            "note": "教堂",
            "confidence": 0.85
          },
          {
            "location_id": "loc_0634",
            "chapter": 97,
            "note": "病者平權組織",
            "confidence": 0.85
          },
          {
            "location_id": "loc_0634",
            "chapter": 100,
            "note": "病者平權組織",
            "confidence": 0.85
          }
        ],
        "missing_waypoint_locations": null,
        "provenance": "character-routes.json → derive_routes_geojson.py",
        "source": "bing_gang",
        "confidence": 0.8,
        "review_status": "needs_review"
      }
    },
    {
      "type": "Feature",
      "geometry": {
        "type": "LineString",
        "coordinates": [
          [
            114.270469329366,
            22.343124399176013
          ],
          [
            114.270469329366,
            22.343124399176013
          ],
          [
            113.9859011215381,
            22.415539902342257
          ],
          [
            114.265,
            22.317
          ],
          [
            114.01747081712062,
            22.22027264057374
          ],
          [
            114.270469329366,
            22.343124399176013
          ],
          [
            114.262,
            22.328
          ],
          [
            114.262,
            22.328
          ],
          [
            114.245,
            22.302
          ],
          [
            114.270469329366,
            22.343124399176013
          ],
          [
            114.262,
            22.328
          ],
          [
            114.270469329366,
            22.343124399176013
          ],
          [
            114.01747081712062,
            22.22027264057374
          ],
          [
            114.262,
            22.328
          ],
          [
            114.270469329366,
            22.343124399176013
          ],
          [
            114.01747081712062,
            22.22027264057374
          ],
          [
            113.91846143282216,
            22.43594441901274
          ],
          [
            114.01747081712062,
            22.22027264057374
          ],
          [
            114.270469329366,
            22.343124399176013
          ],
          [
            114.270469329366,
            22.343124399176013
          ],
          [
            113.98556145571068,
            22.375904745555808
          ],
          [
            114.270469329366,
            22.343124399176013
          ],
          [
            114.13697550926986,
            22.332284390020597
          ],
          [
            114.270469329366,
            22.343124399176013
          ],
          [
            114.270469329366,
            22.343124399176013
          ],
          [
            114.24518020141909,
            22.32275745021744
          ],
          [
            114.07541908903639,
            22.419121347371632
          ]
        ]
      },
      "properties": {
        "id": "route_ent_b14b0605ce_010",
        "character_id": "ent_b14b0605ce",
        "character_name": "大舊",
        "color": "#F39C12",
        "chapters_span": [
          2,
          197
        ],
        "chapters": [
          2,
          16,
          17,
          18,
          19,
          25,
          33,
          36,
          39,
          59,
          63,
          67,
          68,
          71,
          105,
          106,
          108,
          109,
          148,
          172,
          173,
          174,
          175,
          191,
          192,
          195,
          197
        ],
        "precision": "fictional",
        "waypoints": [
          {
            "location_id": "loc_0004",
            "chapter": 2,
            "note": "大本營",
            "confidence": 0.85
          },
          {
            "location_id": "loc_0004",
            "chapter": 16,
            "note": "大本營",
            "confidence": 0.85
          },
          {
            "location_id": "loc_0078",
            "chapter": 17,
            "note": "宿舍",
            "confidence": 0.85
          },
          {
            "location_id": "loc_0029",
            "chapter": 18,
            "note": "商場",
            "confidence": 0.85
          },
          {
            "location_id": "loc_0592",
            "chapter": 19,
            "note": "不良人",
            "confidence": 0.85
          },
          {
            "location_id": "loc_0004",
            "chapter": 25,
            "note": "大本營",
            "confidence": 0.85
          },
          {
            "location_id": "loc_0104",
            "chapter": 33,
            "note": "學堂",
            "confidence": 0.85
          },
          {
            "location_id": "loc_0104",
            "chapter": 36,
            "note": "學堂",
            "confidence": 0.85
          },
          {
            "location_id": "loc_0125",
            "chapter": 39,
            "note": "靈實醫院",
            "confidence": 0.85
          },
          {
            "location_id": "loc_0004",
            "chapter": 59,
            "note": "大本營",
            "confidence": 0.85
          },
          {
            "location_id": "loc_0104",
            "chapter": 63,
            "note": "學堂",
            "confidence": 0.85
          },
          {
            "location_id": "loc_0004",
            "chapter": 67,
            "note": "大本營",
            "confidence": 0.85
          },
          {
            "location_id": "loc_0592",
            "chapter": 68,
            "note": "不良人",
            "confidence": 0.85
          },
          {
            "location_id": "loc_0104",
            "chapter": 71,
            "note": "學堂",
            "confidence": 0.85
          },
          {
            "location_id": "loc_0004",
            "chapter": 105,
            "note": "大本營",
            "confidence": 0.85
          },
          {
            "location_id": "loc_0592",
            "chapter": 106,
            "note": "不良人",
            "confidence": 0.85
          },
          {
            "location_id": "loc_0006",
            "chapter": 108,
            "note": "醫療室",
            "confidence": 0.85
          },
          {
            "location_id": "loc_0592",
            "chapter": 109,
            "note": "不良人",
            "confidence": 0.85
          },
          {
            "location_id": "loc_0004",
            "chapter": 148,
            "note": "大本營",
            "confidence": 0.85
          },
          {
            "location_id": "loc_0004",
            "chapter": 172,
            "note": "大本營",
            "confidence": 0.85
          },
          {
            "location_id": "loc_0612",
            "chapter": 173,
            "note": "領導房",
            "confidence": 0.85
          },
          {
            "location_id": "loc_0004",
            "chapter": 174,
            "note": "大本營",
            "confidence": 0.85
          },
          {
            "location_id": "loc_0092",
            "chapter": 175,
            "note": "D橦大樓",
            "confidence": 0.85
          },
          {
            "location_id": "loc_0004",
            "chapter": 191,
            "note": "大本營",
            "confidence": 0.85
          },
          {
            "location_id": "loc_0004",
            "chapter": 192,
            "note": "大本營",
            "confidence": 0.85
          },
          {
            "location_id": "loc_0635",
            "chapter": 195,
            "note": "艾寶琳",
            "confidence": 0.85
          },
          {
            "location_id": "loc_0705",
            "chapter": 197,
            "note": "力霸健身",
            "confidence": 0.85
          }
        ],
        "missing_waypoint_locations": null,
        "provenance": "character-routes.json → derive_routes_geojson.py",
        "source": "bing_gang",
        "confidence": 0.8,
        "review_status": "needs_review"
      }
    },
    {
      "type": "Feature",
      "geometry": {
        "type": "LineString",
        "coordinates": [
          [
            114.270469329366,
            22.343124399176013
          ],
          [
            114.20982421606774,
            22.223790531776913
          ],
          [
            114.27001918822005,
            22.34131086442359
          ],
          [
            113.9859011215381,
            22.415539902342257
          ],
          [
            114.20982421606774,
            22.223790531776913
          ],
          [
            114.270469329366,
            22.343124399176013
          ],
          [
            114.270469329366,
            22.343124399176013
          ],
          [
            114.01747081712062,
            22.22027264057374
          ],
          [
            114.270469329366,
            22.343124399176013
          ]
        ]
      },
      "properties": {
        "id": "route_ent_369e54e80b_011",
        "character_id": "ent_369e54e80b",
        "character_name": "天明",
        "color": "#E67E22",
        "chapters_span": [
          8,
          72
        ],
        "chapters": [
          8,
          9,
          10,
          11,
          14,
          22,
          67,
          71,
          72
        ],
        "precision": "fictional",
        "waypoints": [
          {
            "location_id": "loc_0004",
            "chapter": 8,
            "note": "大本營",
            "confidence": 0.85
          },
          {
            "location_id": "loc_0013",
            "chapter": 9,
            "note": "病窩",
            "confidence": 0.85
          },
          {
            "location_id": "loc_0038",
            "chapter": 10,
            "note": "大本營A樓七樓０４號活動室",
            "confidence": 0.85
          },
          {
            "location_id": "loc_0078",
            "chapter": 11,
            "note": "宿舍",
            "confidence": 0.85
          },
          {
            "location_id": "loc_0013",
            "chapter": 14,
            "note": "病窩",
            "confidence": 0.85
          },
          {
            "location_id": "loc_0004",
            "chapter": 22,
            "note": "大本營",
            "confidence": 0.85
          },
          {
            "location_id": "loc_0004",
            "chapter": 67,
            "note": "大本營",
            "confidence": 0.85
          },
          {
            "location_id": "loc_0592",
            "chapter": 71,
            "note": "不良人",
            "confidence": 0.85
          },
          {
            "location_id": "loc_0004",
            "chapter": 72,
            "note": "大本營",
            "confidence": 0.85
          }
        ],
        "missing_waypoint_locations": null,
        "provenance": "character-routes.json → derive_routes_geojson.py",
        "source": "bing_gang",
        "confidence": 0.8,
        "review_status": "needs_review"
      }
    },
    {
      "type": "Feature",
      "geometry": {
        "type": "LineString",
        "coordinates": [
          [
            114.26193724727246,
            22.31970370794232
          ],
          [
            114.26193724727246,
            22.31970370794232
          ],
          [
            114.28348565651942,
            22.337559433890288
          ],
          [
            114.01142732890821,
            22.298148508430607
          ],
          [
            114.28348565651942,
            22.337559433890288
          ],
          [
            113.90329182879377,
            22.357059166857404
          ],
          [
            114.01142732890821,
            22.298148508430607
          ],
          [
            114.23660798809796,
            22.32697296864271
          ],
          [
            114.26193724727246,
            22.31970370794232
          ],
          [
            114.28348565651942,
            22.337559433890288
          ],
          [
            114.28348565651942,
            22.337559433890288
          ],
          [
            114.26051132982376,
            22.30539364461738
          ],
          [
            114.26193724727246,
            22.31970370794232
          ],
          [
            114.26193724727246,
            22.31970370794232
          ],
          [
            114.28348565651942,
            22.337559433890288
          ],
          [
            114.23660798809796,
            22.32697296864271
          ],
          [
            114.28348565651942,
            22.337559433890288
          ],
          [
            114.26193724727246,
            22.31970370794232
          ],
          [
            114.20982421606774,
            22.223790531776913
          ],
          [
            114.26193724727246,
            22.31970370794232
          ],
          [
            113.99833417257953,
            22.359952735179675
          ],
          [
            114.27802401007096,
            22.320983154039826
          ],
          [
            114.26193724727246,
            22.31970370794232
          ],
          [
            113.90155504692149,
            22.285093804837107
          ],
          [
            114.23660798809796,
            22.32697296864271
          ],
          [
            114.270469329366,
            22.343124399176013
          ]
        ]
      },
      "properties": {
        "id": "route_ent_970c603b4f_012",
        "character_id": "ent_970c603b4f",
        "character_name": "奎斯",
        "color": "#1ABC9C",
        "chapters_span": [
          117,
          192
        ],
        "chapters": [
          117,
          125,
          126,
          127,
          128,
          129,
          130,
          132,
          133,
          134,
          135,
          144,
          145,
          146,
          147,
          175,
          176,
          178,
          179,
          180,
          182,
          184,
          186,
          189,
          191,
          192
        ],
        "precision": "fictional",
        "waypoints": [
          {
            "location_id": "loc_0399",
            "chapter": 117,
            "note": "病獵公會",
            "confidence": 0.85
          },
          {
            "location_id": "loc_0399",
            "chapter": 125,
            "note": "病獵公會",
            "confidence": 0.85
          },
          {
            "location_id": "loc_0634",
            "chapter": 126,
            "note": "病者平權組織",
            "confidence": 0.85
          },
          {
            "location_id": "loc_0332",
            "chapter": 127,
            "note": "教堂",
            "confidence": 0.85
          },
          {
            "location_id": "loc_0634",
            "chapter": 128,
            "note": "病者平權組織",
            "confidence": 0.85
          },
          {
            "location_id": "loc_0422",
            "chapter": 129,
            "note": "寶藏房",
            "confidence": 0.85
          },
          {
            "location_id": "loc_0332",
            "chapter": 130,
            "note": "教堂",
            "confidence": 0.85
          },
          {
            "location_id": "loc_0435",
            "chapter": 132,
            "note": "艾寶琳倖存區",
            "confidence": 0.85
          },
          {
            "location_id": "loc_0399",
            "chapter": 133,
            "note": "病獵公會",
            "confidence": 0.85
          },
          {
            "location_id": "loc_0634",
            "chapter": 134,
            "note": "病者平權組織",
            "confidence": 0.85
          },
          {
            "location_id": "loc_0634",
            "chapter": 135,
            "note": "病者平權組織",
            "confidence": 0.85
          },
          {
            "location_id": "loc_0365",
            "chapter": 144,
            "note": "哈姆雷特",
            "confidence": 0.85
          },
          {
            "location_id": "loc_0399",
            "chapter": 145,
            "note": "病獵公會",
            "confidence": 0.85
          },
          {
            "location_id": "loc_0399",
            "chapter": 146,
            "note": "病獵公會",
            "confidence": 0.85
          },
          {
            "location_id": "loc_0634",
            "chapter": 147,
            "note": "病者平權組織",
            "confidence": 0.85
          },
          {
            "location_id": "loc_0435",
            "chapter": 175,
            "note": "艾寶琳倖存區",
            "confidence": 0.85
          },
          {
            "location_id": "loc_0634",
            "chapter": 176,
            "note": "病者平權組織",
            "confidence": 0.85
          },
          {
            "location_id": "loc_0399",
            "chapter": 178,
            "note": "病獵公會",
            "confidence": 0.85
          },
          {
            "location_id": "loc_0013",
            "chapter": 179,
            "note": "病窩",
            "confidence": 0.85
          },
          {
            "location_id": "loc_0399",
            "chapter": 180,
            "note": "病獵公會",
            "confidence": 0.85
          },
          {
            "location_id": "loc_0647",
            "chapter": 182,
            "note": "對面大樓",
            "confidence": 0.85
          },
          {
            "location_id": "loc_0651",
            "chapter": 184,
            "note": "坑口體育館",
            "confidence": 0.85
          },
          {
            "location_id": "loc_0399",
            "chapter": 186,
            "note": "病獵公會",
            "confidence": 0.85
          },
          {
            "location_id": "loc_0675",
            "chapter": 189,
            "note": "體育館",
            "confidence": 0.85
          },
          {
            "location_id": "loc_0435",
            "chapter": 191,
            "note": "艾寶琳倖存區",
            "confidence": 0.85
          },
          {
            "location_id": "loc_0004",
            "chapter": 192,
            "note": "大本營",
            "confidence": 0.85
          }
        ],
        "missing_waypoint_locations": null,
        "provenance": "character-routes.json → derive_routes_geojson.py",
        "source": "bing_gang",
        "confidence": 0.8,
        "review_status": "needs_review"
      }
    },
    {
      "type": "Feature",
      "geometry": {
        "type": "LineString",
        "coordinates": [
          [
            114.2127530327306,
            22.404227321278704
          ],
          [
            114.270469329366,
            22.343124399176013
          ],
          [
            114.01747081712062,
            22.22027264057374
          ],
          [
            113.97539070725566,
            22.383202220187684
          ],
          [
            113.9853563744564,
            22.302395399404897
          ],
          [
            114.262,
            22.328
          ],
          [
            114.270469329366,
            22.343124399176013
          ],
          [
            114.24551476310369,
            22.370663424124512
          ],
          [
            113.97622384985122,
            22.42473277637903
          ],
          [
            114.01747081712062,
            22.22027264057374
          ],
          [
            114.01747081712062,
            22.22027264057374
          ],
          [
            114.0093701075761,
            22.334067635614556
          ],
          [
            114.272,
            22.318
          ],
          [
            113.99131654840924,
            22.383751773861295
          ],
          [
            114.245,
            22.302
          ]
        ]
      },
      "properties": {
        "id": "route_ent_82a21d93ae_013",
        "character_id": "ent_82a21d93ae",
        "character_name": "娃娃",
        "color": "#1ABC9C",
        "chapters_span": [
          47,
          178
        ],
        "chapters": [
          47,
          61,
          62,
          64,
          65,
          66,
          72,
          74,
          75,
          79,
          85,
          88,
          132,
          142,
          178
        ],
        "precision": "fictional",
        "waypoints": [
          {
            "location_id": "loc_0152",
            "chapter": 47,
            "note": "地下層",
            "confidence": 0.85
          },
          {
            "location_id": "loc_0004",
            "chapter": 61,
            "note": "大本營",
            "confidence": 0.85
          },
          {
            "location_id": "loc_0592",
            "chapter": 62,
            "note": "不良人",
            "confidence": 0.85
          },
          {
            "location_id": "loc_0028",
            "chapter": 64,
            "note": "休息室",
            "confidence": 0.85
          },
          {
            "location_id": "loc_0191",
            "chapter": 65,
            "note": "工坊四樓珠寶室",
            "confidence": 0.85
          },
          {
            "location_id": "loc_0104",
            "chapter": 66,
            "note": "學堂",
            "confidence": 0.85
          },
          {
            "location_id": "loc_0004",
            "chapter": 72,
            "note": "大本營",
            "confidence": 0.85
          },
          {
            "location_id": "loc_0235",
            "chapter": 74,
            "note": "操場斷頭台",
            "confidence": 0.85
          },
          {
            "location_id": "loc_0246",
            "chapter": 75,
            "note": "不良人據點",
            "confidence": 0.85
          },
          {
            "location_id": "loc_0592",
            "chapter": 79,
            "note": "不良人",
            "confidence": 0.85
          },
          {
            "location_id": "loc_0592",
            "chapter": 85,
            "note": "不良人",
            "confidence": 0.85
          },
          {
            "location_id": "loc_0305",
            "chapter": 88,
            "note": "街市",
            "confidence": 0.85
          },
          {
            "location_id": "loc_0143",
            "chapter": 132,
            "note": "醫院",
            "confidence": 0.85
          },
          {
            "location_id": "loc_0207",
            "chapter": 142,
            "note": "病房",
            "confidence": 0.85
          },
          {
            "location_id": "loc_0125",
            "chapter": 178,
            "note": "靈實醫院",
            "confidence": 0.85
          }
        ],
        "missing_waypoint_locations": null,
        "provenance": "character-routes.json → derive_routes_geojson.py",
        "source": "bing_gang",
        "confidence": 0.8,
        "review_status": "needs_review"
      }
    },
    {
      "type": "Feature",
      "geometry": {
        "type": "LineString",
        "coordinates": [
          [
            114.265,
            22.317
          ],
          [
            114.270469329366,
            22.343124399176013
          ],
          [
            114.270469329366,
            22.343124399176013
          ],
          [
            114.27968001831083,
            22.356965705348287
          ],
          [
            114.01747081712062,
            22.22027264057374
          ],
          [
            114.01747081712062,
            22.22027264057374
          ],
          [
            114.26471467154956,
            22.31339597161822
          ],
          [
            114.270469329366,
            22.343124399176013
          ],
          [
            114.270469329366,
            22.343124399176013
          ],
          [
            114.01747081712062,
            22.22027264057374
          ],
          [
            114.270469329366,
            22.343124399176013
          ],
          [
            114.270469329366,
            22.343124399176013
          ],
          [
            114.01747081712062,
            22.22027264057374
          ],
          [
            114.270469329366,
            22.343124399176013
          ],
          [
            114.26706111238269,
            22.41361085679408
          ],
          [
            114.1601625085832,
            22.279224422064544
          ],
          [
            114.01150423437858,
            22.24491657129778
          ],
          [
            114.01747081712062,
            22.22027264057374
          ],
          [
            114.262,
            22.328
          ],
          [
            114.01747081712062,
            22.22027264057374
          ],
          [
            114.270469329366,
            22.343124399176013
          ],
          [
            114.270469329366,
            22.343124399176013
          ],
          [
            114.2773751888304,
            22.29762146944381
          ],
          [
            114.270469329366,
            22.343124399176013
          ],
          [
            114.28306527046617,
            22.336107919432365
          ],
          [
            113.89597940032044,
            22.436236018921186
          ],
          [
            114.28306527046617,
            22.336107919432365
          ],
          [
            114.270469329366,
            22.343124399176013
          ],
          [
            114.270469329366,
            22.343124399176013
          ],
          [
            114.26407465476464,
            22.32506420233463
          ],
          [
            114.270469329366,
            22.343124399176013
          ],
          [
            114.270469329366,
            22.343124399176013
          ]
        ]
      },
      "properties": {
        "id": "route_ent_8921c909f4_014",
        "character_id": "ent_8921c909f4",
        "character_name": "少佐",
        "color": "#F39C12",
        "chapters_span": [
          9,
          198
        ],
        "chapters": [
          9,
          11,
          14,
          15,
          17,
          19,
          20,
          21,
          25,
          26,
          33,
          34,
          38,
          61,
          62,
          65,
          66,
          68,
          71,
          96,
          105,
          150,
          151,
          152,
          156,
          158,
          162,
          163,
          164,
          167,
          169,
          170,
          198
        ],
        "precision": "fictional",
        "waypoints": [
          {
            "location_id": "loc_0029",
            "chapter": 9,
            "note": "商場",
            "confidence": 0.85
          },
          {
            "location_id": "loc_0004",
            "chapter": 11,
            "note": "大本營",
            "confidence": 0.85
          },
          {
            "location_id": "loc_0004",
            "chapter": 14,
            "note": "大本營",
            "confidence": 0.85
          },
          {
            "location_id": "loc_0654",
            "chapter": 15,
            "note": "城市",
            "confidence": 0.85
          },
          {
            "location_id": "loc_0592",
            "chapter": 17,
            "note": "不良人",
            "confidence": 0.85
          },
          {
            "location_id": "loc_0592",
            "chapter": 19,
            "note": "不良人",
            "confidence": 0.85
          },
          {
            "location_id": "loc_0073",
            "chapter": 20,
            "note": "尚德商場",
            "confidence": 0.85
          },
          {
            "location_id": "loc_0004",
            "chapter": 21,
            "note": "大本營",
            "confidence": 0.85
          },
          {
            "location_id": "loc_0004",
            "chapter": 25,
            "note": "大本營",
            "confidence": 0.85
          },
          {
            "location_id": "loc_0592",
            "chapter": 26,
            "note": "不良人",
            "confidence": 0.85
          },
          {
            "location_id": "loc_0004",
            "chapter": 33,
            "note": "大本營",
            "confidence": 0.85
          },
          {
            "location_id": "loc_0004",
            "chapter": 34,
            "note": "大本營",
            "confidence": 0.85
          },
          {
            "location_id": "loc_0592",
            "chapter": 38,
            "note": "不良人",
            "confidence": 0.85
          },
          {
            "location_id": "loc_0004",
            "chapter": 61,
            "note": "大本營",
            "confidence": 0.85
          },
          {
            "location_id": "loc_0185",
            "chapter": 62,
            "note": "七樓以下",
            "confidence": 0.85
          },
          {
            "location_id": "loc_0111",
            "chapter": 65,
            "note": "董倫私人會所",
            "confidence": 0.85
          },
          {
            "location_id": "loc_0194",
            "chapter": 66,
            "note": "醫療大樓",
            "confidence": 0.85
          },
          {
            "location_id": "loc_0592",
            "chapter": 68,
            "note": "不良人",
            "confidence": 0.85
          },
          {
            "location_id": "loc_0104",
            "chapter": 71,
            "note": "學堂",
            "confidence": 0.85
          },
          {
            "location_id": "loc_0592",
            "chapter": 96,
            "note": "不良人",
            "confidence": 0.85
          },
          {
            "location_id": "loc_0004",
            "chapter": 105,
            "note": "大本營",
            "confidence": 0.85
          },
          {
            "location_id": "loc_0004",
            "chapter": 150,
            "note": "大本營",
            "confidence": 0.85
          },
          {
            "location_id": "loc_0471",
            "chapter": 152,
            "note": "康城",
            "confidence": 0.85
          },
          {
            "location_id": "loc_0004",
            "chapter": 156,
            "note": "大本營",
            "confidence": 0.85
          },
          {
            "location_id": "loc_0486",
            "chapter": 158,
            "note": "康城倖存區",
            "confidence": 0.85
          },
          {
            "location_id": "loc_0587",
            "chapter": 162,
            "note": "電視台",
            "confidence": 0.85
          },
          {
            "location_id": "loc_0486",
            "chapter": 163,
            "note": "康城倖存區",
            "confidence": 0.85
          },
          {
            "location_id": "loc_0004",
            "chapter": 164,
            "note": "大本營",
            "confidence": 0.85
          },
          {
            "location_id": "loc_0004",
            "chapter": 167,
            "note": "大本營",
            "confidence": 0.85
          },
          {
            "location_id": "loc_0224",
            "chapter": 169,
            "note": "倖存區",
            "confidence": 0.85
          },
          {
            "location_id": "loc_0004",
            "chapter": 170,
            "note": "大本營",
            "confidence": 0.85
          },
          {
            "location_id": "loc_0004",
            "chapter": 198,
            "note": "大本營",
            "confidence": 0.85
          }
        ],
        "missing_waypoint_locations": [
          "Sona"
        ],
        "provenance": "character-routes.json → derive_routes_geojson.py",
        "source": "bing_gang",
        "confidence": 0.8,
        "review_status": "needs_review"
      }
    },
    {
      "type": "Feature",
      "geometry": {
        "type": "LineString",
        "coordinates": [
          [
            114.21530373083085,
            22.391583848325322
          ],
          [
            114.2610808346685,
            22.34296494239719
          ],
          [
            114.270469329366,
            22.343124399176013
          ],
          [
            114.09893293659876,
            22.237252727550164
          ],
          [
            114.270469329366,
            22.343124399176013
          ],
          [
            114.270469329366,
            22.343124399176013
          ],
          [
            114.26050022888533,
            22.344081521324483
          ],
          [
            114.270469329366,
            22.343124399176013
          ]
        ]
      },
      "properties": {
        "id": "route_ent_d3e319e76e_015",
        "character_id": "ent_d3e319e76e",
        "character_name": "愛紗",
        "color": "#9B59B6",
        "chapters_span": [
          57,
          198
        ],
        "chapters": [
          57,
          58,
          59,
          62,
          63,
          192,
          195,
          198
        ],
        "precision": "fictional",
        "waypoints": [
          {
            "location_id": "loc_0158",
            "chapter": 57,
            "note": "工坊",
            "confidence": 0.85
          },
          {
            "location_id": "loc_0597",
            "chapter": 58,
            "note": "大本營C橦工坊",
            "confidence": 0.85
          },
          {
            "location_id": "loc_0004",
            "chapter": 59,
            "note": "大本營",
            "confidence": 0.85
          },
          {
            "location_id": "loc_0052",
            "chapter": 62,
            "note": "市集",
            "confidence": 0.85
          },
          {
            "location_id": "loc_0004",
            "chapter": 63,
            "note": "大本營",
            "confidence": 0.85
          },
          {
            "location_id": "loc_0004",
            "chapter": 192,
            "note": "大本營",
            "confidence": 0.85
          },
          {
            "location_id": "loc_0209",
            "chapter": 195,
            "note": "大本營廣場",
            "confidence": 0.85
          },
          {
            "location_id": "loc_0004",
            "chapter": 198,
            "note": "大本營",
            "confidence": 0.85
          }
        ],
        "missing_waypoint_locations": null,
        "provenance": "character-routes.json → derive_routes_geojson.py",
        "source": "bing_gang",
        "confidence": 0.8,
        "review_status": "needs_review"
      }
    },
    {
      "type": "Feature",
      "geometry": {
        "type": "LineString",
        "coordinates": [
          [
            114.28306527046617,
            22.336107919432365
          ],
          [
            114.26407465476464,
            22.32506420233463
          ],
          [
            114.26407465476464,
            22.32506420233463
          ],
          [
            113.94484000915541,
            22.435364957656212
          ],
          [
            113.94484000915541,
            22.435364957656212
          ],
          [
            114.28306527046617,
            22.336107919432365
          ],
          [
            114.28306527046617,
            22.336107919432365
          ],
          [
            114.2773751888304,
            22.29762146944381
          ]
        ]
      },
      "properties": {
        "id": "route_ent_92f5c87f6d_016",
        "character_id": "ent_92f5c87f6d",
        "character_name": "明雲",
        "color": "#F39C12",
        "chapters_span": [
          152,
          191
        ],
        "chapters": [
          152,
          153,
          155,
          156,
          158,
          162,
          164,
          165,
          191
        ],
        "precision": "fictional",
        "waypoints": [
          {
            "location_id": "loc_0486",
            "chapter": 152,
            "note": "康城倖存區",
            "confidence": 0.85
          },
          {
            "location_id": "loc_0224",
            "chapter": 153,
            "note": "倖存區",
            "confidence": 0.85
          },
          {
            "location_id": "loc_0224",
            "chapter": 156,
            "note": "倖存區",
            "confidence": 0.85
          },
          {
            "location_id": "loc_0552",
            "chapter": 158,
            "note": "不法者監獄",
            "confidence": 0.85
          },
          {
            "location_id": "loc_0552",
            "chapter": 162,
            "note": "不法者監獄",
            "confidence": 0.85
          },
          {
            "location_id": "loc_0486",
            "chapter": 164,
            "note": "康城倖存區",
            "confidence": 0.85
          },
          {
            "location_id": "loc_0486",
            "chapter": 165,
            "note": "康城倖存區",
            "confidence": 0.85
          },
          {
            "location_id": "loc_0471",
            "chapter": 191,
            "note": "康城",
            "confidence": 0.85
          }
        ],
        "missing_waypoint_locations": [
          "Sona"
        ],
        "provenance": "character-routes.json → derive_routes_geojson.py",
        "source": "bing_gang",
        "confidence": 0.8,
        "review_status": "needs_review"
      }
    },
    {
      "type": "Feature",
      "geometry": {
        "type": "LineString",
        "coordinates": [
          [
            114.272,
            22.318
          ],
          [
            114.23175509269855,
            22.260281643396656
          ],
          [
            114.01747081712062,
            22.22027264057374
          ],
          [
            114.01747081712062,
            22.22027264057374
          ],
          [
            114.270469329366,
            22.343124399176013
          ],
          [
            114.01747081712062,
            22.22027264057374
          ],
          [
            114.270469329366,
            22.343124399176013
          ],
          [
            114.245,
            22.302
          ],
          [
            114.01747081712062,
            22.22027264057374
          ],
          [
            114.245,
            22.302
          ],
          [
            114.26407465476464,
            22.32506420233463
          ],
          [
            114.24353826962692,
            22.326264888990615
          ],
          [
            114.26051132982376,
            22.30539364461738
          ],
          [
            114.26051132982376,
            22.30539364461738
          ],
          [
            114.245,
            22.302
          ],
          [
            114.26051132982376,
            22.30539364461738
          ],
          [
            114.245,
            22.302
          ],
          [
            114.15187594415198,
            22.219618410009918
          ],
          [
            114.3026170748455,
            22.313621995880062
          ],
          [
            114.01747081712062,
            22.22027264057374
          ],
          [
            114.26407465476464,
            22.32506420233463
          ],
          [
            114.25740151064316,
            22.316948409246965
          ],
          [
            114.26407465476464,
            22.32506420233463
          ],
          [
            114.245,
            22.302
          ],
          [
            114.26051132982376,
            22.30539364461738
          ],
          [
            114.27585397116044,
            22.342389448386356
          ],
          [
            114.23660798809796,
            22.32697296864271
          ],
          [
            114.245,
            22.302
          ],
          [
            114.245,
            22.302
          ],
          [
            114.26346985580224,
            22.31863094529641
          ],
          [
            114.23660798809796,
            22.32697296864271
          ],
          [
            114.26348802929732,
            22.315439230945294
          ],
          [
            114.01747081712062,
            22.22027264057374
          ],
          [
            114.270469329366,
            22.343124399176013
          ],
          [
            114.07541908903639,
            22.419121347371632
          ]
        ]
      },
      "properties": {
        "id": "route_ent_0ad2def3f5_017",
        "character_id": "ent_0ad2def3f5",
        "character_name": "滿天",
        "color": "#E67E22",
        "chapters_span": [
          53,
          197
        ],
        "chapters": [
          53,
          54,
          55,
          57,
          58,
          65,
          67,
          74,
          84,
          88,
          97,
          113,
          118,
          119,
          121,
          123,
          126,
          131,
          133,
          135,
          136,
          137,
          138,
          143,
          144,
          163,
          168,
          171,
          178,
          179,
          181,
          191,
          193,
          195,
          197
        ],
        "precision": "fictional",
        "waypoints": [
          {
            "location_id": "loc_0143",
            "chapter": 53,
            "note": "醫院",
            "confidence": 0.85
          },
          {
            "location_id": "loc_0155",
            "chapter": 54,
            "note": "秘密通道",
            "confidence": 0.85
          },
          {
            "location_id": "loc_0592",
            "chapter": 55,
            "note": "不良人",
            "confidence": 0.85
          },
          {
            "location_id": "loc_0592",
            "chapter": 57,
            "note": "不良人",
            "confidence": 0.85
          },
          {
            "location_id": "loc_0004",
            "chapter": 58,
            "note": "大本營",
            "confidence": 0.85
          },
          {
            "location_id": "loc_0592",
            "chapter": 65,
            "note": "不良人",
            "confidence": 0.85
          },
          {
            "location_id": "loc_0004",
            "chapter": 67,
            "note": "大本營",
            "confidence": 0.85
          },
          {
            "location_id": "loc_0125",
            "chapter": 74,
            "note": "靈實醫院",
            "confidence": 0.85
          },
          {
            "location_id": "loc_0592",
            "chapter": 84,
            "note": "不良人",
            "confidence": 0.85
          },
          {
            "location_id": "loc_0125",
            "chapter": 88,
            "note": "靈實醫院",
            "confidence": 0.85
          },
          {
            "location_id": "loc_0224",
            "chapter": 97,
            "note": "倖存區",
            "confidence": 0.85
          },
          {
            "location_id": "loc_0230",
            "chapter": 113,
            "note": "艾寶琳共和國",
            "confidence": 0.85
          },
          {
            "location_id": "loc_0365",
            "chapter": 118,
            "note": "哈姆雷特",
            "confidence": 0.85
          },
          {
            "location_id": "loc_0365",
            "chapter": 119,
            "note": "哈姆雷特",
            "confidence": 0.85
          },
          {
            "location_id": "loc_0125",
            "chapter": 121,
            "note": "靈實醫院",
            "confidence": 0.85
          },
          {
            "location_id": "loc_0365",
            "chapter": 123,
            "note": "哈姆雷特",
            "confidence": 0.85
          },
          {
            "location_id": "loc_0125",
            "chapter": 126,
            "note": "靈實醫院",
            "confidence": 0.85
          },
          {
            "location_id": "loc_0427",
            "chapter": 131,
            "note": "研究室",
            "confidence": 0.85
          },
          {
            "location_id": "loc_0437",
            "chapter": 133,
            "note": "皇室區",
            "confidence": 0.85
          },
          {
            "location_id": "loc_0592",
            "chapter": 135,
            "note": "不良人",
            "confidence": 0.85
          },
          {
            "location_id": "loc_0224",
            "chapter": 136,
            "note": "倖存區",
            "confidence": 0.85
          },
          {
            "location_id": "loc_0443",
            "chapter": 137,
            "note": "新都城二期",
            "confidence": 0.85
          },
          {
            "location_id": "loc_0224",
            "chapter": 138,
            "note": "倖存區",
            "confidence": 0.85
          },
          {
            "location_id": "loc_0125",
            "chapter": 143,
            "note": "靈實醫院",
            "confidence": 0.85
          },
          {
            "location_id": "loc_0365",
            "chapter": 144,
            "note": "哈姆雷特",
            "confidence": 0.85
          },
          {
            "location_id": "loc_0618",
            "chapter": 163,
            "note": "翠林村",
            "confidence": 0.85
          },
          {
            "location_id": "loc_0435",
            "chapter": 168,
            "note": "艾寶琳倖存區",
            "confidence": 0.85
          },
          {
            "location_id": "loc_0125",
            "chapter": 171,
            "note": "靈實醫院",
            "confidence": 0.85
          },
          {
            "location_id": "loc_0125",
            "chapter": 178,
            "note": "靈實醫院",
            "confidence": 0.85
          },
          {
            "location_id": "loc_0380",
            "chapter": 179,
            "note": "寶康公園",
            "confidence": 0.85
          },
          {
            "location_id": "loc_0435",
            "chapter": 181,
            "note": "艾寶琳倖存區",
            "confidence": 0.85
          },
          {
            "location_id": "loc_0382",
            "chapter": 191,
            "note": "新都城三期",
            "confidence": 0.85
          },
          {
            "location_id": "loc_0592",
            "chapter": 193,
            "note": "不良人",
            "confidence": 0.85
          },
          {
            "location_id": "loc_0004",
            "chapter": 195,
            "note": "大本營",
            "confidence": 0.85
          },
          {
            "location_id": "loc_0705",
            "chapter": 197,
            "note": "力霸健身",
            "confidence": 0.85
          }
        ],
        "missing_waypoint_locations": null,
        "provenance": "character-routes.json → derive_routes_geojson.py",
        "source": "bing_gang",
        "confidence": 0.8,
        "review_status": "needs_review"
      }
    },
    {
      "type": "Feature",
      "geometry": {
        "type": "LineString",
        "coordinates": [
          [
            114.270469329366,
            22.343124399176013
          ],
          [
            114.06173632410162,
            22.354318875410083
          ],
          [
            114.265,
            22.317
          ],
          [
            114.270469329366,
            22.343124399176013
          ],
          [
            114.20982421606774,
            22.223790531776913
          ],
          [
            114.270469329366,
            22.343124399176013
          ],
          [
            114.21530373083085,
            22.391583848325322
          ],
          [
            114.270469329366,
            22.343124399176013
          ],
          [
            114.270469329366,
            22.343124399176013
          ]
        ]
      },
      "properties": {
        "id": "route_ent_f7fba74a62_018",
        "character_id": "ent_f7fba74a62",
        "character_name": "漢森",
        "color": "#E67E22",
        "chapters_span": [
          8,
          106
        ],
        "chapters": [
          8,
          9,
          10,
          11,
          14,
          22,
          62,
          63,
          106
        ],
        "precision": "fictional",
        "waypoints": [
          {
            "location_id": "loc_0004",
            "chapter": 8,
            "note": "大本營",
            "confidence": 0.85
          },
          {
            "location_id": "loc_0335",
            "chapter": 9,
            "note": "酒館",
            "confidence": 0.85
          },
          {
            "location_id": "loc_0029",
            "chapter": 10,
            "note": "商場",
            "confidence": 0.85
          },
          {
            "location_id": "loc_0004",
            "chapter": 11,
            "note": "大本營",
            "confidence": 0.85
          },
          {
            "location_id": "loc_0013",
            "chapter": 14,
            "note": "病窩",
            "confidence": 0.85
          },
          {
            "location_id": "loc_0004",
            "chapter": 22,
            "note": "大本營",
            "confidence": 0.85
          },
          {
            "location_id": "loc_0158",
            "chapter": 62,
            "note": "工坊",
            "confidence": 0.85
          },
          {
            "location_id": "loc_0004",
            "chapter": 63,
            "note": "大本營",
            "confidence": 0.85
          },
          {
            "location_id": "loc_0004",
            "chapter": 106,
            "note": "大本營",
            "confidence": 0.85
          }
        ],
        "missing_waypoint_locations": null,
        "provenance": "character-routes.json → derive_routes_geojson.py",
        "source": "bing_gang",
        "confidence": 0.8,
        "review_status": "needs_review"
      }
    },
    {
      "type": "Feature",
      "geometry": {
        "type": "LineString",
        "coordinates": [
          [
            114.04817532616158,
            22.326949607080184
          ],
          [
            114.265,
            22.317
          ],
          [
            114.01747081712062,
            22.22027264057374
          ],
          [
            114.270469329366,
            22.343124399176013
          ],
          [
            114.270469329366,
            22.343124399176013
          ],
          [
            114.26185397116045,
            22.31758461890593
          ],
          [
            114.270469329366,
            22.343124399176013
          ],
          [
            114.28348565651942,
            22.337559433890288
          ],
          [
            114.28348565651942,
            22.337559433890288
          ],
          [
            114.16610345616846,
            22.283351682307163
          ],
          [
            114.272,
            22.318
          ],
          [
            114.270469329366,
            22.343124399176013
          ],
          [
            114.26080922407874,
            22.334337109941252
          ],
          [
            114.29815655756465,
            22.419584916456852
          ],
          [
            114.26193724727246,
            22.31970370794232
          ],
          [
            114.24094948500802,
            22.328691989013503
          ],
          [
            114.0504504463264,
            22.417439040207523
          ]
        ]
      },
      "properties": {
        "id": "route_ent_d460958c66_019",
        "character_id": "ent_d460958c66",
        "character_name": "犬京",
        "color": "#F39C12",
        "chapters_span": [
          16,
          184
        ],
        "chapters": [
          16,
          18,
          19,
          23,
          25,
          32,
          67,
          103,
          104,
          128,
          142,
          144,
          175,
          178,
          180,
          181,
          184
        ],
        "precision": "fictional",
        "waypoints": [
          {
            "location_id": "loc_0054",
            "chapter": 16,
            "note": "二樓欄邊",
            "confidence": 0.85
          },
          {
            "location_id": "loc_0029",
            "chapter": 18,
            "note": "商場",
            "confidence": 0.85
          },
          {
            "location_id": "loc_0592",
            "chapter": 19,
            "note": "不良人",
            "confidence": 0.85
          },
          {
            "location_id": "loc_0004",
            "chapter": 23,
            "note": "大本營",
            "confidence": 0.85
          },
          {
            "location_id": "loc_0004",
            "chapter": 25,
            "note": "大本營",
            "confidence": 0.85
          },
          {
            "location_id": "loc_0067",
            "chapter": 32,
            "note": "廣場",
            "confidence": 0.85
          },
          {
            "location_id": "loc_0004",
            "chapter": 67,
            "note": "大本營",
            "confidence": 0.85
          },
          {
            "location_id": "loc_0634",
            "chapter": 103,
            "note": "病者平權組織",
            "confidence": 0.85
          },
          {
            "location_id": "loc_0634",
            "chapter": 104,
            "note": "病者平權組織",
            "confidence": 0.85
          },
          {
            "location_id": "loc_0416",
            "chapter": 128,
            "note": "寧養院",
            "confidence": 0.85
          },
          {
            "location_id": "loc_0143",
            "chapter": 142,
            "note": "醫院",
            "confidence": 0.85
          },
          {
            "location_id": "loc_0004",
            "chapter": 144,
            "note": "大本營",
            "confidence": 0.85
          },
          {
            "location_id": "loc_0469",
            "chapter": 175,
            "note": "病者之都",
            "confidence": 0.85
          },
          {
            "location_id": "loc_0625",
            "chapter": 178,
            "note": "靈實禮拜堂",
            "confidence": 0.85
          },
          {
            "location_id": "loc_0399",
            "chapter": 180,
            "note": "病獵公會",
            "confidence": 0.85
          },
          {
            "location_id": "loc_0636",
            "chapter": 181,
            "note": "艾寶琳聖堂",
            "confidence": 0.85
          },
          {
            "location_id": "loc_0208",
            "chapter": 184,
            "note": "六樓",
            "confidence": 0.85
          }
        ],
        "missing_waypoint_locations": null,
        "provenance": "character-routes.json → derive_routes_geojson.py",
        "source": "bing_gang",
        "confidence": 0.8,
        "review_status": "needs_review"
      }
    },
    {
      "type": "Feature",
      "geometry": {
        "type": "LineString",
        "coordinates": [
          [
            114.01747081712062,
            22.22027264057374
          ],
          [
            114.01747081712062,
            22.22027264057374
          ],
          [
            114.2415,
            22.3229
          ],
          [
            114.01747081712062,
            22.22027264057374
          ],
          [
            114.01747081712062,
            22.22027264057374
          ],
          [
            114.28348565651942,
            22.337559433890288
          ]
        ]
      },
      "properties": {
        "id": "route_ent_0314d499b9_020",
        "character_id": "ent_0314d499b9",
        "character_name": "王白蛋",
        "color": "#1ABC9C",
        "chapters_span": [
          73,
          97
        ],
        "chapters": [
          73,
          84,
          86,
          88,
          91,
          97
        ],
        "precision": "fictional",
        "waypoints": [
          {
            "location_id": "loc_0592",
            "chapter": 73,
            "note": "不良人",
            "confidence": 0.85
          },
          {
            "location_id": "loc_0592",
            "chapter": 84,
            "note": "不良人",
            "confidence": 0.85
          },
          {
            "location_id": "loc_0093",
            "chapter": 86,
            "note": "寶琳",
            "confidence": 0.85
          },
          {
            "location_id": "loc_0592",
            "chapter": 88,
            "note": "不良人",
            "confidence": 0.85
          },
          {
            "location_id": "loc_0592",
            "chapter": 91,
            "note": "不良人",
            "confidence": 0.85
          },
          {
            "location_id": "loc_0634",
            "chapter": 97,
            "note": "病者平權組織",
            "confidence": 0.85
          }
        ],
        "missing_waypoint_locations": null,
        "provenance": "character-routes.json → derive_routes_geojson.py",
        "source": "bing_gang",
        "confidence": 0.8,
        "review_status": "needs_review"
      }
    },
    {
      "type": "Feature",
      "geometry": {
        "type": "LineString",
        "coordinates": [
          [
            114.270469329366,
            22.343124399176013
          ],
          [
            114.14924834058137,
            22.301408445868617
          ],
          [
            113.99168184939344,
            22.40730033569848
          ],
          [
            113.99168184939344,
            22.40730033569848
          ],
          [
            113.941827878233,
            22.34932429236286
          ],
          [
            114.2812437628748,
            22.341869802395664
          ],
          [
            114.26037033646143,
            22.43586217288472
          ],
          [
            114.245,
            22.302
          ],
          [
            114.21530373083085,
            22.391583848325322
          ],
          [
            114.270469329366,
            22.343124399176013
          ],
          [
            114.270469329366,
            22.343124399176013
          ],
          [
            114.23559924467841,
            22.319103891050585
          ],
          [
            114.26193724727246,
            22.31970370794232
          ],
          [
            114.26193724727246,
            22.31970370794232
          ],
          [
            114.26407465476464,
            22.32506420233463
          ],
          [
            114.10332936598763,
            22.41442584115358
          ],
          [
            113.95463263904783,
            22.320672732127868
          ],
          [
            114.28348565651942,
            22.337559433890288
          ],
          [
            114.16610345616846,
            22.283351682307163
          ],
          [
            113.90329182879377,
            22.357059166857404
          ],
          [
            113.9011641107805,
            22.30211875333791
          ],
          [
            114.26193724727246,
            22.31970370794232
          ],
          [
            113.90385580224307,
            22.355014229037916
          ],
          [
            114.270469329366,
            22.343124399176013
          ],
          [
            114.270469329366,
            22.343124399176013
          ],
          [
            114.23660798809796,
            22.32697296864271
          ],
          [
            114.24677910276951,
            22.321030922407875
          ],
          [
            114.26193724727246,
            22.31970370794232
          ],
          [
            114.24518020141909,
            22.32275745021744
          ],
          [
            114.26987914854658,
            22.32303538567178
          ],
          [
            113.98074204623484,
            22.44631490806439
          ],
          [
            114.15187594415198,
            22.219618410009918
          ],
          [
            114.27188918135349,
            22.319613679713132
          ],
          [
            114.26193724727246,
            22.31970370794232
          ],
          [
            114.26193724727246,
            22.31970370794232
          ],
          [
            114.07541908903639,
            22.419121347371632
          ],
          [
            114.270469329366,
            22.343124399176013
          ]
        ]
      },
      "properties": {
        "id": "route_ent_d61cc93d26_021",
        "character_id": "ent_d61cc93d26",
        "character_name": "王達尼",
        "color": "#1ABC9C",
        "chapters_span": [
          22,
          198
        ],
        "chapters": [
          22,
          26,
          28,
          29,
          32,
          35,
          40,
          41,
          55,
          58,
          112,
          115,
          116,
          117,
          119,
          120,
          121,
          126,
          128,
          129,
          144,
          146,
          147,
          148,
          172,
          175,
          178,
          180,
          181,
          183,
          185,
          189,
          191,
          194,
          195,
          197,
          198
        ],
        "precision": "fictional",
        "waypoints": [
          {
            "location_id": "loc_0004",
            "chapter": 22,
            "note": "大本營",
            "confidence": 0.85
          },
          {
            "location_id": "loc_0095",
            "chapter": 26,
            "note": "李惠利大樓小型垃圾場",
            "confidence": 0.85
          },
          {
            "location_id": "loc_0107",
            "chapter": 28,
            "note": "董倫大宅",
            "confidence": 0.85
          },
          {
            "location_id": "loc_0107",
            "chapter": 29,
            "note": "董倫大宅",
            "confidence": 0.85
          },
          {
            "location_id": "loc_0113",
            "chapter": 32,
            "note": "八樓",
            "confidence": 0.85
          },
          {
            "location_id": "loc_0065",
            "chapter": 35,
            "note": "安全區",
            "confidence": 0.85
          },
          {
            "location_id": "loc_0129",
            "chapter": 40,
            "note": "小型垃圾場",
            "confidence": 0.85
          },
          {
            "location_id": "loc_0125",
            "chapter": 41,
            "note": "靈實醫院",
            "confidence": 0.85
          },
          {
            "location_id": "loc_0158",
            "chapter": 55,
            "note": "工坊",
            "confidence": 0.85
          },
          {
            "location_id": "loc_0004",
            "chapter": 58,
            "note": "大本營",
            "confidence": 0.85
          },
          {
            "location_id": "loc_0004",
            "chapter": 112,
            "note": "大本營",
            "confidence": 0.85
          },
          {
            "location_id": "loc_0269",
            "chapter": 115,
            "note": "寶琳倖存區",
            "confidence": 0.85
          },
          {
            "location_id": "loc_0399",
            "chapter": 116,
            "note": "病獵公會",
            "confidence": 0.85
          },
          {
            "location_id": "loc_0399",
            "chapter": 117,
            "note": "病獵公會",
            "confidence": 0.85
          },
          {
            "location_id": "loc_0224",
            "chapter": 119,
            "note": "倖存區",
            "confidence": 0.85
          },
          {
            "location_id": "loc_0579",
            "chapter": 120,
            "note": "辦公室",
            "confidence": 0.85
          },
          {
            "location_id": "loc_0258",
            "chapter": 121,
            "note": "酒吧",
            "confidence": 0.85
          },
          {
            "location_id": "loc_0634",
            "chapter": 126,
            "note": "病者平權組織",
            "confidence": 0.85
          },
          {
            "location_id": "loc_0416",
            "chapter": 128,
            "note": "寧養院",
            "confidence": 0.85
          },
          {
            "location_id": "loc_0422",
            "chapter": 129,
            "note": "寶藏房",
            "confidence": 0.85
          },
          {
            "location_id": "loc_0372",
            "chapter": 144,
            "note": "皇宮",
            "confidence": 0.85
          },
          {
            "location_id": "loc_0399",
            "chapter": 146,
            "note": "病獵公會",
            "confidence": 0.85
          },
          {
            "location_id": "loc_0470",
            "chapter": 147,
            "note": "地下水道",
            "confidence": 0.85
          },
          {
            "location_id": "loc_0004",
            "chapter": 148,
            "note": "大本營",
            "confidence": 0.85
          },
          {
            "location_id": "loc_0004",
            "chapter": 172,
            "note": "大本營",
            "confidence": 0.85
          },
          {
            "location_id": "loc_0435",
            "chapter": 175,
            "note": "艾寶琳倖存區",
            "confidence": 0.85
          },
          {
            "location_id": "loc_0626",
            "chapter": 178,
            "note": "艾寶琳皇室區",
            "confidence": 0.85
          },
          {
            "location_id": "loc_0399",
            "chapter": 180,
            "note": "病獵公會",
            "confidence": 0.85
          },
          {
            "location_id": "loc_0635",
            "chapter": 181,
            "note": "艾寶琳",
            "confidence": 0.85
          },
          {
            "location_id": "loc_0639",
            "chapter": 183,
            "note": "政府綜合大樓",
            "confidence": 0.85
          },
          {
            "location_id": "loc_0581",
            "chapter": 185,
            "note": "大堂",
            "confidence": 0.85
          },
          {
            "location_id": "loc_0427",
            "chapter": 189,
            "note": "研究室",
            "confidence": 0.85
          },
          {
            "location_id": "loc_0681",
            "chapter": 191,
            "note": "大本營垃圾場",
            "confidence": 0.85
          },
          {
            "location_id": "loc_0399",
            "chapter": 194,
            "note": "病獵公會",
            "confidence": 0.85
          },
          {
            "location_id": "loc_0399",
            "chapter": 195,
            "note": "病獵公會",
            "confidence": 0.85
          },
          {
            "location_id": "loc_0705",
            "chapter": 197,
            "note": "力霸健身",
            "confidence": 0.85
          },
          {
            "location_id": "loc_0004",
            "chapter": 198,
            "note": "大本營",
            "confidence": 0.85
          }
        ],
        "missing_waypoint_locations": null,
        "provenance": "character-routes.json → derive_routes_geojson.py",
        "source": "bing_gang",
        "confidence": 0.8,
        "review_status": "needs_review"
      }
    },
    {
      "type": "Feature",
      "geometry": {
        "type": "LineString",
        "coordinates": [
          [
            114.01747081712062,
            22.22027264057374
          ],
          [
            113.90900846875715,
            22.33581723506523
          ],
          [
            114.22763424124513,
            22.210077859159227
          ],
          [
            114.01747081712062,
            22.22027264057374
          ],
          [
            114.01747081712062,
            22.22027264057374
          ],
          [
            114.28348565651942,
            22.337559433890288
          ],
          [
            114.26275440604257,
            22.215464980544745
          ],
          [
            114.26407465476464,
            22.32506420233463
          ]
        ]
      },
      "properties": {
        "id": "route_ent_3f7166ade6_022",
        "character_id": "ent_3f7166ade6",
        "character_name": "班尼",
        "color": "#E67E22",
        "chapters_span": [
          81,
          135
        ],
        "chapters": [
          81,
          82,
          83,
          84,
          87,
          100,
          110,
          135
        ],
        "precision": "fictional",
        "waypoints": [
          {
            "location_id": "loc_0592",
            "chapter": 81,
            "note": "不良人",
            "confidence": 0.85
          },
          {
            "location_id": "loc_0281",
            "chapter": 82,
            "note": "小學隱蔽地下室",
            "confidence": 0.85
          },
          {
            "location_id": "loc_0285",
            "chapter": 83,
            "note": "下水道中央聚水處",
            "confidence": 0.85
          },
          {
            "location_id": "loc_0592",
            "chapter": 84,
            "note": "不良人",
            "confidence": 0.85
          },
          {
            "location_id": "loc_0592",
            "chapter": 87,
            "note": "不良人",
            "confidence": 0.85
          },
          {
            "location_id": "loc_0634",
            "chapter": 100,
            "note": "病者平權組織",
            "confidence": 0.85
          },
          {
            "location_id": "loc_0291",
            "chapter": 110,
            "note": "下水道",
            "confidence": 0.85
          },
          {
            "location_id": "loc_0224",
            "chapter": 135,
            "note": "倖存區",
            "confidence": 0.85
          }
        ],
        "missing_waypoint_locations": null,
        "provenance": "character-routes.json → derive_routes_geojson.py",
        "source": "bing_gang",
        "confidence": 0.8,
        "review_status": "needs_review"
      }
    },
    {
      "type": "Feature",
      "geometry": {
        "type": "LineString",
        "coordinates": [
          [
            114.24575188830396,
            22.284293774319064
          ],
          [
            114.270469329366,
            22.343124399176013
          ],
          [
            114.270469329366,
            22.343124399176013
          ],
          [
            113.91746166170748,
            22.366315594720376
          ],
          [
            114.15781689173724,
            22.252501907377734
          ],
          [
            114.19020691233692,
            22.280906729228654
          ],
          [
            114.15781689173724,
            22.252501907377734
          ],
          [
            114.10332936598763,
            22.41442584115358
          ],
          [
            114.1331046005951,
            22.445754139009686
          ],
          [
            114.15781689173724,
            22.252501907377734
          ],
          [
            113.99313023575189,
            22.21806694895857
          ],
          [
            114.270469329366,
            22.343124399176013
          ],
          [
            114.262,
            22.328
          ],
          [
            114.270469329366,
            22.343124399176013
          ],
          [
            114.262,
            22.328
          ],
          [
            114.01150423437858,
            22.24491657129778
          ],
          [
            114.0504504463264,
            22.417439040207523
          ],
          [
            114.01747081712062,
            22.22027264057374
          ],
          [
            114.270469329366,
            22.343124399176013
          ],
          [
            114.01747081712062,
            22.22027264057374
          ],
          [
            114.25317326619363,
            22.262861181048294
          ],
          [
            114.270469329366,
            22.343124399176013
          ],
          [
            113.9590418860151,
            22.296511062790874
          ],
          [
            114.09834973678187,
            22.221704470893414
          ],
          [
            114.270469329366,
            22.343124399176013
          ],
          [
            114.270469329366,
            22.343124399176013
          ],
          [
            114.23660798809796,
            22.32697296864271
          ],
          [
            114.26193724727246,
            22.31970370794232
          ]
        ]
      },
      "properties": {
        "id": "route_ent_50c9d96121_023",
        "character_id": "ent_50c9d96121",
        "character_name": "瑜小六",
        "color": "#E67E22",
        "chapters_span": [
          18,
          195
        ],
        "chapters": [
          18,
          19,
          25,
          33,
          39,
          40,
          41,
          46,
          47,
          55,
          59,
          61,
          63,
          64,
          65,
          67,
          69,
          105,
          106,
          109,
          172,
          173,
          174,
          191,
          192,
          193,
          194,
          195
        ],
        "precision": "fictional",
        "waypoints": [
          {
            "location_id": "loc_0126",
            "chapter": 18,
            "note": "北門",
            "confidence": 0.85
          },
          {
            "location_id": "loc_0004",
            "chapter": 19,
            "note": "大本營",
            "confidence": 0.85
          },
          {
            "location_id": "loc_0004",
            "chapter": 25,
            "note": "大本營",
            "confidence": 0.85
          },
          {
            "location_id": "loc_0051",
            "chapter": 33,
            "note": "天台",
            "confidence": 0.85
          },
          {
            "location_id": "loc_0221",
            "chapter": 39,
            "note": "攻擊學",
            "confidence": 0.85
          },
          {
            "location_id": "loc_0086",
            "chapter": 40,
            "note": "垃圾場",
            "confidence": 0.85
          },
          {
            "location_id": "loc_0221",
            "chapter": 41,
            "note": "攻擊學",
            "confidence": 0.85
          },
          {
            "location_id": "loc_0579",
            "chapter": 46,
            "note": "辦公室",
            "confidence": 0.85
          },
          {
            "location_id": "loc_0360",
            "chapter": 47,
            "note": "二樓",
            "confidence": 0.85
          },
          {
            "location_id": "loc_0221",
            "chapter": 55,
            "note": "攻擊學",
            "confidence": 0.85
          },
          {
            "location_id": "loc_0176",
            "chapter": 59,
            "note": "七樓B區",
            "confidence": 0.85
          },
          {
            "location_id": "loc_0004",
            "chapter": 61,
            "note": "大本營",
            "confidence": 0.85
          },
          {
            "location_id": "loc_0104",
            "chapter": 63,
            "note": "學堂",
            "confidence": 0.85
          },
          {
            "location_id": "loc_0004",
            "chapter": 64,
            "note": "大本營",
            "confidence": 0.85
          },
          {
            "location_id": "loc_0104",
            "chapter": 65,
            "note": "學堂",
            "confidence": 0.85
          },
          {
            "location_id": "loc_0194",
            "chapter": 67,
            "note": "醫療大樓",
            "confidence": 0.85
          },
          {
            "location_id": "loc_0208",
            "chapter": 69,
            "note": "六樓",
            "confidence": 0.85
          },
          {
            "location_id": "loc_0592",
            "chapter": 105,
            "note": "不良人",
            "confidence": 0.85
          },
          {
            "location_id": "loc_0004",
            "chapter": 106,
            "note": "大本營",
            "confidence": 0.85
          },
          {
            "location_id": "loc_0592",
            "chapter": 109,
            "note": "不良人",
            "confidence": 0.85
          },
          {
            "location_id": "loc_0220",
            "chapter": 172,
            "note": "B橦大樓",
            "confidence": 0.85
          },
          {
            "location_id": "loc_0004",
            "chapter": 173,
            "note": "大本營",
            "confidence": 0.85
          },
          {
            "location_id": "loc_0298",
            "chapter": 174,
            "note": "死亡之路",
            "confidence": 0.85
          },
          {
            "location_id": "loc_0682",
            "chapter": 191,
            "note": "攝影大樓",
            "confidence": 0.85
          },
          {
            "location_id": "loc_0004",
            "chapter": 192,
            "note": "大本營",
            "confidence": 0.85
          },
          {
            "location_id": "loc_0004",
            "chapter": 193,
            "note": "大本營",
            "confidence": 0.85
          },
          {
            "location_id": "loc_0435",
            "chapter": 194,
            "note": "艾寶琳倖存區",
            "confidence": 0.85
          },
          {
            "location_id": "loc_0399",
            "chapter": 195,
            "note": "病獵公會",
            "confidence": 0.85
          }
        ],
        "missing_waypoint_locations": null,
        "provenance": "character-routes.json → derive_routes_geojson.py",
        "source": "bing_gang",
        "confidence": 0.8,
        "review_status": "needs_review"
      }
    },
    {
      "type": "Feature",
      "geometry": {
        "type": "LineString",
        "coordinates": [
          [
            114.28348565651942,
            22.337559433890288
          ],
          [
            114.28348565651942,
            22.337559433890288
          ],
          [
            113.90292011902037,
            22.38875383382925
          ],
          [
            114.26051132982376,
            22.30539364461738
          ],
          [
            114.28348565651942,
            22.337559433890288
          ],
          [
            114.26027172503242,
            22.331930380712596
          ],
          [
            113.92020462348363,
            22.357799382009613
          ],
          [
            114.23660798809796,
            22.32697296864271
          ],
          [
            114.23660798809796,
            22.32697296864271
          ]
        ]
      },
      "properties": {
        "id": "route_ent_e0f7ae0d6d_024",
        "character_id": "ent_e0f7ae0d6d",
        "character_name": "瓦安",
        "color": "#F39C12",
        "chapters_span": [
          113,
          175
        ],
        "chapters": [
          113,
          118,
          119,
          123,
          134,
          138,
          139,
          146,
          175
        ],
        "precision": "fictional",
        "waypoints": [
          {
            "location_id": "loc_0634",
            "chapter": 113,
            "note": "病者平權組織",
            "confidence": 0.85
          },
          {
            "location_id": "loc_0634",
            "chapter": 118,
            "note": "病者平權組織",
            "confidence": 0.85
          },
          {
            "location_id": "loc_0384",
            "chapter": 119,
            "note": "「哈姆雷特」雜貨鋪",
            "confidence": 0.85
          },
          {
            "location_id": "loc_0365",
            "chapter": 123,
            "note": "哈姆雷特",
            "confidence": 0.85
          },
          {
            "location_id": "loc_0634",
            "chapter": 134,
            "note": "病者平權組織",
            "confidence": 0.85
          },
          {
            "location_id": "loc_0531",
            "chapter": 138,
            "note": "翠林邨倖存區",
            "confidence": 0.85
          },
          {
            "location_id": "loc_0388",
            "chapter": 139,
            "note": "翠林邨",
            "confidence": 0.85
          },
          {
            "location_id": "loc_0435",
            "chapter": 146,
            "note": "艾寶琳倖存區",
            "confidence": 0.85
          },
          {
            "location_id": "loc_0435",
            "chapter": 175,
            "note": "艾寶琳倖存區",
            "confidence": 0.85
          }
        ],
        "missing_waypoint_locations": null,
        "provenance": "character-routes.json → derive_routes_geojson.py",
        "source": "bing_gang",
        "confidence": 0.8,
        "review_status": "needs_review"
      }
    },
    {
      "type": "Feature",
      "geometry": {
        "type": "LineString",
        "coordinates": [
          [
            114.270469329366,
            22.343124399176013
          ],
          [
            114.270469329366,
            22.343124399176013
          ],
          [
            114.24518020141909,
            22.32275745021744
          ],
          [
            114.2689754711223,
            22.33428294041352
          ]
        ]
      },
      "properties": {
        "id": "route_ent_3cae31cbd2_025",
        "character_id": "ent_3cae31cbd2",
        "character_name": "瓦禮",
        "color": "#9B59B6",
        "chapters_span": [
          146,
          195
        ],
        "chapters": [
          146,
          192,
          193,
          195
        ],
        "precision": "fictional",
        "waypoints": [
          {
            "location_id": "loc_0004",
            "chapter": 146,
            "note": "大本營",
            "confidence": 0.85
          },
          {
            "location_id": "loc_0004",
            "chapter": 192,
            "note": "大本營",
            "confidence": 0.85
          },
          {
            "location_id": "loc_0635",
            "chapter": 193,
            "note": "艾寶琳",
            "confidence": 0.85
          },
          {
            "location_id": "loc_0102",
            "chapter": 195,
            "note": "大本營八樓",
            "confidence": 0.85
          }
        ],
        "missing_waypoint_locations": null,
        "provenance": "character-routes.json → derive_routes_geojson.py",
        "source": "bing_gang",
        "confidence": 0.8,
        "review_status": "needs_review"
      }
    },
    {
      "type": "Feature",
      "geometry": {
        "type": "LineString",
        "coordinates": [
          [
            114.22136003662165,
            22.267915579461356
          ],
          [
            114.270469329366,
            22.343124399176013
          ],
          [
            114.2620141451133,
            22.314159349965667
          ],
          [
            114.265,
            22.317
          ],
          [
            114.265,
            22.317
          ],
          [
            114.270469329366,
            22.343124399176013
          ],
          [
            114.0504504463264,
            22.417439040207523
          ],
          [
            113.9106106660563,
            22.241798695353626
          ],
          [
            114.21053559166857,
            22.443025062943462
          ],
          [
            114.1331046005951,
            22.445754139009686
          ]
        ]
      },
      "properties": {
        "id": "route_ent_6c288e91c6_026",
        "character_id": "ent_6c288e91c6",
        "character_name": "病爪",
        "color": "#F39C12",
        "chapters_span": [
          12,
          171
        ],
        "chapters": [
          12,
          18,
          23,
          24,
          32,
          33,
          67,
          93,
          103,
          171
        ],
        "precision": "fictional",
        "waypoints": [
          {
            "location_id": "loc_0048",
            "chapter": 12,
            "note": "巴士站",
            "confidence": 0.85
          },
          {
            "location_id": "loc_0004",
            "chapter": 18,
            "note": "大本營",
            "confidence": 0.85
          },
          {
            "location_id": "loc_0059",
            "chapter": 23,
            "note": "popcorn商場",
            "confidence": 0.85
          },
          {
            "location_id": "loc_0029",
            "chapter": 24,
            "note": "商場",
            "confidence": 0.85
          },
          {
            "location_id": "loc_0029",
            "chapter": 32,
            "note": "商場",
            "confidence": 0.85
          },
          {
            "location_id": "loc_0004",
            "chapter": 33,
            "note": "大本營",
            "confidence": 0.85
          },
          {
            "location_id": "loc_0208",
            "chapter": 67,
            "note": "六樓",
            "confidence": 0.85
          },
          {
            "location_id": "loc_0325",
            "chapter": 93,
            "note": "西餐廳",
            "confidence": 0.85
          },
          {
            "location_id": "loc_0350",
            "chapter": 103,
            "note": "渠道",
            "confidence": 0.85
          },
          {
            "location_id": "loc_0360",
            "chapter": 171,
            "note": "二樓",
            "confidence": 0.85
          }
        ],
        "missing_waypoint_locations": null,
        "provenance": "character-routes.json → derive_routes_geojson.py",
        "source": "bing_gang",
        "confidence": 0.8,
        "review_status": "needs_review"
      }
    },
    {
      "type": "Feature",
      "geometry": {
        "type": "LineString",
        "coordinates": [
          [
            114.01747081712062,
            22.22027264057374
          ],
          [
            113.97622384985122,
            22.42473277637903
          ],
          [
            114.01747081712062,
            22.22027264057374
          ],
          [
            114.265,
            22.317
          ],
          [
            114.2127530327306,
            22.404227321278704
          ],
          [
            114.23559924467841,
            22.319103891050585
          ],
          [
            114.27798571755551,
            22.327311970702677
          ],
          [
            114.28348565651942,
            22.337559433890288
          ],
          [
            114.270469329366,
            22.343124399176013
          ]
        ]
      },
      "properties": {
        "id": "route_ent_b9773b2977_027",
        "character_id": "ent_b9773b2977",
        "character_name": "病童",
        "color": "#9B59B6",
        "chapters_span": [
          19,
          193
        ],
        "chapters": [
          19,
          74,
          75,
          76,
          78,
          98,
          110,
          178,
          193
        ],
        "precision": "fictional",
        "waypoints": [
          {
            "location_id": "loc_0592",
            "chapter": 19,
            "note": "不良人",
            "confidence": 0.85
          },
          {
            "location_id": "loc_0246",
            "chapter": 74,
            "note": "不良人據點",
            "confidence": 0.85
          },
          {
            "location_id": "loc_0592",
            "chapter": 75,
            "note": "不良人",
            "confidence": 0.85
          },
          {
            "location_id": "loc_0029",
            "chapter": 76,
            "note": "商場",
            "confidence": 0.85
          },
          {
            "location_id": "loc_0152",
            "chapter": 78,
            "note": "地下層",
            "confidence": 0.85
          },
          {
            "location_id": "loc_0269",
            "chapter": 98,
            "note": "寶琳倖存區",
            "confidence": 0.85
          },
          {
            "location_id": "loc_0044",
            "chapter": 110,
            "note": "將軍澳區",
            "confidence": 0.85
          },
          {
            "location_id": "loc_0634",
            "chapter": 178,
            "note": "病者平權組織",
            "confidence": 0.85
          },
          {
            "location_id": "loc_0004",
            "chapter": 193,
            "note": "大本營",
            "confidence": 0.85
          }
        ],
        "missing_waypoint_locations": null,
        "provenance": "character-routes.json → derive_routes_geojson.py",
        "source": "bing_gang",
        "confidence": 0.8,
        "review_status": "needs_review"
      }
    },
    {
      "type": "Feature",
      "geometry": {
        "type": "LineString",
        "coordinates": [
          [
            114.23559924467841,
            22.319103891050585
          ],
          [
            114.2415,
            22.3229
          ],
          [
            114.23559924467841,
            22.319103891050585
          ],
          [
            114.19343053330282,
            22.411278057526513
          ],
          [
            114.26080922407874,
            22.334337109941252
          ],
          [
            114.23660798809796,
            22.32697296864271
          ]
        ]
      },
      "properties": {
        "id": "route_ent_64c25f2cd7_028",
        "character_id": "ent_64c25f2cd7",
        "character_name": "病翼",
        "color": "#1ABC9C",
        "chapters_span": [
          80,
          188
        ],
        "chapters": [
          80,
          86,
          121,
          123,
          185,
          188
        ],
        "precision": "fictional",
        "waypoints": [
          {
            "location_id": "loc_0269",
            "chapter": 80,
            "note": "寶琳倖存區",
            "confidence": 0.85
          },
          {
            "location_id": "loc_0093",
            "chapter": 86,
            "note": "寶琳",
            "confidence": 0.85
          },
          {
            "location_id": "loc_0269",
            "chapter": 121,
            "note": "寶琳倖存區",
            "confidence": 0.85
          },
          {
            "location_id": "loc_0402",
            "chapter": 123,
            "note": "「希望塔」",
            "confidence": 0.85
          },
          {
            "location_id": "loc_0469",
            "chapter": 185,
            "note": "病者之都",
            "confidence": 0.85
          },
          {
            "location_id": "loc_0435",
            "chapter": 188,
            "note": "艾寶琳倖存區",
            "confidence": 0.85
          }
        ],
        "missing_waypoint_locations": null,
        "provenance": "character-routes.json → derive_routes_geojson.py",
        "source": "bing_gang",
        "confidence": 0.8,
        "review_status": "needs_review"
      }
    },
    {
      "type": "Feature",
      "geometry": {
        "type": "LineString",
        "coordinates": [
          [
            114.20982421606774,
            22.223790531776913
          ],
          [
            114.265,
            22.317
          ],
          [
            114.270469329366,
            22.343124399176013
          ],
          [
            114.20982421606774,
            22.223790531776913
          ],
          [
            114.265,
            22.317
          ],
          [
            114.13020141908903,
            22.295983939879452
          ],
          [
            114.20982421606774,
            22.223790531776913
          ],
          [
            114.20982421606774,
            22.223790531776913
          ],
          [
            114.2776396429389,
            22.331155962462805
          ],
          [
            114.270469329366,
            22.343124399176013
          ],
          [
            114.20982421606774,
            22.223790531776913
          ],
          [
            114.272,
            22.318
          ],
          [
            114.23175509269855,
            22.260281643396656
          ],
          [
            114.03799176012818,
            22.31806702525368
          ],
          [
            114.265,
            22.3165
          ],
          [
            114.0093701075761,
            22.334067635614556
          ],
          [
            114.24652094300755,
            22.292686617837795
          ],
          [
            114.0093701075761,
            22.334067635614556
          ],
          [
            114.20982421606774,
            22.223790531776913
          ],
          [
            114.15187594415198,
            22.219618410009918
          ],
          [
            114.272,
            22.318
          ],
          [
            113.92020462348363,
            22.357799382009613
          ],
          [
            113.92020462348363,
            22.357799382009613
          ],
          [
            114.15187594415198,
            22.219618410009918
          ],
          [
            114.245,
            22.302
          ],
          [
            114.26027172503242,
            22.331930380712596
          ],
          [
            114.27585397116044,
            22.342389448386356
          ],
          [
            114.245,
            22.302
          ],
          [
            114.245,
            22.302
          ],
          [
            114.26346985580224,
            22.31863094529641
          ]
        ]
      },
      "properties": {
        "id": "route_ent_05b1ee1378_029",
        "character_id": "ent_05b1ee1378",
        "character_name": "病腦",
        "color": "#F39C12",
        "chapters_span": [
          3,
          180
        ],
        "chapters": [
          3,
          4,
          5,
          6,
          8,
          9,
          10,
          12,
          15,
          43,
          45,
          53,
          54,
          66,
          80,
          88,
          89,
          90,
          91,
          131,
          132,
          138,
          139,
          142,
          143,
          144,
          163,
          175,
          178,
          180
        ],
        "precision": "fictional",
        "waypoints": [
          {
            "location_id": "loc_0013",
            "chapter": 3,
            "note": "病窩",
            "confidence": 0.85
          },
          {
            "location_id": "loc_0029",
            "chapter": 4,
            "note": "商場",
            "confidence": 0.85
          },
          {
            "location_id": "loc_0004",
            "chapter": 5,
            "note": "大本營",
            "confidence": 0.85
          },
          {
            "location_id": "loc_0013",
            "chapter": 6,
            "note": "病窩",
            "confidence": 0.85
          },
          {
            "location_id": "loc_0029",
            "chapter": 8,
            "note": "商場",
            "confidence": 0.85
          },
          {
            "location_id": "loc_0329",
            "chapter": 9,
            "note": "樓梯間",
            "confidence": 0.85
          },
          {
            "location_id": "loc_0013",
            "chapter": 10,
            "note": "病窩",
            "confidence": 0.85
          },
          {
            "location_id": "loc_0013",
            "chapter": 12,
            "note": "病窩",
            "confidence": 0.85
          },
          {
            "location_id": "loc_0050",
            "chapter": 15,
            "note": "將軍澳中心",
            "confidence": 0.85
          },
          {
            "location_id": "loc_0004",
            "chapter": 43,
            "note": "大本營",
            "confidence": 0.85
          },
          {
            "location_id": "loc_0013",
            "chapter": 45,
            "note": "病窩",
            "confidence": 0.85
          },
          {
            "location_id": "loc_0143",
            "chapter": 53,
            "note": "醫院",
            "confidence": 0.85
          },
          {
            "location_id": "loc_0155",
            "chapter": 54,
            "note": "秘密通道",
            "confidence": 0.85
          },
          {
            "location_id": "loc_0200",
            "chapter": 66,
            "note": "攝影棚",
            "confidence": 0.85
          },
          {
            "location_id": "loc_0203",
            "chapter": 80,
            "note": "彩明商場",
            "confidence": 0.85
          },
          {
            "location_id": "loc_0305",
            "chapter": 88,
            "note": "街市",
            "confidence": 0.85
          },
          {
            "location_id": "loc_0316",
            "chapter": 89,
            "note": "魚檔",
            "confidence": 0.85
          },
          {
            "location_id": "loc_0305",
            "chapter": 90,
            "note": "街市",
            "confidence": 0.85
          },
          {
            "location_id": "loc_0013",
            "chapter": 91,
            "note": "病窩",
            "confidence": 0.85
          },
          {
            "location_id": "loc_0427",
            "chapter": 131,
            "note": "研究室",
            "confidence": 0.85
          },
          {
            "location_id": "loc_0143",
            "chapter": 132,
            "note": "醫院",
            "confidence": 0.85
          },
          {
            "location_id": "loc_0388",
            "chapter": 138,
            "note": "翠林邨",
            "confidence": 0.85
          },
          {
            "location_id": "loc_0388",
            "chapter": 139,
            "note": "翠林邨",
            "confidence": 0.85
          },
          {
            "location_id": "loc_0427",
            "chapter": 142,
            "note": "研究室",
            "confidence": 0.85
          },
          {
            "location_id": "loc_0125",
            "chapter": 143,
            "note": "靈實醫院",
            "confidence": 0.85
          },
          {
            "location_id": "loc_0531",
            "chapter": 144,
            "note": "翠林邨倖存區",
            "confidence": 0.85
          },
          {
            "location_id": "loc_0618",
            "chapter": 163,
            "note": "翠林村",
            "confidence": 0.85
          },
          {
            "location_id": "loc_0125",
            "chapter": 175,
            "note": "靈實醫院",
            "confidence": 0.85
          },
          {
            "location_id": "loc_0125",
            "chapter": 178,
            "note": "靈實醫院",
            "confidence": 0.85
          },
          {
            "location_id": "loc_0380",
            "chapter": 180,
            "note": "寶康公園",
            "confidence": 0.85
          }
        ],
        "missing_waypoint_locations": null,
        "provenance": "character-routes.json → derive_routes_geojson.py",
        "source": "bing_gang",
        "confidence": 0.8,
        "review_status": "needs_review"
      }
    },
    {
      "type": "Feature",
      "geometry": {
        "type": "LineString",
        "coordinates": [
          [
            114.01747081712062,
            22.22027264057374
          ],
          [
            113.97622384985122,
            22.42473277637903
          ],
          [
            114.01747081712062,
            22.22027264057374
          ],
          [
            113.97622384985122,
            22.42473277637903
          ],
          [
            114.28348565651942,
            22.337559433890288
          ],
          [
            114.01747081712062,
            22.22027264057374
          ],
          [
            114.27755870908675,
            22.21198447394522
          ],
          [
            114.1406541542687,
            22.298944800488286
          ],
          [
            114.28348565651942,
            22.337559433890288
          ],
          [
            114.01747081712062,
            22.22027264057374
          ],
          [
            114.23559924467841,
            22.319103891050585
          ],
          [
            114.26051132982376,
            22.30539364461738
          ],
          [
            114.01747081712062,
            22.22027264057374
          ],
          [
            114.28348565651942,
            22.337559433890288
          ],
          [
            113.9011641107805,
            22.30211875333791
          ],
          [
            114.26346985580224,
            22.31863094529641
          ],
          [
            114.01747081712062,
            22.22027264057374
          ],
          [
            113.99131654840924,
            22.383751773861295
          ],
          [
            114.01747081712062,
            22.22027264057374
          ],
          [
            114.01747081712062,
            22.22027264057374
          ],
          [
            113.9011641107805,
            22.30211875333791
          ],
          [
            114.26561355001145,
            22.31058924238956
          ],
          [
            113.9011641107805,
            22.30211875333791
          ],
          [
            114.23660798809796,
            22.32697296864271
          ],
          [
            114.26193724727246,
            22.31970370794232
          ],
          [
            114.05559029526206,
            22.39756912336919
          ],
          [
            114.05559029526206,
            22.39756912336919
          ],
          [
            114.01428564888991,
            22.438587510490578
          ]
        ]
      },
      "properties": {
        "id": "route_ent_da5ac3f022_030",
        "character_id": "ent_da5ac3f022",
        "character_name": "白魂",
        "color": "#1ABC9C",
        "chapters_span": [
          80,
          186
        ],
        "chapters": [
          80,
          81,
          84,
          86,
          87,
          97,
          99,
          100,
          102,
          104,
          110,
          111,
          112,
          116,
          117,
          126,
          135,
          136,
          137,
          138,
          145,
          175,
          176,
          178,
          180,
          184,
          185,
          186
        ],
        "precision": "fictional",
        "waypoints": [
          {
            "location_id": "loc_0592",
            "chapter": 80,
            "note": "不良人",
            "confidence": 0.85
          },
          {
            "location_id": "loc_0246",
            "chapter": 81,
            "note": "不良人據點",
            "confidence": 0.85
          },
          {
            "location_id": "loc_0592",
            "chapter": 84,
            "note": "不良人",
            "confidence": 0.85
          },
          {
            "location_id": "loc_0246",
            "chapter": 86,
            "note": "不良人據點",
            "confidence": 0.85
          },
          {
            "location_id": "loc_0634",
            "chapter": 87,
            "note": "病者平權組織",
            "confidence": 0.85
          },
          {
            "location_id": "loc_0592",
            "chapter": 97,
            "note": "不良人",
            "confidence": 0.85
          },
          {
            "location_id": "loc_0337",
            "chapter": 99,
            "note": "聖安得肋堂",
            "confidence": 0.85
          },
          {
            "location_id": "loc_0400",
            "chapter": 100,
            "note": "聖堂",
            "confidence": 0.85
          },
          {
            "location_id": "loc_0634",
            "chapter": 102,
            "note": "病者平權組織",
            "confidence": 0.85
          },
          {
            "location_id": "loc_0592",
            "chapter": 104,
            "note": "不良人",
            "confidence": 0.85
          },
          {
            "location_id": "loc_0269",
            "chapter": 110,
            "note": "寶琳倖存區",
            "confidence": 0.85
          },
          {
            "location_id": "loc_0365",
            "chapter": 111,
            "note": "哈姆雷特",
            "confidence": 0.85
          },
          {
            "location_id": "loc_0592",
            "chapter": 112,
            "note": "不良人",
            "confidence": 0.85
          },
          {
            "location_id": "loc_0634",
            "chapter": 116,
            "note": "病者平權組織",
            "confidence": 0.85
          },
          {
            "location_id": "loc_0372",
            "chapter": 117,
            "note": "皇宮",
            "confidence": 0.85
          },
          {
            "location_id": "loc_0380",
            "chapter": 126,
            "note": "寶康公園",
            "confidence": 0.85
          },
          {
            "location_id": "loc_0592",
            "chapter": 135,
            "note": "不良人",
            "confidence": 0.85
          },
          {
            "location_id": "loc_0207",
            "chapter": 136,
            "note": "病房",
            "confidence": 0.85
          },
          {
            "location_id": "loc_0592",
            "chapter": 137,
            "note": "不良人",
            "confidence": 0.85
          },
          {
            "location_id": "loc_0592",
            "chapter": 138,
            "note": "不良人",
            "confidence": 0.85
          },
          {
            "location_id": "loc_0372",
            "chapter": 145,
            "note": "皇宮",
            "confidence": 0.85
          },
          {
            "location_id": "loc_0619",
            "chapter": 175,
            "note": "新都城商場",
            "confidence": 0.85
          },
          {
            "location_id": "loc_0372",
            "chapter": 176,
            "note": "皇宮",
            "confidence": 0.85
          },
          {
            "location_id": "loc_0435",
            "chapter": 178,
            "note": "艾寶琳倖存區",
            "confidence": 0.85
          },
          {
            "location_id": "loc_0399",
            "chapter": 180,
            "note": "病獵公會",
            "confidence": 0.85
          },
          {
            "location_id": "loc_0649",
            "chapter": 184,
            "note": "九樓",
            "confidence": 0.85
          },
          {
            "location_id": "loc_0649",
            "chapter": 185,
            "note": "九樓",
            "confidence": 0.85
          },
          {
            "location_id": "loc_0668",
            "chapter": 186,
            "note": "白鯨房間",
            "confidence": 0.85
          }
        ],
        "missing_waypoint_locations": null,
        "provenance": "character-routes.json → derive_routes_geojson.py",
        "source": "bing_gang",
        "confidence": 0.8,
        "review_status": "needs_review"
      }
    },
    {
      "type": "Feature",
      "geometry": {
        "type": "LineString",
        "coordinates": [
          [
            114.23559924467841,
            22.319103891050585
          ],
          [
            114.26193724727246,
            22.31970370794232
          ],
          [
            114.26193724727246,
            22.31970370794232
          ],
          [
            114.26080922407874,
            22.334337109941252
          ],
          [
            114.23660798809796,
            22.32697296864271
          ],
          [
            114.26193724727246,
            22.31970370794232
          ],
          [
            114.23660798809796,
            22.32697296864271
          ],
          [
            114.24518020141909,
            22.32275745021744
          ],
          [
            114.26080922407874,
            22.334337109941252
          ],
          [
            114.26080922407874,
            22.334337109941252
          ],
          [
            114.24518020141909,
            22.32275745021744
          ],
          [
            114.26346985580224,
            22.31863094529641
          ],
          [
            114.26193724727246,
            22.31970370794232
          ],
          [
            114.2729,
            22.3166
          ],
          [
            114.26987914854658,
            22.32303538567178
          ],
          [
            113.97971023117418,
            22.239450942244602
          ],
          [
            114.26346985580224,
            22.31863094529641
          ],
          [
            114.24518020141909,
            22.32275745021744
          ],
          [
            114.27702476539254,
            22.330504280155644
          ],
          [
            114.26193724727246,
            22.31970370794232
          ]
        ]
      },
      "properties": {
        "id": "route_ent_1a9762c26d_031",
        "character_id": "ent_1a9762c26d",
        "character_name": "白鯨",
        "color": "#E67E22",
        "chapters_span": [
          116,
          195
        ],
        "chapters": [
          116,
          117,
          122,
          128,
          145,
          146,
          169,
          172,
          173,
          176,
          178,
          179,
          180,
          181,
          183,
          184,
          186,
          188,
          189,
          195
        ],
        "precision": "fictional",
        "waypoints": [
          {
            "location_id": "loc_0269",
            "chapter": 116,
            "note": "寶琳倖存區",
            "confidence": 0.85
          },
          {
            "location_id": "loc_0399",
            "chapter": 117,
            "note": "病獵公會",
            "confidence": 0.85
          },
          {
            "location_id": "loc_0399",
            "chapter": 122,
            "note": "病獵公會",
            "confidence": 0.85
          },
          {
            "location_id": "loc_0469",
            "chapter": 128,
            "note": "病者之都",
            "confidence": 0.85
          },
          {
            "location_id": "loc_0435",
            "chapter": 145,
            "note": "艾寶琳倖存區",
            "confidence": 0.85
          },
          {
            "location_id": "loc_0399",
            "chapter": 146,
            "note": "病獵公會",
            "confidence": 0.85
          },
          {
            "location_id": "loc_0435",
            "chapter": 169,
            "note": "艾寶琳倖存區",
            "confidence": 0.85
          },
          {
            "location_id": "loc_0635",
            "chapter": 172,
            "note": "艾寶琳",
            "confidence": 0.85
          },
          {
            "location_id": "loc_0469",
            "chapter": 173,
            "note": "病者之都",
            "confidence": 0.85
          },
          {
            "location_id": "loc_0469",
            "chapter": 176,
            "note": "病者之都",
            "confidence": 0.85
          },
          {
            "location_id": "loc_0635",
            "chapter": 178,
            "note": "艾寶琳",
            "confidence": 0.85
          },
          {
            "location_id": "loc_0380",
            "chapter": 179,
            "note": "寶康公園",
            "confidence": 0.85
          },
          {
            "location_id": "loc_0399",
            "chapter": 180,
            "note": "病獵公會",
            "confidence": 0.85
          },
          {
            "location_id": "loc_0338",
            "chapter": 181,
            "note": "坑口",
            "confidence": 0.85
          },
          {
            "location_id": "loc_0639",
            "chapter": 183,
            "note": "政府綜合大樓",
            "confidence": 0.85
          },
          {
            "location_id": "loc_0650",
            "chapter": 184,
            "note": "十樓",
            "confidence": 0.85
          },
          {
            "location_id": "loc_0380",
            "chapter": 186,
            "note": "寶康公園",
            "confidence": 0.85
          },
          {
            "location_id": "loc_0635",
            "chapter": 188,
            "note": "艾寶琳",
            "confidence": 0.85
          },
          {
            "location_id": "loc_0671",
            "chapter": 189,
            "note": "將軍澳海中心",
            "confidence": 0.85
          },
          {
            "location_id": "loc_0399",
            "chapter": 195,
            "note": "病獵公會",
            "confidence": 0.85
          }
        ],
        "missing_waypoint_locations": null,
        "provenance": "character-routes.json → derive_routes_geojson.py",
        "source": "bing_gang",
        "confidence": 0.8,
        "review_status": "needs_review"
      }
    },
    {
      "type": "Feature",
      "geometry": {
        "type": "LineString",
        "coordinates": [
          [
            114.270469329366,
            22.343124399176013
          ],
          [
            114.270469329366,
            22.343124399176013
          ],
          [
            114.01747081712062,
            22.22027264057374
          ],
          [
            114.270469329366,
            22.343124399176013
          ],
          [
            114.23656809338522,
            22.276517776760507
          ],
          [
            114.270469329366,
            22.343124399176013
          ],
          [
            114.26471467154956,
            22.31339597161822
          ],
          [
            114.07715587090867,
            22.378278667887386
          ],
          [
            114.270469329366,
            22.343124399176013
          ],
          [
            113.9859011215381,
            22.415539902342257
          ],
          [
            114.270469329366,
            22.343124399176013
          ],
          [
            114.2839098191806,
            22.326104715037765
          ],
          [
            114.270469329366,
            22.343124399176013
          ],
          [
            114.270469329366,
            22.343124399176013
          ],
          [
            114.01747081712062,
            22.22027264057374
          ],
          [
            114.13697550926986,
            22.332284390020597
          ],
          [
            113.9859011215381,
            22.415539902342257
          ],
          [
            114.2818141451133,
            22.336157434958416
          ],
          [
            114.270469329366,
            22.343124399176013
          ],
          [
            114.270469329366,
            22.343124399176013
          ],
          [
            114.01747081712062,
            22.22027264057374
          ],
          [
            114.01747081712062,
            22.22027264057374
          ],
          [
            114.270469329366,
            22.343124399176013
          ],
          [
            114.270469329366,
            22.343124399176013
          ],
          [
            114.01747081712062,
            22.22027264057374
          ],
          [
            114.01747081712062,
            22.22027264057374
          ],
          [
            114.15613778896773,
            22.349339246204316
          ],
          [
            114.270469329366,
            22.343124399176013
          ],
          [
            114.270469329366,
            22.343124399176013
          ],
          [
            113.97622384985122,
            22.42473277637903
          ],
          [
            114.270469329366,
            22.343124399176013
          ],
          [
            114.01747081712062,
            22.22027264057374
          ],
          [
            114.01747081712062,
            22.22027264057374
          ],
          [
            114.270469329366,
            22.343124399176013
          ],
          [
            114.270469329366,
            22.343124399176013
          ],
          [
            113.94175738155184,
            22.356584382391087
          ],
          [
            114.27477466239415,
            22.328019493400475
          ],
          [
            114.270469329366,
            22.343124399176013
          ],
          [
            114.270469329366,
            22.343124399176013
          ],
          [
            114.28306527046617,
            22.336107919432365
          ],
          [
            114.270469329366,
            22.343124399176013
          ],
          [
            114.270469329366,
            22.343124399176013
          ],
          [
            114.0714200045777,
            22.438288433661402
          ],
          [
            114.270469329366,
            22.343124399176013
          ],
          [
            114.270469329366,
            22.343124399176013
          ],
          [
            114.26258924238957,
            22.332173952849622
          ]
        ]
      },
      "properties": {
        "id": "route_ent_ac57edddaa_032",
        "character_id": "ent_ac57edddaa",
        "character_name": "老賢",
        "color": "#1ABC9C",
        "chapters_span": [
          2,
          196
        ],
        "chapters": [
          2,
          11,
          12,
          14,
          17,
          19,
          20,
          21,
          22,
          24,
          26,
          27,
          28,
          33,
          38,
          41,
          42,
          43,
          52,
          56,
          62,
          63,
          65,
          67,
          68,
          69,
          70,
          71,
          97,
          105,
          107,
          108,
          112,
          115,
          149,
          158,
          160,
          161,
          164,
          165,
          170,
          173,
          174,
          187,
          195,
          196
        ],
        "precision": "fictional",
        "waypoints": [
          {
            "location_id": "loc_0004",
            "chapter": 2,
            "note": "大本營",
            "confidence": 0.85
          },
          {
            "location_id": "loc_0004",
            "chapter": 11,
            "note": "大本營",
            "confidence": 0.85
          },
          {
            "location_id": "loc_0592",
            "chapter": 12,
            "note": "不良人",
            "confidence": 0.85
          },
          {
            "location_id": "loc_0004",
            "chapter": 14,
            "note": "大本營",
            "confidence": 0.85
          },
          {
            "location_id": "loc_0057",
            "chapter": 17,
            "note": "圖書館私人房間",
            "confidence": 0.85
          },
          {
            "location_id": "loc_0004",
            "chapter": 19,
            "note": "大本營",
            "confidence": 0.85
          },
          {
            "location_id": "loc_0073",
            "chapter": 20,
            "note": "尚德商場",
            "confidence": 0.85
          },
          {
            "location_id": "loc_0076",
            "chapter": 21,
            "note": "608號房",
            "confidence": 0.85
          },
          {
            "location_id": "loc_0004",
            "chapter": 22,
            "note": "大本營",
            "confidence": 0.85
          },
          {
            "location_id": "loc_0078",
            "chapter": 24,
            "note": "宿舍",
            "confidence": 0.85
          },
          {
            "location_id": "loc_0004",
            "chapter": 26,
            "note": "大本營",
            "confidence": 0.85
          },
          {
            "location_id": "loc_0114",
            "chapter": 27,
            "note": "圖書館辦公室",
            "confidence": 0.85
          },
          {
            "location_id": "loc_0004",
            "chapter": 28,
            "note": "大本營",
            "confidence": 0.85
          },
          {
            "location_id": "loc_0004",
            "chapter": 33,
            "note": "大本營",
            "confidence": 0.85
          },
          {
            "location_id": "loc_0592",
            "chapter": 38,
            "note": "不良人",
            "confidence": 0.85
          },
          {
            "location_id": "loc_0092",
            "chapter": 41,
            "note": "D橦大樓",
            "confidence": 0.85
          },
          {
            "location_id": "loc_0078",
            "chapter": 42,
            "note": "宿舍",
            "confidence": 0.85
          },
          {
            "location_id": "loc_0132",
            "chapter": 43,
            "note": "地下層多媒體攝影棚",
            "confidence": 0.85
          },
          {
            "location_id": "loc_0004",
            "chapter": 52,
            "note": "大本營",
            "confidence": 0.85
          },
          {
            "location_id": "loc_0004",
            "chapter": 56,
            "note": "大本營",
            "confidence": 0.85
          },
          {
            "location_id": "loc_0592",
            "chapter": 62,
            "note": "不良人",
            "confidence": 0.85
          },
          {
            "location_id": "loc_0592",
            "chapter": 63,
            "note": "不良人",
            "confidence": 0.85
          },
          {
            "location_id": "loc_0004",
            "chapter": 65,
            "note": "大本營",
            "confidence": 0.85
          },
          {
            "location_id": "loc_0004",
            "chapter": 67,
            "note": "大本營",
            "confidence": 0.85
          },
          {
            "location_id": "loc_0592",
            "chapter": 68,
            "note": "不良人",
            "confidence": 0.85
          },
          {
            "location_id": "loc_0592",
            "chapter": 69,
            "note": "不良人",
            "confidence": 0.85
          },
          {
            "location_id": "loc_0214",
            "chapter": 70,
            "note": "D樓三樓",
            "confidence": 0.85
          },
          {
            "location_id": "loc_0004",
            "chapter": 71,
            "note": "大本營",
            "confidence": 0.85
          },
          {
            "location_id": "loc_0004",
            "chapter": 97,
            "note": "大本營",
            "confidence": 0.85
          },
          {
            "location_id": "loc_0246",
            "chapter": 105,
            "note": "不良人據點",
            "confidence": 0.85
          },
          {
            "location_id": "loc_0004",
            "chapter": 107,
            "note": "大本營",
            "confidence": 0.85
          },
          {
            "location_id": "loc_0592",
            "chapter": 108,
            "note": "不良人",
            "confidence": 0.85
          },
          {
            "location_id": "loc_0592",
            "chapter": 112,
            "note": "不良人",
            "confidence": 0.85
          },
          {
            "location_id": "loc_0004",
            "chapter": 115,
            "note": "大本營",
            "confidence": 0.85
          },
          {
            "location_id": "loc_0004",
            "chapter": 149,
            "note": "大本營",
            "confidence": 0.85
          },
          {
            "location_id": "loc_0558",
            "chapter": 158,
            "note": "D層大樓",
            "confidence": 0.85
          },
          {
            "location_id": "loc_0571",
            "chapter": 160,
            "note": "東南方倖存區",
            "confidence": 0.85
          },
          {
            "location_id": "loc_0004",
            "chapter": 161,
            "note": "大本營",
            "confidence": 0.85
          },
          {
            "location_id": "loc_0004",
            "chapter": 164,
            "note": "大本營",
            "confidence": 0.85
          },
          {
            "location_id": "loc_0486",
            "chapter": 165,
            "note": "康城倖存區",
            "confidence": 0.85
          },
          {
            "location_id": "loc_0004",
            "chapter": 170,
            "note": "大本營",
            "confidence": 0.85
          },
          {
            "location_id": "loc_0004",
            "chapter": 173,
            "note": "大本營",
            "confidence": 0.85
          },
          {
            "location_id": "loc_0617",
            "chapter": 174,
            "note": "六樓實驗室",
            "confidence": 0.85
          },
          {
            "location_id": "loc_0004",
            "chapter": 187,
            "note": "大本營",
            "confidence": 0.85
          },
          {
            "location_id": "loc_0004",
            "chapter": 195,
            "note": "大本營",
            "confidence": 0.85
          },
          {
            "location_id": "loc_0699",
            "chapter": 196,
            "note": "魔鬼山碉堡",
            "confidence": 0.85
          }
        ],
        "missing_waypoint_locations": null,
        "provenance": "character-routes.json → derive_routes_geojson.py",
        "source": "bing_gang",
        "confidence": 0.8,
        "review_status": "needs_review"
      }
    },
    {
      "type": "Feature",
      "geometry": {
        "type": "LineString",
        "coordinates": [
          [
            114.28348565651942,
            22.337559433890288
          ],
          [
            114.28348565651942,
            22.337559433890288
          ],
          [
            114.01747081712062,
            22.22027264057374
          ],
          [
            114.23559924467841,
            22.319103891050585
          ],
          [
            114.23559924467841,
            22.319103891050585
          ],
          [
            113.9011641107805,
            22.30211875333791
          ],
          [
            113.9011641107805,
            22.30211875333791
          ],
          [
            113.91653879606316,
            22.27707854581521
          ],
          [
            114.28348565651942,
            22.337559433890288
          ],
          [
            114.23660798809796,
            22.32697296864271
          ],
          [
            114.28348565651942,
            22.337559433890288
          ],
          [
            114.28348565651942,
            22.337559433890288
          ],
          [
            114.24518020141909,
            22.32275745021744
          ],
          [
            114.26346985580224,
            22.31863094529641
          ]
        ]
      },
      "properties": {
        "id": "route_ent_9a4a48cbc9_033",
        "character_id": "ent_9a4a48cbc9",
        "character_name": "艾匡",
        "color": "#E67E22",
        "chapters_span": [
          101,
          188
        ],
        "chapters": [
          101,
          102,
          103,
          109,
          111,
          116,
          117,
          134,
          135,
          136,
          175,
          178,
          181,
          188
        ],
        "precision": "fictional",
        "waypoints": [
          {
            "location_id": "loc_0634",
            "chapter": 101,
            "note": "病者平權組織",
            "confidence": 0.85
          },
          {
            "location_id": "loc_0634",
            "chapter": 102,
            "note": "病者平權組織",
            "confidence": 0.85
          },
          {
            "location_id": "loc_0592",
            "chapter": 103,
            "note": "不良人",
            "confidence": 0.85
          },
          {
            "location_id": "loc_0269",
            "chapter": 109,
            "note": "寶琳倖存區",
            "confidence": 0.85
          },
          {
            "location_id": "loc_0269",
            "chapter": 111,
            "note": "寶琳倖存區",
            "confidence": 0.85
          },
          {
            "location_id": "loc_0372",
            "chapter": 116,
            "note": "皇宮",
            "confidence": 0.85
          },
          {
            "location_id": "loc_0372",
            "chapter": 117,
            "note": "皇宮",
            "confidence": 0.85
          },
          {
            "location_id": "loc_0456",
            "chapter": 134,
            "note": "疊翠軒會所",
            "confidence": 0.85
          },
          {
            "location_id": "loc_0634",
            "chapter": 135,
            "note": "病者平權組織",
            "confidence": 0.85
          },
          {
            "location_id": "loc_0435",
            "chapter": 136,
            "note": "艾寶琳倖存區",
            "confidence": 0.85
          },
          {
            "location_id": "loc_0634",
            "chapter": 175,
            "note": "病者平權組織",
            "confidence": 0.85
          },
          {
            "location_id": "loc_0634",
            "chapter": 178,
            "note": "病者平權組織",
            "confidence": 0.85
          },
          {
            "location_id": "loc_0635",
            "chapter": 181,
            "note": "艾寶琳",
            "confidence": 0.85
          },
          {
            "location_id": "loc_0380",
            "chapter": 188,
            "note": "寶康公園",
            "confidence": 0.85
          }
        ],
        "missing_waypoint_locations": null,
        "provenance": "character-routes.json → derive_routes_geojson.py",
        "source": "bing_gang",
        "confidence": 0.8,
        "review_status": "needs_review"
      }
    },
    {
      "type": "Feature",
      "geometry": {
        "type": "LineString",
        "coordinates": [
          [
            114.04369558251315,
            22.288065880827038
          ],
          [
            114.04369558251315,
            22.288065880827038
          ],
          [
            114.270469329366,
            22.343124399176013
          ],
          [
            114.270469329366,
            22.343124399176013
          ],
          [
            113.941827878233,
            22.34932429236286
          ],
          [
            114.270469329366,
            22.343124399176013
          ],
          [
            114.270469329366,
            22.343124399176013
          ],
          [
            114.01747081712062,
            22.22027264057374
          ],
          [
            114.2689754711223,
            22.33428294041352
          ],
          [
            114.26706111238269,
            22.41361085679408
          ],
          [
            113.941827878233,
            22.34932429236286
          ],
          [
            114.01747081712062,
            22.22027264057374
          ],
          [
            113.941827878233,
            22.34932429236286
          ],
          [
            114.01747081712062,
            22.22027264057374
          ],
          [
            114.01747081712062,
            22.22027264057374
          ],
          [
            114.03805584802014,
            22.254965552758065
          ],
          [
            114.2415,
            22.3229
          ],
          [
            114.270469329366,
            22.343124399176013
          ],
          [
            113.94526939803158,
            22.42700949874113
          ],
          [
            114.1331046005951,
            22.445754139009686
          ],
          [
            114.01174135957885,
            22.396346646829937
          ],
          [
            114.23559924467841,
            22.319103891050585
          ],
          [
            114.23559924467841,
            22.319103891050585
          ],
          [
            114.270469329366,
            22.343124399176013
          ],
          [
            114.01747081712062,
            22.22027264057374
          ],
          [
            114.26256286717022,
            22.32170950637064
          ],
          [
            114.28466605630578,
            22.427039406424047
          ],
          [
            114.00353810940719,
            22.278682345311665
          ],
          [
            114.2773751888304,
            22.29762146944381
          ],
          [
            113.94484000915541,
            22.435364957656212
          ],
          [
            114.2773751888304,
            22.29762146944381
          ],
          [
            114.270469329366,
            22.343124399176013
          ],
          [
            113.95463263904783,
            22.320672732127868
          ],
          [
            114.01747081712062,
            22.22027264057374
          ],
          [
            114.2773751888304,
            22.29762146944381
          ],
          [
            114.270469329366,
            22.343124399176013
          ]
        ]
      },
      "properties": {
        "id": "route_ent_2ce4d2d78f_034",
        "character_id": "ent_2ce4d2d78f",
        "character_name": "董倫",
        "color": "#E67E22",
        "chapters_span": [
          26,
          195
        ],
        "chapters": [
          26,
          27,
          28,
          29,
          32,
          55,
          56,
          62,
          63,
          65,
          66,
          67,
          68,
          71,
          92,
          97,
          102,
          104,
          105,
          106,
          107,
          116,
          117,
          134,
          146,
          154,
          155,
          156,
          160,
          162,
          163,
          164,
          165,
          170,
          193,
          195
        ],
        "precision": "fictional",
        "waypoints": [
          {
            "location_id": "loc_0097",
            "chapter": 26,
            "note": "孤兒所",
            "confidence": 0.85
          },
          {
            "location_id": "loc_0097",
            "chapter": 27,
            "note": "孤兒所",
            "confidence": 0.85
          },
          {
            "location_id": "loc_0004",
            "chapter": 28,
            "note": "大本營",
            "confidence": 0.85
          },
          {
            "location_id": "loc_0004",
            "chapter": 29,
            "note": "大本營",
            "confidence": 0.85
          },
          {
            "location_id": "loc_0113",
            "chapter": 32,
            "note": "八樓",
            "confidence": 0.85
          },
          {
            "location_id": "loc_0004",
            "chapter": 55,
            "note": "大本營",
            "confidence": 0.85
          },
          {
            "location_id": "loc_0004",
            "chapter": 56,
            "note": "大本營",
            "confidence": 0.85
          },
          {
            "location_id": "loc_0592",
            "chapter": 62,
            "note": "不良人",
            "confidence": 0.85
          },
          {
            "location_id": "loc_0102",
            "chapter": 63,
            "note": "大本營八樓",
            "confidence": 0.85
          },
          {
            "location_id": "loc_0185",
            "chapter": 65,
            "note": "七樓以下",
            "confidence": 0.85
          },
          {
            "location_id": "loc_0113",
            "chapter": 66,
            "note": "八樓",
            "confidence": 0.85
          },
          {
            "location_id": "loc_0592",
            "chapter": 67,
            "note": "不良人",
            "confidence": 0.85
          },
          {
            "location_id": "loc_0113",
            "chapter": 68,
            "note": "八樓",
            "confidence": 0.85
          },
          {
            "location_id": "loc_0592",
            "chapter": 71,
            "note": "不良人",
            "confidence": 0.85
          },
          {
            "location_id": "loc_0592",
            "chapter": 92,
            "note": "不良人",
            "confidence": 0.85
          },
          {
            "location_id": "loc_0225",
            "chapter": 97,
            "note": "田家炳小學",
            "confidence": 0.85
          },
          {
            "location_id": "loc_0093",
            "chapter": 102,
            "note": "寶琳",
            "confidence": 0.85
          },
          {
            "location_id": "loc_0004",
            "chapter": 104,
            "note": "大本營",
            "confidence": 0.85
          },
          {
            "location_id": "loc_0357",
            "chapter": 105,
            "note": "武器庫",
            "confidence": 0.85
          },
          {
            "location_id": "loc_0360",
            "chapter": 106,
            "note": "二樓",
            "confidence": 0.85
          },
          {
            "location_id": "loc_0359",
            "chapter": 107,
            "note": "有蓋操場",
            "confidence": 0.85
          },
          {
            "location_id": "loc_0269",
            "chapter": 116,
            "note": "寶琳倖存區",
            "confidence": 0.85
          },
          {
            "location_id": "loc_0269",
            "chapter": 117,
            "note": "寶琳倖存區",
            "confidence": 0.85
          },
          {
            "location_id": "loc_0004",
            "chapter": 134,
            "note": "大本營",
            "confidence": 0.85
          },
          {
            "location_id": "loc_0592",
            "chapter": 146,
            "note": "不良人",
            "confidence": 0.85
          },
          {
            "location_id": "loc_0479",
            "chapter": 154,
            "note": "康城一期倖存區",
            "confidence": 0.85
          },
          {
            "location_id": "loc_0594",
            "chapter": 155,
            "note": "KTV館",
            "confidence": 0.85
          },
          {
            "location_id": "loc_0488",
            "chapter": 156,
            "note": "康城二期KTV館",
            "confidence": 0.85
          },
          {
            "location_id": "loc_0471",
            "chapter": 160,
            "note": "康城",
            "confidence": 0.85
          },
          {
            "location_id": "loc_0552",
            "chapter": 162,
            "note": "不法者監獄",
            "confidence": 0.85
          },
          {
            "location_id": "loc_0471",
            "chapter": 163,
            "note": "康城",
            "confidence": 0.85
          },
          {
            "location_id": "loc_0004",
            "chapter": 164,
            "note": "大本營",
            "confidence": 0.85
          },
          {
            "location_id": "loc_0258",
            "chapter": 165,
            "note": "酒吧",
            "confidence": 0.85
          },
          {
            "location_id": "loc_0592",
            "chapter": 170,
            "note": "不良人",
            "confidence": 0.85
          },
          {
            "location_id": "loc_0471",
            "chapter": 193,
            "note": "康城",
            "confidence": 0.85
          },
          {
            "location_id": "loc_0004",
            "chapter": 195,
            "note": "大本營",
            "confidence": 0.85
          }
        ],
        "missing_waypoint_locations": null,
        "provenance": "character-routes.json → derive_routes_geojson.py",
        "source": "bing_gang",
        "confidence": 0.8,
        "review_status": "needs_review"
      }
    },
    {
      "type": "Feature",
      "geometry": {
        "type": "LineString",
        "coordinates": [
          [
            114.270469329366,
            22.343124399176013
          ],
          [
            114.262,
            22.328
          ],
          [
            114.09834973678187,
            22.221704470893414
          ],
          [
            114.270469329366,
            22.343124399176013
          ],
          [
            114.270469329366,
            22.343124399176013
          ],
          [
            114.01747081712062,
            22.22027264057374
          ],
          [
            114.262,
            22.328
          ],
          [
            114.270469329366,
            22.343124399176013
          ],
          [
            114.26527562371253,
            22.301120531013964
          ],
          [
            114.30780819409476,
            22.344109140154114
          ],
          [
            114.270469329366,
            22.343124399176013
          ],
          [
            114.26193724727246,
            22.31970370794232
          ],
          [
            114.270469329366,
            22.343124399176013
          ],
          [
            114.2729,
            22.3166
          ],
          [
            114.26193724727246,
            22.31970370794232
          ],
          [
            114.3026170748455,
            22.313621995880062
          ],
          [
            114.3026170748455,
            22.313621995880062
          ],
          [
            114.23660798809796,
            22.32697296864271
          ],
          [
            114.28348565651942,
            22.337559433890288
          ],
          [
            114.26193724727246,
            22.31970370794232
          ],
          [
            113.99131654840924,
            22.383751773861295
          ],
          [
            113.99131654840924,
            22.383751773861295
          ],
          [
            114.26193724727246,
            22.31970370794232
          ],
          [
            114.26193724727246,
            22.31970370794232
          ],
          [
            114.27521309224079,
            22.278013160906383
          ],
          [
            114.270469329366,
            22.343124399176013
          ],
          [
            114.26080922407874,
            22.334337109941252
          ],
          [
            114.270469329366,
            22.343124399176013
          ],
          [
            114.270469329366,
            22.343124399176013
          ],
          [
            113.9590418860151,
            22.296511062790874
          ],
          [
            114.270469329366,
            22.343124399176013
          ],
          [
            114.26080922407874,
            22.334337109941252
          ],
          [
            114.26193724727246,
            22.31970370794232
          ],
          [
            114.20982421606774,
            22.223790531776913
          ],
          [
            114.26193724727246,
            22.31970370794232
          ],
          [
            114.270469329366,
            22.343124399176013
          ],
          [
            113.89413366903182,
            22.298888723582817
          ],
          [
            114.26193724727246,
            22.31970370794232
          ],
          [
            113.90155504692149,
            22.285093804837107
          ],
          [
            114.27474561684596,
            22.319799862668805
          ],
          [
            114.23660798809796,
            22.32697296864271
          ],
          [
            114.270469329366,
            22.343124399176013
          ]
        ]
      },
      "properties": {
        "id": "route_ent_7c6543f83e_035",
        "character_id": "ent_7c6543f83e",
        "character_name": "賴三",
        "color": "#E67E22",
        "chapters_span": [
          25,
          195
        ],
        "chapters": [
          25,
          33,
          34,
          35,
          43,
          55,
          63,
          67,
          82,
          86,
          106,
          117,
          119,
          123,
          126,
          132,
          133,
          134,
          135,
          136,
          137,
          138,
          145,
          146,
          148,
          149,
          167,
          172,
          173,
          174,
          175,
          176,
          178,
          179,
          180,
          181,
          182,
          186,
          189,
          191,
          194,
          195
        ],
        "precision": "fictional",
        "waypoints": [
          {
            "location_id": "loc_0004",
            "chapter": 25,
            "note": "大本營",
            "confidence": 0.85
          },
          {
            "location_id": "loc_0104",
            "chapter": 33,
            "note": "學堂",
            "confidence": 0.85
          },
          {
            "location_id": "loc_0682",
            "chapter": 34,
            "note": "攝影大樓",
            "confidence": 0.85
          },
          {
            "location_id": "loc_0004",
            "chapter": 35,
            "note": "大本營",
            "confidence": 0.85
          },
          {
            "location_id": "loc_0004",
            "chapter": 43,
            "note": "大本營",
            "confidence": 0.85
          },
          {
            "location_id": "loc_0592",
            "chapter": 55,
            "note": "不良人",
            "confidence": 0.85
          },
          {
            "location_id": "loc_0104",
            "chapter": 63,
            "note": "學堂",
            "confidence": 0.85
          },
          {
            "location_id": "loc_0004",
            "chapter": 67,
            "note": "大本營",
            "confidence": 0.85
          },
          {
            "location_id": "loc_0282",
            "chapter": 82,
            "note": "海皮一帶",
            "confidence": 0.85
          },
          {
            "location_id": "loc_0089",
            "chapter": 86,
            "note": "行人隧道",
            "confidence": 0.85
          },
          {
            "location_id": "loc_0004",
            "chapter": 106,
            "note": "大本營",
            "confidence": 0.85
          },
          {
            "location_id": "loc_0399",
            "chapter": 117,
            "note": "病獵公會",
            "confidence": 0.85
          },
          {
            "location_id": "loc_0004",
            "chapter": 119,
            "note": "大本營",
            "confidence": 0.85
          },
          {
            "location_id": "loc_0338",
            "chapter": 123,
            "note": "坑口",
            "confidence": 0.85
          },
          {
            "location_id": "loc_0399",
            "chapter": 126,
            "note": "病獵公會",
            "confidence": 0.85
          },
          {
            "location_id": "loc_0437",
            "chapter": 132,
            "note": "皇室區",
            "confidence": 0.85
          },
          {
            "location_id": "loc_0437",
            "chapter": 133,
            "note": "皇室區",
            "confidence": 0.85
          },
          {
            "location_id": "loc_0435",
            "chapter": 134,
            "note": "艾寶琳倖存區",
            "confidence": 0.85
          },
          {
            "location_id": "loc_0634",
            "chapter": 135,
            "note": "病者平權組織",
            "confidence": 0.85
          },
          {
            "location_id": "loc_0399",
            "chapter": 136,
            "note": "病獵公會",
            "confidence": 0.85
          },
          {
            "location_id": "loc_0207",
            "chapter": 137,
            "note": "病房",
            "confidence": 0.85
          },
          {
            "location_id": "loc_0207",
            "chapter": 138,
            "note": "病房",
            "confidence": 0.85
          },
          {
            "location_id": "loc_0399",
            "chapter": 145,
            "note": "病獵公會",
            "confidence": 0.85
          },
          {
            "location_id": "loc_0399",
            "chapter": 146,
            "note": "病獵公會",
            "confidence": 0.85
          },
          {
            "location_id": "loc_0007",
            "chapter": 148,
            "note": "圖書館",
            "confidence": 0.85
          },
          {
            "location_id": "loc_0004",
            "chapter": 149,
            "note": "大本營",
            "confidence": 0.85
          },
          {
            "location_id": "loc_0469",
            "chapter": 167,
            "note": "病者之都",
            "confidence": 0.85
          },
          {
            "location_id": "loc_0004",
            "chapter": 172,
            "note": "大本營",
            "confidence": 0.85
          },
          {
            "location_id": "loc_0004",
            "chapter": 173,
            "note": "大本營",
            "confidence": 0.85
          },
          {
            "location_id": "loc_0298",
            "chapter": 174,
            "note": "死亡之路",
            "confidence": 0.85
          },
          {
            "location_id": "loc_0004",
            "chapter": 175,
            "note": "大本營",
            "confidence": 0.85
          },
          {
            "location_id": "loc_0469",
            "chapter": 176,
            "note": "病者之都",
            "confidence": 0.85
          },
          {
            "location_id": "loc_0399",
            "chapter": 178,
            "note": "病獵公會",
            "confidence": 0.85
          },
          {
            "location_id": "loc_0013",
            "chapter": 179,
            "note": "病窩",
            "confidence": 0.85
          },
          {
            "location_id": "loc_0399",
            "chapter": 180,
            "note": "病獵公會",
            "confidence": 0.85
          },
          {
            "location_id": "loc_0004",
            "chapter": 181,
            "note": "大本營",
            "confidence": 0.85
          },
          {
            "location_id": "loc_0409",
            "chapter": 182,
            "note": "松木村",
            "confidence": 0.85
          },
          {
            "location_id": "loc_0399",
            "chapter": 186,
            "note": "病獵公會",
            "confidence": 0.85
          },
          {
            "location_id": "loc_0675",
            "chapter": 189,
            "note": "體育館",
            "confidence": 0.85
          },
          {
            "location_id": "loc_0677",
            "chapter": 191,
            "note": "疊翠軒皇家醫院",
            "confidence": 0.85
          },
          {
            "location_id": "loc_0435",
            "chapter": 194,
            "note": "艾寶琳倖存區",
            "confidence": 0.85
          },
          {
            "location_id": "loc_0004",
            "chapter": 195,
            "note": "大本營",
            "confidence": 0.85
          }
        ],
        "missing_waypoint_locations": null,
        "provenance": "character-routes.json → derive_routes_geojson.py",
        "source": "bing_gang",
        "confidence": 0.8,
        "review_status": "needs_review"
      }
    },
    {
      "type": "Feature",
      "geometry": {
        "type": "LineString",
        "coordinates": [
          [
            114.01747081712062,
            22.22027264057374
          ],
          [
            114.01747081712062,
            22.22027264057374
          ],
          [
            114.28348565651942,
            22.337559433890288
          ],
          [
            113.91746166170748,
            22.366315594720376
          ],
          [
            114.01747081712062,
            22.22027264057374
          ],
          [
            114.01747081712062,
            22.22027264057374
          ],
          [
            114.28348565651942,
            22.337559433890288
          ],
          [
            114.01747081712062,
            22.22027264057374
          ],
          [
            114.01747081712062,
            22.22027264057374
          ],
          [
            114.1331046005951,
            22.445754139009686
          ],
          [
            114.1331046005951,
            22.445754139009686
          ],
          [
            114.26905138475624,
            22.328745059891663
          ],
          [
            113.90029892423895,
            22.24443057145037
          ],
          [
            114.22974273289081,
            22.225880331120774
          ],
          [
            114.22923643854429,
            22.32930483710994
          ]
        ]
      },
      "properties": {
        "id": "route_ent_21ab52894b_036",
        "character_id": "ent_21ab52894b",
        "character_name": "銘凱",
        "color": "#F39C12",
        "chapters_span": [
          85,
          171
        ],
        "chapters": [
          85,
          91,
          92,
          93,
          94,
          99,
          102,
          103,
          105,
          106,
          107,
          143,
          169,
          170,
          171
        ],
        "precision": "fictional",
        "waypoints": [
          {
            "location_id": "loc_0592",
            "chapter": 85,
            "note": "不良人",
            "confidence": 0.85
          },
          {
            "location_id": "loc_0592",
            "chapter": 91,
            "note": "不良人",
            "confidence": 0.85
          },
          {
            "location_id": "loc_0634",
            "chapter": 92,
            "note": "病者平權組織",
            "confidence": 0.85
          },
          {
            "location_id": "loc_0051",
            "chapter": 93,
            "note": "天台",
            "confidence": 0.85
          },
          {
            "location_id": "loc_0592",
            "chapter": 94,
            "note": "不良人",
            "confidence": 0.85
          },
          {
            "location_id": "loc_0592",
            "chapter": 99,
            "note": "不良人",
            "confidence": 0.85
          },
          {
            "location_id": "loc_0634",
            "chapter": 102,
            "note": "病者平權組織",
            "confidence": 0.85
          },
          {
            "location_id": "loc_0592",
            "chapter": 103,
            "note": "不良人",
            "confidence": 0.85
          },
          {
            "location_id": "loc_0592",
            "chapter": 105,
            "note": "不良人",
            "confidence": 0.85
          },
          {
            "location_id": "loc_0360",
            "chapter": 106,
            "note": "二樓",
            "confidence": 0.85
          },
          {
            "location_id": "loc_0360",
            "chapter": 107,
            "note": "二樓",
            "confidence": 0.85
          },
          {
            "location_id": "loc_0462",
            "chapter": 143,
            "note": "寶盈花園小型倖存區",
            "confidence": 0.85
          },
          {
            "location_id": "loc_0602",
            "chapter": 169,
            "note": "密室",
            "confidence": 0.85
          },
          {
            "location_id": "loc_0604",
            "chapter": 170,
            "note": "地下密室",
            "confidence": 0.85
          },
          {
            "location_id": "loc_0608",
            "chapter": 171,
            "note": "假日皇冠酒店",
            "confidence": 0.85
          }
        ],
        "missing_waypoint_locations": null,
        "provenance": "character-routes.json → derive_routes_geojson.py",
        "source": "bing_gang",
        "confidence": 0.8,
        "review_status": "needs_review"
      }
    },
    {
      "type": "Feature",
      "geometry": {
        "type": "LineString",
        "coordinates": [
          [
            114.09893293659876,
            22.237252727550164
          ],
          [
            114.10332936598763,
            22.41442584115358
          ],
          [
            114.1331046005951,
            22.445754139009686
          ],
          [
            114.2984641794461,
            22.22172316319524
          ],
          [
            114.270469329366,
            22.343124399176013
          ]
        ]
      },
      "properties": {
        "id": "route_ent_1ad97dd7c0_037",
        "character_id": "ent_1ad97dd7c0",
        "character_name": "阿文",
        "color": "#1ABC9C",
        "chapters_span": [
          40,
          54
        ],
        "chapters": [
          40,
          45,
          47,
          50,
          54
        ],
        "precision": "fictional",
        "waypoints": [
          {
            "location_id": "loc_0052",
            "chapter": 40,
            "note": "市集",
            "confidence": 0.85
          },
          {
            "location_id": "loc_0579",
            "chapter": 45,
            "note": "辦公室",
            "confidence": 0.85
          },
          {
            "location_id": "loc_0360",
            "chapter": 47,
            "note": "二樓",
            "confidence": 0.85
          },
          {
            "location_id": "loc_0151",
            "chapter": 50,
            "note": "實驗室",
            "confidence": 0.85
          },
          {
            "location_id": "loc_0004",
            "chapter": 54,
            "note": "大本營",
            "confidence": 0.85
          }
        ],
        "missing_waypoint_locations": null,
        "provenance": "character-routes.json → derive_routes_geojson.py",
        "source": "bing_gang",
        "confidence": 0.8,
        "review_status": "needs_review"
      }
    },
    {
      "type": "Feature",
      "geometry": {
        "type": "LineString",
        "coordinates": [
          [
            114.27521309224079,
            22.278013160906383
          ],
          [
            114.04369558251315,
            22.288065880827038
          ],
          [
            114.04369558251315,
            22.288065880827038
          ],
          [
            114.20674158846418,
            22.34654287785153
          ],
          [
            114.270469329366,
            22.343124399176013
          ],
          [
            113.941827878233,
            22.34932429236286
          ],
          [
            114.262,
            22.328
          ],
          [
            113.91730785076676,
            22.25855447470817
          ],
          [
            114.11367315175097,
            22.363657549401083
          ],
          [
            114.262,
            22.328
          ],
          [
            114.270469329366,
            22.343124399176013
          ],
          [
            114.270469329366,
            22.343124399176013
          ],
          [
            114.26484142061494,
            22.340701647974367
          ],
          [
            114.262,
            22.328
          ],
          [
            114.25317326619363,
            22.262861181048294
          ],
          [
            114.270469329366,
            22.343124399176013
          ],
          [
            114.270469329366,
            22.343124399176013
          ],
          [
            114.13020141908903,
            22.295983939879452
          ]
        ]
      },
      "properties": {
        "id": "route_ent_24402a9d9b_038",
        "character_id": "ent_24402a9d9b",
        "character_name": "阿玲",
        "color": "#F39C12",
        "chapters_span": [
          22,
          195
        ],
        "chapters": [
          22,
          26,
          27,
          29,
          30,
          32,
          33,
          35,
          63,
          65,
          67,
          106,
          148,
          149,
          170,
          191,
          192,
          195
        ],
        "precision": "fictional",
        "waypoints": [
          {
            "location_id": "loc_0007",
            "chapter": 22,
            "note": "圖書館",
            "confidence": 0.85
          },
          {
            "location_id": "loc_0097",
            "chapter": 26,
            "note": "孤兒所",
            "confidence": 0.85
          },
          {
            "location_id": "loc_0097",
            "chapter": 27,
            "note": "孤兒所",
            "confidence": 0.85
          },
          {
            "location_id": "loc_0109",
            "chapter": 29,
            "note": "董倫的大宅",
            "confidence": 0.85
          },
          {
            "location_id": "loc_0004",
            "chapter": 30,
            "note": "大本營",
            "confidence": 0.85
          },
          {
            "location_id": "loc_0113",
            "chapter": 32,
            "note": "八樓",
            "confidence": 0.85
          },
          {
            "location_id": "loc_0104",
            "chapter": 33,
            "note": "學堂",
            "confidence": 0.85
          },
          {
            "location_id": "loc_0121",
            "chapter": 35,
            "note": "孤兒院",
            "confidence": 0.85
          },
          {
            "location_id": "loc_0046",
            "chapter": 63,
            "note": "安區",
            "confidence": 0.85
          },
          {
            "location_id": "loc_0104",
            "chapter": 65,
            "note": "學堂",
            "confidence": 0.85
          },
          {
            "location_id": "loc_0004",
            "chapter": 67,
            "note": "大本營",
            "confidence": 0.85
          },
          {
            "location_id": "loc_0004",
            "chapter": 106,
            "note": "大本營",
            "confidence": 0.85
          },
          {
            "location_id": "loc_0538",
            "chapter": 148,
            "note": "大本營圖書館",
            "confidence": 0.85
          },
          {
            "location_id": "loc_0104",
            "chapter": 149,
            "note": "學堂",
            "confidence": 0.85
          },
          {
            "location_id": "loc_0220",
            "chapter": 170,
            "note": "B橦大樓",
            "confidence": 0.85
          },
          {
            "location_id": "loc_0004",
            "chapter": 191,
            "note": "大本營",
            "confidence": 0.85
          },
          {
            "location_id": "loc_0004",
            "chapter": 192,
            "note": "大本營",
            "confidence": 0.85
          },
          {
            "location_id": "loc_0329",
            "chapter": 195,
            "note": "樓梯間",
            "confidence": 0.85
          }
        ],
        "missing_waypoint_locations": null,
        "provenance": "character-routes.json → derive_routes_geojson.py",
        "source": "bing_gang",
        "confidence": 0.8,
        "review_status": "needs_review"
      }
    },
    {
      "type": "Feature",
      "geometry": {
        "type": "LineString",
        "coordinates": [
          [
            114.20867704280155,
            22.29439509422446
          ],
          [
            114.02171343556877,
            22.415345502403294
          ],
          [
            114.270469329366,
            22.343124399176013
          ],
          [
            114.270469329366,
            22.343124399176013
          ],
          [
            114.262,
            22.328
          ],
          [
            114.270469329366,
            22.343124399176013
          ],
          [
            114.270469329366,
            22.343124399176013
          ],
          [
            113.98556145571068,
            22.375904745555808
          ]
        ]
      },
      "properties": {
        "id": "route_ent_1e7255557d_039",
        "character_id": "ent_1e7255557d",
        "character_name": "阿登",
        "color": "#1ABC9C",
        "chapters_span": [
          3,
          173
        ],
        "chapters": [
          3,
          7,
          11,
          25,
          33,
          67,
          172,
          173
        ],
        "precision": "fictional",
        "waypoints": [
          {
            "location_id": "loc_0008",
            "chapter": 3,
            "note": "李惠利大樓",
            "confidence": 0.85
          },
          {
            "location_id": "loc_0575",
            "chapter": 7,
            "note": "鐵籠",
            "confidence": 0.85
          },
          {
            "location_id": "loc_0004",
            "chapter": 11,
            "note": "大本營",
            "confidence": 0.85
          },
          {
            "location_id": "loc_0004",
            "chapter": 25,
            "note": "大本營",
            "confidence": 0.85
          },
          {
            "location_id": "loc_0104",
            "chapter": 33,
            "note": "學堂",
            "confidence": 0.85
          },
          {
            "location_id": "loc_0004",
            "chapter": 67,
            "note": "大本營",
            "confidence": 0.85
          },
          {
            "location_id": "loc_0004",
            "chapter": 172,
            "note": "大本營",
            "confidence": 0.85
          },
          {
            "location_id": "loc_0612",
            "chapter": 173,
            "note": "領導房",
            "confidence": 0.85
          }
        ],
        "missing_waypoint_locations": null,
        "provenance": "character-routes.json → derive_routes_geojson.py",
        "source": "bing_gang",
        "confidence": 0.8,
        "review_status": "needs_review"
      }
    },
    {
      "type": "Feature",
      "geometry": {
        "type": "LineString",
        "coordinates": [
          [
            114.27174593728542,
            22.44443446250095
          ],
          [
            113.9011641107805,
            22.30211875333791
          ],
          [
            114.25740151064316,
            22.316948409246965
          ],
          [
            114.23660798809796,
            22.32697296864271
          ],
          [
            114.270469329366,
            22.343124399176013
          ]
        ]
      },
      "properties": {
        "id": "route_ent_7ed34c8449_040",
        "character_id": "ent_7ed34c8449",
        "character_name": "阿禮",
        "color": "#1ABC9C",
        "chapters_span": [
          134,
          191
        ],
        "chapters": [
          134,
          135,
          138,
          142,
          191
        ],
        "precision": "fictional",
        "waypoints": [
          {
            "location_id": "loc_0454",
            "chapter": 134,
            "note": "皇宮外露天花園",
            "confidence": 0.85
          },
          {
            "location_id": "loc_0372",
            "chapter": 135,
            "note": "皇宮",
            "confidence": 0.85
          },
          {
            "location_id": "loc_0443",
            "chapter": 138,
            "note": "新都城二期",
            "confidence": 0.85
          },
          {
            "location_id": "loc_0435",
            "chapter": 142,
            "note": "艾寶琳倖存區",
            "confidence": 0.85
          },
          {
            "location_id": "loc_0004",
            "chapter": 191,
            "note": "大本營",
            "confidence": 0.85
          }
        ],
        "missing_waypoint_locations": null,
        "provenance": "character-routes.json → derive_routes_geojson.py",
        "source": "bing_gang",
        "confidence": 0.8,
        "review_status": "needs_review"
      }
    },
    {
      "type": "Feature",
      "geometry": {
        "type": "LineString",
        "coordinates": [
          [
            114.2773751888304,
            22.29762146944381
          ],
          [
            113.91746166170748,
            22.366315594720376
          ],
          [
            113.925562371252,
            22.286271419851985
          ],
          [
            114.06046738384069,
            22.39151281757839
          ],
          [
            113.95463263904783,
            22.320672732127868
          ]
        ]
      },
      "properties": {
        "id": "route_ent_e3d589126a_041",
        "character_id": "ent_e3d589126a",
        "character_name": "陸軒",
        "color": "#9B59B6",
        "chapters_span": [
          154,
          166
        ],
        "chapters": [
          154,
          155,
          160,
          161,
          166
        ],
        "precision": "fictional",
        "waypoints": [
          {
            "location_id": "loc_0471",
            "chapter": 154,
            "note": "康城",
            "confidence": 0.85
          },
          {
            "location_id": "loc_0051",
            "chapter": 155,
            "note": "天台",
            "confidence": 0.85
          },
          {
            "location_id": "loc_0569",
            "chapter": 160,
            "note": "酒吧「Eagle」",
            "confidence": 0.85
          },
          {
            "location_id": "loc_0573",
            "chapter": 161,
            "note": "Eagle酒吧",
            "confidence": 0.85
          },
          {
            "location_id": "loc_0258",
            "chapter": 166,
            "note": "酒吧",
            "confidence": 0.85
          }
        ],
        "missing_waypoint_locations": null,
        "provenance": "character-routes.json → derive_routes_geojson.py",
        "source": "bing_gang",
        "confidence": 0.8,
        "review_status": "needs_review"
      }
    },
    {
      "type": "Feature",
      "geometry": {
        "type": "LineString",
        "coordinates": [
          [
            114.2689754711223,
            22.33428294041352
          ],
          [
            114.01747081712062,
            22.22027264057374
          ],
          [
            114.01747081712062,
            22.22027264057374
          ],
          [
            114.1601625085832,
            22.279224422064544
          ],
          [
            114.01747081712062,
            22.22027264057374
          ],
          [
            114.01747081712062,
            22.22027264057374
          ]
        ]
      },
      "properties": {
        "id": "route_ent_4b04ca5989_043",
        "character_id": "ent_4b04ca5989",
        "character_name": "馬德梵",
        "color": "#9B59B6",
        "chapters_span": [
          38,
          92
        ],
        "chapters": [
          38,
          62,
          63,
          65,
          66,
          92
        ],
        "precision": "fictional",
        "waypoints": [
          {
            "location_id": "loc_0102",
            "chapter": 38,
            "note": "大本營八樓",
            "confidence": 0.85
          },
          {
            "location_id": "loc_0592",
            "chapter": 62,
            "note": "不良人",
            "confidence": 0.85
          },
          {
            "location_id": "loc_0592",
            "chapter": 63,
            "note": "不良人",
            "confidence": 0.85
          },
          {
            "location_id": "loc_0111",
            "chapter": 65,
            "note": "董倫私人會所",
            "confidence": 0.85
          },
          {
            "location_id": "loc_0592",
            "chapter": 66,
            "note": "不良人",
            "confidence": 0.85
          },
          {
            "location_id": "loc_0592",
            "chapter": 92,
            "note": "不良人",
            "confidence": 0.85
          }
        ],
        "missing_waypoint_locations": null,
        "provenance": "character-routes.json → derive_routes_geojson.py",
        "source": "bing_gang",
        "confidence": 0.8,
        "review_status": "needs_review"
      }
    }
  ]
}