{
  "type": "FeatureCollection",
  "features": [
    {
      "type": "Feature",
      "geometry": {
        "type": "Polygon",
        "coordinates": [
          [
            [
              114.25706,
              22.305905
            ],
            [
              114.257029,
              22.306344
            ],
            [
              114.256937,
              22.306776
            ],
            [
              114.256785,
              22.307193
            ],
            [
              114.256576,
              22.307588
            ],
            [
              114.256313,
              22.307954
            ],
            [
              114.256001,
              22.308285
            ],
            [
              114.255646,
              22.308575
            ],
            [
              114.255252,
              22.30882
            ],
            [
              114.254828,
              22.309014
            ],
            [
              114.254381,
              22.309156
            ],
            [
              114.253917,
              22.309242
            ],
            [
              114.253445,
              22.309271
            ],
            [
              114.252973,
              22.309242
            ],
            [
              114.252509,
              22.309156
            ],
            [
              114.252062,
              22.309014
            ],
            [
              114.251638,
              22.30882
            ],
            [
              114.251244,
              22.308575
            ],
            [
              114.250889,
              22.308285
            ],
            [
              114.250577,
              22.307954
            ],
            [
              114.250315,
              22.307588
            ],
            [
              114.250105,
              22.307193
            ],
            [
              114.249953,
              22.306776
            ],
            [
              114.249861,
              22.306344
            ],
            [
              114.24983,
              22.305905
            ],
            [
              114.249861,
              22.305466
            ],
            [
              114.249953,
              22.305034
            ],
            [
              114.250105,
              22.304617
            ],
            [
              114.250315,
              22.304222
            ],
            [
              114.250577,
              22.303856
            ],
            [
              114.250889,
              22.303525
            ],
            [
              114.251244,
              22.303235
            ],
            [
              114.251638,
              22.30299
            ],
            [
              114.252062,
              22.302795
            ],
            [
              114.252509,
              22.302654
            ],
            [
              114.252973,
              22.302568
            ],
            [
              114.253445,
              22.302539
            ],
            [
              114.253917,
              22.302568
            ],
            [
              114.254381,
              22.302654
            ],
            [
              114.254828,
              22.302795
            ],
            [
              114.255252,
              22.30299
            ],
            [
              114.255646,
              22.303235
            ],
            [
              114.256001,
              22.303525
            ],
            [
              114.256313,
              22.303856
            ],
            [
              114.256576,
              22.304222
            ],
            [
              114.256785,
              22.304617
            ],
            [
              114.256937,
              22.305034
            ],
            [
              114.257029,
              22.305466
            ],
            [
              114.25706,
              22.305905
            ]
          ]
        ]
      },
      "properties": {
        "id": "zone_d3f76d3c94",
        "name": "大本營",
        "kind": "survivor",
        "kind_votes": {
          "nest": 1,
          "outpost": 2,
          "survivor": 8
        },
        "zone_type": "survivor_zone",
        "status": "active",
        "danger_level": 1,
        "spatial_precision": "approximate",
        "display_style": {
          "fill": "--zone-survivor",
          "pattern": "contour",
          "icon": "shield"
        },
        "chapter_refs": [
          1,
          2,
          3,
          4,
          5,
          6,
          7,
          8,
          9,
          10,
          11,
          12,
          13,
          14,
          15,
          16,
          17,
          18,
          19,
          20,
          21,
          22,
          23,
          24,
          25,
          26,
          27,
          28,
          29,
          30,
          31,
          32,
          33,
          34,
          35,
          36,
          37,
          38,
          39,
          40,
          41,
          42,
          43,
          44,
          45,
          46,
          47,
          48,
          49,
          50,
          52,
          53,
          54,
          55,
          56,
          57,
          58,
          59,
          60,
          61,
          62,
          63,
          64,
          65,
          66,
          67,
          68,
          69,
          70,
          71,
          72,
          73,
          74,
          75,
          79,
          80,
          84,
          91,
          92,
          95,
          96,
          97,
          102,
          104,
          105,
          106,
          107,
          108,
          109,
          110,
          143,
          144,
          146,
          147,
          148,
          149,
          150,
          167,
          168,
          170,
          172,
          173,
          174,
          175,
          181,
          188,
          191,
          192,
          193,
          195,
          196,
          198
        ],
        "event_ids": [
          "bg_event_003",
          "bg_event_037",
          "bg_event_042",
          "bg_event_043",
          "bg_event_045",
          "bg_event_047",
          "bg_event_048",
          "bg_event_061",
          "bg_event_1007",
          "bg_event_102",
          "bg_event_103",
          "bg_event_104",
          "bg_event_143",
          "bg_event_1635",
          "bg_event_295",
          "bg_event_297",
          "bg_event_298",
          "bg_event_299",
          "bg_event_300",
          "bg_event_302",
          "bg_event_303",
          "bg_event_309",
          "bg_event_310",
          "bg_event_311",
          "bg_event_312",
          "bg_event_313",
          "bg_event_314",
          "bg_event_462",
          "bg_event_885",
          "bg_event_956",
          "bg_event_993"
        ],
        "character_ids": [
          "chris",
          "ent_0314d499b9",
          "ent_05b1ee1378",
          "ent_0ad2def3f5",
          "ent_1ad97dd7c0",
          "ent_1e7255557d",
          "ent_369e54e80b",
          "ent_3c0413f11b",
          "ent_50c9d96121",
          "ent_65a576755a",
          "ent_7c6543f83e",
          "ent_7f6734f51b",
          "ent_7f8138e1f9",
          "ent_82a21d93ae",
          "ent_8921c909f4",
          "ent_970c603b4f",
          "ent_a7587dbd84",
          "ent_ac57edddaa",
          "ent_b14b0605ce",
          "ent_b9773b2977",
          "ent_cd17e50f39",
          "ent_d224ec3810",
          "ent_d460958c66",
          "ent_d61cc93d26",
          "ent_dd034941ef",
          "ent_f0997b0225",
          "ent_f7fba74a62"
        ],
        "member_location_ids": [
          "loc_0013",
          "loc_0054",
          "loc_0060",
          "loc_0065",
          "loc_0110",
          "loc_0151",
          "loc_0210",
          "loc_0314",
          "loc_0334",
          "loc_0340",
          "loc_0648"
        ],
        "dossier_id": "dossier_d3f76d3c94",
        "confidence": 0.75,
        "confidence_inputs": {
          "coord_score": 0.5,
          "dossier_score": 1.0,
          "kind_score": 0.7273
        },
        "review_status": "needs_validation",
        "zone_review_status": "needs_validation",
        "schema_version": 2,
        "aliases": [
          "大本營安全區",
          "安全區",
          "營",
          "私人會所",
          "地下層多媒體攝影棚",
          "香港知專設計學院",
          "攝影棚",
          "大本營倖存區"
        ],
        "chapters": [
          1,
          2,
          3,
          4,
          5,
          6,
          7,
          8,
          9,
          10,
          11,
          12,
          13,
          14,
          15,
          16,
          17,
          18,
          19,
          20,
          21,
          22,
          23,
          24,
          25,
          26,
          27,
          28,
          29,
          30,
          31,
          32,
          33,
          34,
          35,
          36,
          37,
          38,
          39,
          40,
          41,
          42,
          43,
          44,
          45,
          46,
          47,
          48,
          49,
          50,
          52,
          53,
          54,
          55,
          56,
          57,
          58,
          59,
          60,
          61,
          62,
          63,
          64,
          65,
          66,
          67,
          68,
          69,
          70,
          71,
          72,
          73,
          74,
          75,
          79,
          80,
          84,
          91,
          92,
          95,
          96,
          97,
          102,
          104,
          105,
          106,
          107,
          108,
          109,
          110,
          143,
          144,
          146,
          147,
          148,
          149,
          150,
          167,
          168,
          170,
          172,
          173,
          174,
          175,
          181,
          188,
          191,
          192,
          193,
          195,
          196,
          198
        ],
        "first_appearance": 1,
        "location_hint": "將軍澳；由香港知專設計學院（HKDI）校舍改建，有五幢大樓、七樓貫通各樓，外圍被廢車、廢鐵、傢俱雜物及鐵板圍牆堵塞，設北門與南門",
        "government": "首領「老賢」為最高話事人，實際行動與決策由前線指揮「少佐」負責；另有秘密行動組織「安區」，成員包括少佐、阿玲等，老賢可派出「貢獻度」（以他獨有的果汁糖代表）",
        "leadership": [
          "老賢",
          "少佐",
          "大舊",
          "Dr.D",
          "董倫",
          "馬姑娘",
          "江子千",
          "老賢（前首領，已死）",
          "少佐（現首領）",
          "阿玲",
          "瑜小六",
          "江子千（搜索隊隊目）",
          "少佐（第二任領導人）",
          "老賢（前任領導人，已死）",
          "愛紗（顧問／代理）",
          "大舊（對外決策部）",
          "M（被指定第三任領導人）",
          "賴三老師",
          "老賢（前領導人）"
        ],
        "social_structure": "以樓層分層：八樓以上為權貴及知識份子（律師、政府公職、工程師、食物安全專家），七樓以下為平民（B區多為平民，打地鋪）；另有學堂師生、各搜索隊（01–07小隊，04為全女班「克里絲娜」）及C幢工坊勞工",
        "economy": "糧食行配給制（派飯廣播、糧食卷，一顆果汁糖可換十五張飯票），市集用以物易物（煙、電池、武器、鬧鐘、防冷衣物等），部分物品須以「貢獻度」購買；一顆果汁糖亦可換一分鐘沖涼",
        "defense": "外圍以廢車、廢鐵、傢俱雜物加上鐵板圍牆堵塞，出入口設看守、須出示出入許可證；夜晚各樓層插火把照明，並有手持武器的年輕壯士站崗",
        "population": "百多人（ch0092：「如果大本營百多個人一起拿著武器衝進不良人據點」）",
        "culture": "刻意保留人類文明：圖書館、飯堂、演講廳鋼琴演奏、心理輔導、為小孩開班、教導病者知識與對戰技巧的訓練班；同時存在小孩欺凌、私藏物資、內部陰謀等陰暗面",
        "notable_features": [
          "香港知專設計學院（HKDI）校舍",
          "七樓圖書館（首領房間與上課地點）",
          "B樓醫療室",
          "李惠利大樓（四樓食物分配、五樓糧倉）",
          "A樓地下活動房與七樓宿舍",
          "C樓裁衣部",
          "D樓醫療研究室與隔離病房",
          "中央大營火",
          "市集",
          "一樓演講廳",
          "露天泳池更衣室（沖涼房）",
          "北門與南門",
          "李惠利大樓",
          "圖書館（老賢辦公室、4號會議室）",
          "孤兒所（七樓圖書館玻璃房自修室）",
          "學堂（六樓601至606室）",
          "中央廣場",
          "天台",
          "大本營市集",
          "A橦一樓拘留所",
          "C橦攝影大樓",
          "D橦大樓醫療室",
          "董倫大宅（八樓）",
          "由七樓孤兒所改建而成",
          "Dr.D 的秘密實驗工作室",
          "大鐵門",
          "營火與廣場",
          "圖書館",
          "學堂",
          "C幢工坊（木工、紡織、武器製造、病者陷阱設計室）",
          "D幢醫療大樓",
          "A幢拘留室及盤問室",
          "七樓董倫私人會所（妓院）",
          "八樓權貴區",
          "荒廢錄影機與攝影器材",
          "以血寫成的「沒有真理！只有痛苦」",
          "人體殘肢與內臟",
          "供其在半空移動的滾軸支架",
          "四幢相連大樓",
          "醫療室",
          "鐵門",
          "廣場",
          "學堂／孤兒所",
          "糧庫",
          "八樓（王達尼曾與M爆格）",
          "A橦／C橦／D橦醫療大樓",
          "七樓圖書館",
          "活動室",
          "健身室",
          "工坊",
          "廣場地攤",
          "學堂（孤兒所）",
          "機關大門",
          "機關鐵門",
          "廣場燒烤區",
          "禁書區",
          "B橦小影院",
          "D橦監護病房",
          "A005室攝影棚",
          "七樓圖書館與領導房",
          "C橦工坊與攝影大樓",
          "D橦醫療大樓",
          "B橦",
          "展覽廳",
          "機關大閘",
          "地下渠道",
          "多媒體地下攝影棚",
          "大本營地下層多媒體攝影棚",
          "董倫私人會所"
        ],
        "threats": [
          "病者",
          "「不良人」派來的間諜",
          "Dr.D 的野心與人體研究",
          "糧食與物資嚴重短缺",
          "高層把活人當貢品送給病腦的秘密交易",
          "不良人",
          "八樓權貴派系內鬥",
          "糧食短缺",
          "孤兒被充作童工",
          "性病傳播",
          "Dr.D 的病者實驗",
          "曾在此工作的人員失蹤",
          "病者（病腦、病爪、舌女等）",
          "Dr.D與馬姑娘",
          "八樓內奸",
          "棚中的怪物（以短刀攻擊，行動敏捷，熟悉棚內環境）",
          "不良人（不準時納貢即隨機殺十人）",
          "資源短缺",
          "Dr.D",
          "病者平權組織",
          "不良人（敵對）",
          "居民外出失蹤事件",
          "不法者",
          "董倫",
          "Dr.D／余智海",
          "龍捲風"
        ],
        "summary": "多媒體地下攝影棚位於大本營外，需由外面進入，但與大本營相連。馬姑娘每逢星期一、三、五深夜都會帶同物品前來，逗留約二十分鐘。棚內漆黑、雜物堆積、臭味濃烈，牆上以血寫著「沒有真理！只有痛苦」，角落棄置大量人體殘肢與內臟。這裡住著Dr.D的第二任助手——一個皮膚焦黃、半身紅點、會說話、有智慧、自稱「唔係病者」的怪物，他能在滾軸支架上攀爬移動，以短刀襲擊闖入者。",
        "radius_m": 372.1,
        "radius_source": "default",
        "coords_source": "locations",
        "coords_evidence": "由 28 個地點分佈推導（精確配對 1 + 同名前綴 27）",
        "range_evidence": "只有 28 個成員點，用按類型嘅預設半徑（估算）",
        "coordinate_confidence": 0.55,
        "coordinate_source": "zone_inference",
        "coordinate_review_status": "needs_validation",
        "spatial_evidence_count": 26,
        "sources": [
          "A1",
          "A2",
          "A3",
          "A4",
          "A5",
          "A6",
          "A7",
          "A8"
        ],
        "source": "bing_gang"
      }
    },
    {
      "type": "Feature",
      "geometry": {
        "type": "Polygon",
        "coordinates": [
          [
            [
              114.262301,
              22.317154
            ],
            [
              114.264074,
              22.310374
            ],
            [
              114.272277,
              22.316879
            ],
            [
              114.267321,
              22.323818
            ],
            [
              114.262972,
              22.318931
            ],
            [
              114.262301,
              22.317154
            ]
          ]
        ]
      },
      "properties": {
        "id": "zone_51bf7d8190",
        "name": "病腦嘅病窩（荒廢商場）",
        "kind": "nest",
        "kind_votes": {
          "nest": 1
        },
        "zone_type": "infected_nest",
        "status": "unknown",
        "danger_level": 4,
        "spatial_precision": "verified",
        "display_style": {
          "fill": "--zone-nest",
          "pattern": "hatch",
          "icon": "virus"
        },
        "chapter_refs": [
          2,
          4,
          5,
          6,
          7,
          8,
          9,
          10
        ],
        "event_ids": [
          "bg_event_001",
          "bg_event_002",
          "bg_event_005",
          "bg_event_026",
          "bg_event_027",
          "bg_event_028",
          "bg_event_029",
          "bg_event_030",
          "bg_event_044",
          "bg_event_050",
          "bg_event_052",
          "bg_event_054",
          "bg_event_055",
          "bg_event_056",
          "bg_event_057",
          "bg_event_058",
          "bg_event_059",
          "bg_event_063",
          "bg_event_064",
          "bg_event_117",
          "bg_event_120",
          "bg_event_121",
          "bg_event_122",
          "bg_event_123",
          "bg_event_124",
          "bg_event_125",
          "bg_event_128",
          "bg_event_145",
          "bg_event_168",
          "bg_event_169",
          "bg_event_171",
          "bg_event_172",
          "bg_event_173",
          "bg_event_174",
          "bg_event_176",
          "bg_event_187",
          "bg_event_210",
          "bg_event_211",
          "bg_event_212",
          "bg_event_213",
          "bg_event_214",
          "bg_event_217",
          "bg_event_219",
          "bg_event_220",
          "bg_event_569",
          "bg_event_605",
          "bg_event_606",
          "bg_event_608",
          "bg_event_610",
          "bg_event_611",
          "bg_event_619",
          "bg_event_620",
          "bg_event_622",
          "bg_event_623",
          "bg_event_624",
          "bg_event_625",
          "bg_event_627",
          "bg_event_628",
          "bg_event_632",
          "bg_event_633",
          "bg_event_635",
          "bg_event_637",
          "bg_event_638",
          "bg_event_639",
          "bg_event_650",
          "bg_event_667",
          "bg_event_668",
          "bg_event_669",
          "bg_event_670",
          "bg_event_671",
          "bg_event_672",
          "bg_event_673",
          "bg_event_674",
          "bg_event_676",
          "bg_event_684",
          "bg_event_695",
          "bg_event_696",
          "bg_event_697",
          "bg_event_699",
          "bg_event_700",
          "bg_event_701",
          "bg_event_702",
          "bg_event_704",
          "bg_event_706",
          "bg_event_707",
          "bg_event_708",
          "bg_event_709",
          "bg_event_711",
          "bg_event_712",
          "bg_event_715",
          "bg_event_717",
          "bg_event_720",
          "bg_event_721",
          "bg_event_722",
          "bg_event_723",
          "bg_event_725"
        ],
        "character_ids": [
          "ent_05b1ee1378",
          "ent_1e7255557d",
          "ent_24402a9d9b",
          "ent_2ce4d2d78f",
          "ent_31ac6572fc",
          "ent_369e54e80b",
          "ent_3c0413f11b",
          "ent_4375c8b3ed",
          "ent_4e10f94765",
          "ent_50c9d96121",
          "ent_50fa619f9c",
          "ent_549c40dcc7",
          "ent_6c288e91c6",
          "ent_7f6734f51b",
          "ent_7f8138e1f9",
          "ent_8921c909f4",
          "ent_a2eba2bcad",
          "ent_ac57edddaa",
          "ent_b14b0605ce",
          "ent_b6ab37e537",
          "ent_b9773b2977",
          "ent_c4a01539ce",
          "ent_d460958c66",
          "ent_d61cc93d26",
          "ent_dd034941ef",
          "ent_f7fba74a62"
        ],
        "member_location_ids": [
          "loc_0001",
          "loc_0016",
          "loc_0017",
          "loc_0021",
          "loc_0029",
          "loc_0031",
          "loc_0036",
          "loc_0098",
          "loc_0248",
          "loc_0249",
          "loc_0253",
          "loc_0254",
          "loc_0265",
          "loc_0274",
          "loc_0331",
          "loc_0336",
          "loc_0354",
          "loc_0377",
          "loc_0381",
          "loc_0393",
          "loc_0656"
        ],
        "dossier_id": "dossier_51bf7d8190",
        "confidence": 1.0,
        "confidence_inputs": {
          "coord_score": 1.0,
          "dossier_score": 1.0,
          "kind_score": 1.0
        },
        "review_status": "auto_inferred",
        "zone_review_status": "auto_inferred",
        "schema_version": 2,
        "aliases": [
          "商場病窩",
          "荒廢商場"
        ],
        "chapters": [
          2,
          4,
          5,
          6,
          7,
          8,
          9,
          10
        ],
        "first_appearance": 2,
        "location_hint": "距大本營約兩條街至四十分鐘腳程的荒廢多層商場，與大本營之間隔著大街、小巷與一個小公園",
        "government": null,
        "leadership": [
          "病腦"
        ],
        "social_structure": null,
        "economy": null,
        "defense": "病腦智力高，懂得佈置陷阱與機關：自動下降的透明捲閘、自動灑水系統、防火喉水柱、花球土製炸彈、攝影大燈強光；亦會推動雜物堵死商場入口，阻止入侵者離開",
        "population": "至少一隻病腦，另有一隻舌女、一隻大鼻；四樓被固定成「婚禮來賓」的死人眾多，屍體源源由大本營的葬屍隊運來當貢品",
        "culture": "病腦以商場四樓為家，模仿人類婚禮佈置：深紅長地毯、以多隻人手製作的花牌、婚紗、被支架固定站立的死人、循環播放美劇結婚畫面的電視、婚禮奏樂，並捉人類女性注射鎮定劑想與她結婚",
        "notable_features": [
          "高級衣店（假人模特以真人殘肢拼成）",
          "更衣間亂葬岡",
          "三樓百貨超市",
          "寵物店",
          "玩具反斗城",
          "洋酒館",
          "四樓婚禮會場",
          "會製冷的雪櫃",
          "攝影大燈"
        ],
        "threats": [
          "病腦（弱點為火，會假死）",
          "舌女（酸性唾液、可舉起捲閘）",
          "大鼻（有毒氣體）",
          "自動捲閘與各種陷阱"
        ],
        "summary": "被病腦佔據的荒廢商場，是區內唯一有智力病者的巢穴。病腦把四樓改裝成婚禮會場，用人手花牌、紅地毯與被固定的死人營造婚禮，並透過與大本營的暗中交易換取活人與屍體作貢品。商場內有以真人殘肢拼成假人的高級衣店、亂葬岡更衣間、百貨超市、寵物店與玩具反斗城，沿途佈滿捲閘、灑水、強光等陷阱。M 兩度潛入，最終靠天拿水與火柴火燒病腦，再以棒球棍補刀摧毀此窩。",
        "radius_m": 800.0,
        "radius_source": "members",
        "coords_source": "locations",
        "coords_evidence": "由 8 個地點分佈推導（精確配對 1 + 同名前綴 7）",
        "range_evidence": "由 7 個成員地點嘅凸包 + 200 m 外擴",
        "coordinate_confidence": 0.95,
        "coordinate_source": "cross_chapter_evidence",
        "coordinate_review_status": "auto_corrected",
        "spatial_evidence_count": 19,
        "sources": [
          "A1"
        ],
        "source": "bing_gang"
      }
    },
    {
      "type": "Feature",
      "geometry": {
        "type": "Polygon",
        "coordinates": [
          [
            [
              114.251064,
              22.306758
            ],
            [
              114.250868,
              22.305845
            ],
            [
              114.251874,
              22.303904
            ],
            [
              114.253304,
              22.303398
            ],
            [
              114.254901,
              22.303824
            ],
            [
              114.255817,
              22.304928
            ],
            [
              114.255973,
              22.306076
            ],
            [
              114.254983,
              22.307725
            ],
            [
              114.251064,
              22.306758
            ]
          ]
        ]
      },
      "properties": {
        "id": "zone_50501d2eaf",
        "name": "佛教志蓮小學",
        "kind": "outpost",
        "kind_votes": {
          "outpost": 1
        },
        "zone_type": "contested",
        "status": "unknown",
        "danger_level": 3,
        "spatial_precision": "verified",
        "display_style": {
          "fill": "--zone-contested",
          "pattern": "contour",
          "icon": "crossed-swords"
        },
        "chapter_refs": [
          12,
          18,
          19
        ],
        "event_ids": [],
        "character_ids": [],
        "member_location_ids": [
          "loc_0063"
        ],
        "dossier_id": "dossier_50501d2eaf",
        "confidence": 0.93,
        "confidence_inputs": {
          "coord_score": 1.0,
          "dossier_score": 0.8333,
          "kind_score": 1.0
        },
        "review_status": "validated",
        "zone_review_status": "validated",
        "schema_version": 2,
        "aliases": [
          "志蓮小學",
          "不良人根據地"
        ],
        "chapters": [
          12,
          18,
          19
        ],
        "first_appearance": 12,
        "location_hint": "將軍澳；與大本營相隔幾條街，距離廣場約一條街",
        "government": "由武裝倖存者集團「不良人」佔領，首領為不破尚",
        "leadership": [
          "不破尚"
        ],
        "social_structure": "以小隊形式行動（如第四隊），成員之間以暗號識別，對外人抱持敵意",
        "economy": "以殺人、搶奪其他倖存者的物資為生，並派出間諜潛入大本營掃光市集武器",
        "defense": "持有無線電對講機並設暗號「不良無道」；派間諜混入大本營，一日之內買光市集所有武器",
        "population": null,
        "culture": "認為殺人同搶奪物資在亂世都是天公地道，不怪任何人；對大本營派去交涉的兩人痛下殺手，其後把大本營五名精銳搜索隊成員的人頭裝進籃球袋送到北門外，附紙條寫上「不良人回禮」",
        "notable_features": [
          "志蓮小學校舍",
          "無線電對講機",
          "暗號「不良無道」",
          "首領不破尚的虎刺拳扣（可單憑拳頭殺死病者）"
        ],
        "threats": [
          "不良人",
          "往來途中的病者"
        ],
        "summary": "佔據佛教志蓮小學的敵對倖存者集團「不良人」，首領是被人喻為「怪物」的活人──不破尚，據說單憑虎刺拳扣就能殺死病者。他們認為亂世殺人搶物資天公地道，殺掉大本營派去交涉的兩人，又派間諜潛入大本營掃光市集武器。少佐識破暗號「不良無道」，在廣場埋伏收拾了其中五人，自此不良人展開復仇，把五名大本營精銳搜索隊的人頭送回北門。少佐本身亦曾是「不良人」成員。",
        "radius_m": 306.2,
        "radius_source": "members",
        "coords_source": "locations",
        "coords_evidence": "由 11 個地點分佈推導（精確配對 1 + 同名前綴 10）",
        "range_evidence": "由 11 個成員地點嘅凸包 + 200 m 外擴",
        "coordinate_confidence": 0.95,
        "coordinate_source": "cross_chapter_evidence",
        "coordinate_review_status": "auto_corrected",
        "spatial_evidence_count": 0,
        "sources": [
          "A1"
        ],
        "source": "bing_gang"
      }
    },
    {
      "type": "Feature",
      "geometry": {
        "type": "Polygon",
        "coordinates": [
          [
            [
              114.259196,
              22.306854
            ],
            [
              114.259178,
              22.307114
            ],
            [
              114.259123,
              22.307369
            ],
            [
              114.259033,
              22.307615
            ],
            [
              114.25891,
              22.307849
            ],
            [
              114.258754,
              22.308065
            ],
            [
              114.25857,
              22.308261
            ],
            [
              114.25836,
              22.308433
            ],
            [
              114.258127,
              22.308577
            ],
            [
              114.257877,
              22.308692
            ],
            [
              114.257612,
              22.308776
            ],
            [
              114.257338,
              22.308827
            ],
            [
              114.257059,
              22.308844
            ],
            [
              114.25678,
              22.308827
            ],
            [
              114.256506,
              22.308776
            ],
            [
              114.256241,
              22.308692
            ],
            [
              114.255991,
              22.308577
            ],
            [
              114.255758,
              22.308433
            ],
            [
              114.255548,
              22.308261
            ],
            [
              114.255364,
              22.308065
            ],
            [
              114.255208,
              22.307849
            ],
            [
              114.255085,
              22.307615
            ],
            [
              114.254995,
              22.307369
            ],
            [
              114.25494,
              22.307114
            ],
            [
              114.254922,
              22.306854
            ],
            [
              114.25494,
              22.306594
            ],
            [
              114.254995,
              22.306339
            ],
            [
              114.255085,
              22.306093
            ],
            [
              114.255208,
              22.305859
            ],
            [
              114.255364,
              22.305643
            ],
            [
              114.255548,
              22.305447
            ],
            [
              114.255758,
              22.305275
            ],
            [
              114.255991,
              22.305131
            ],
            [
              114.256241,
              22.305016
            ],
            [
              114.256506,
              22.304932
            ],
            [
              114.25678,
              22.304881
            ],
            [
              114.257059,
              22.304864
            ],
            [
              114.257338,
              22.304881
            ],
            [
              114.257612,
              22.304932
            ],
            [
              114.257877,
              22.305016
            ],
            [
              114.258127,
              22.305131
            ],
            [
              114.25836,
              22.305275
            ],
            [
              114.25857,
              22.305447
            ],
            [
              114.258754,
              22.305643
            ],
            [
              114.25891,
              22.305859
            ],
            [
              114.259033,
              22.306093
            ],
            [
              114.259123,
              22.306339
            ],
            [
              114.259178,
              22.306594
            ],
            [
              114.259196,
              22.306854
            ]
          ]
        ]
      },
      "properties": {
        "id": "zone_a5768496df",
        "name": "將軍澳中心",
        "kind": "nest",
        "kind_votes": {
          "nest": 1
        },
        "zone_type": "infected_nest",
        "status": "unknown",
        "danger_level": 4,
        "spatial_precision": "approximate",
        "display_style": {
          "fill": "--zone-nest",
          "pattern": "hatch",
          "icon": "virus"
        },
        "chapter_refs": [
          14,
          15,
          16,
          17,
          18,
          19
        ],
        "event_ids": [
          "bg_event_049",
          "bg_event_099",
          "bg_event_100",
          "bg_event_1019",
          "bg_event_1059",
          "bg_event_1065",
          "bg_event_1066",
          "bg_event_1068",
          "bg_event_1069",
          "bg_event_1070",
          "bg_event_1071",
          "bg_event_1074",
          "bg_event_1077",
          "bg_event_1247",
          "bg_event_1285",
          "bg_event_130",
          "bg_event_1590",
          "bg_event_283",
          "bg_event_284",
          "bg_event_287",
          "bg_event_293",
          "bg_event_557",
          "bg_event_558",
          "bg_event_560",
          "bg_event_561",
          "bg_event_583",
          "bg_event_585",
          "bg_event_588",
          "bg_event_590",
          "bg_event_602",
          "bg_event_612",
          "bg_event_614",
          "bg_event_629",
          "bg_event_631",
          "bg_event_651",
          "bg_event_653",
          "bg_event_656",
          "bg_event_657",
          "bg_event_677",
          "bg_event_679",
          "bg_event_716",
          "bg_event_736",
          "bg_event_737",
          "bg_event_739"
        ],
        "character_ids": [
          "chris",
          "ent_0314d499b9",
          "ent_05b1ee1378",
          "ent_0ad2def3f5",
          "ent_1ad97dd7c0",
          "ent_21ab52894b",
          "ent_2ce4d2d78f",
          "ent_325a6392e4",
          "ent_50c9d96121",
          "ent_6c288e91c6",
          "ent_6c7acfa544",
          "ent_7f6734f51b",
          "ent_8921c909f4",
          "ent_933c87743a",
          "ent_9a4a48cbc9",
          "ent_9a82091887",
          "ent_ac57edddaa",
          "ent_aee9afa90e",
          "ent_b6ab37e537",
          "ent_b9773b2977",
          "ent_c4a01539ce",
          "ent_cd17e50f39",
          "ent_d224ec3810",
          "ent_d460958c66",
          "ent_dd034941ef",
          "ent_ee809e7c96",
          "nina"
        ],
        "member_location_ids": [
          "loc_0050",
          "loc_0053",
          "loc_0148",
          "loc_0196",
          "loc_0197",
          "loc_0199",
          "loc_0289",
          "loc_0360",
          "loc_0485",
          "loc_0657"
        ],
        "dossier_id": "dossier_a5768496df",
        "confidence": 0.8,
        "confidence_inputs": {
          "coord_score": 0.5,
          "dossier_score": 1.0,
          "kind_score": 1.0
        },
        "review_status": "auto_inferred",
        "zone_review_status": "auto_inferred",
        "schema_version": 2,
        "aliases": [],
        "chapters": [
          14,
          15,
          16,
          17,
          18,
          19
        ],
        "first_appearance": 14,
        "location_hint": "將軍澳；與大本營距離很近，可經旁邊一間超市的通道進入，或由商場正門入；與通往地鐵站的 popcorn 商場相連",
        "government": null,
        "leadership": [],
        "social_structure": null,
        "economy": "大本營老練的搜索隊每三天到訪搜刮一次，貨架早已被搬空",
        "defense": null,
        "population": null,
        "culture": null,
        "notable_features": [
          "上下兩層商場",
          "二樓美食廣場與玻璃欄杆",
          "超市通道",
          "一閃一爍的商鋪招牌燈（商場內唯一光源）"
        ],
        "threats": [
          "病者（牽狗人犬京稱這裡是該區「王」的病者地盤，警告他人勿進）",
          "A隊七名新手搜索隊成員在此失聯（實為誤入病爪範圍被殺）"
        ],
        "summary": "大本營附近的兩層商場，被列為安全的物資搜索區，老練搜索隊每三天到訪一次。新手A隊到此搜刮後整隊七人失聯，M 帶同瑜小六、肥西前往搜救，卻在商場內聽到模仿人聲的求救女聲，並被留守二樓、牽著牧羊犬的倖存者犬京阻止。犬京聲稱這裡是該區「王」的病者地盤，勸他們勿再前來。事後證實商場內並無病窩裝飾，A隊實為越界進入 popcorn 商場後遭病爪殺害。",
        "radius_m": 220.0,
        "radius_source": "default",
        "coords_source": "locations",
        "coords_evidence": "由 1 個地點分佈推導（精確配對 1 + 同名前綴 0）",
        "range_evidence": "只有 1 個成員點，用按類型嘅預設半徑（估算）",
        "coordinate_confidence": 0.55,
        "coordinate_source": "zone_inference",
        "coordinate_review_status": "needs_validation",
        "spatial_evidence_count": 3,
        "sources": [
          "A1"
        ],
        "source": "bing_gang"
      }
    },
    {
      "type": "Feature",
      "geometry": {
        "type": "Polygon",
        "coordinates": [
          [
            [
              114.264151,
              22.314159
            ],
            [
              114.264133,
              22.314419
            ],
            [
              114.264078,
              22.314674
            ],
            [
              114.263988,
              22.314921
            ],
            [
              114.263865,
              22.315154
            ],
            [
              114.26371,
              22.315371
            ],
            [
              114.263525,
              22.315566
            ],
            [
              114.263315,
              22.315738
            ],
            [
              114.263083,
              22.315882
            ],
            [
              114.262832,
              22.315998
            ],
            [
              114.262567,
              22.316081
            ],
            [
              114.262293,
              22.316132
            ],
            [
              114.262014,
              22.316149
            ],
            [
              114.261735,
              22.316132
            ],
            [
              114.261461,
              22.316081
            ],
            [
              114.261196,
              22.315998
            ],
            [
              114.260946,
              22.315882
            ],
            [
              114.260713,
              22.315738
            ],
            [
              114.260503,
              22.315566
            ],
            [
              114.260319,
              22.315371
            ],
            [
              114.260163,
              22.315154
            ],
            [
              114.26004,
              22.314921
            ],
            [
              114.25995,
              22.314674
            ],
            [
              114.259895,
              22.314419
            ],
            [
              114.259877,
              22.314159
            ],
            [
              114.259895,
              22.3139
            ],
            [
              114.25995,
              22.313644
            ],
            [
              114.26004,
              22.313398
            ],
            [
              114.260163,
              22.313165
            ],
            [
              114.260319,
              22.312948
            ],
            [
              114.260503,
              22.312752
            ],
            [
              114.260713,
              22.312581
            ],
            [
              114.260946,
              22.312436
            ],
            [
              114.261196,
              22.312321
            ],
            [
              114.261461,
              22.312237
            ],
            [
              114.261735,
              22.312187
            ],
            [
              114.262014,
              22.31217
            ],
            [
              114.262293,
              22.312187
            ],
            [
              114.262567,
              22.312237
            ],
            [
              114.262832,
              22.312321
            ],
            [
              114.263083,
              22.312436
            ],
            [
              114.263315,
              22.312581
            ],
            [
              114.263525,
              22.312752
            ],
            [
              114.26371,
              22.312948
            ],
            [
              114.263865,
              22.313165
            ],
            [
              114.263988,
              22.313398
            ],
            [
              114.264078,
              22.313644
            ],
            [
              114.264133,
              22.3139
            ],
            [
              114.264151,
              22.314159
            ]
          ]
        ]
      },
      "properties": {
        "id": "zone_e335ebdbec",
        "name": "popcorn 商場",
        "kind": "nest",
        "kind_votes": {
          "nest": 1
        },
        "zone_type": "infected_nest",
        "status": "unknown",
        "danger_level": 4,
        "spatial_precision": "approximate",
        "display_style": {
          "fill": "--zone-nest",
          "pattern": "hatch",
          "icon": "virus"
        },
        "chapter_refs": [
          18,
          19,
          23,
          24
        ],
        "event_ids": [
          "bg_event_062",
          "bg_event_1014",
          "bg_event_114",
          "bg_event_116",
          "bg_event_118",
          "bg_event_1317",
          "bg_event_167",
          "bg_event_1708",
          "bg_event_1710",
          "bg_event_1714",
          "bg_event_1716",
          "bg_event_1717",
          "bg_event_1719",
          "bg_event_1725",
          "bg_event_1726"
        ],
        "character_ids": [
          "ent_05b1ee1378",
          "ent_0ad2def3f5",
          "ent_1a9762c26d",
          "ent_4375c8b3ed",
          "ent_50c9d96121",
          "ent_615cff537b",
          "ent_6c288e91c6",
          "ent_8921c909f4",
          "ent_9a4a48cbc9",
          "ent_b14b0605ce",
          "ent_b18b574748",
          "ent_b9773b2977",
          "ent_d460958c66",
          "ent_d61cc93d26",
          "ent_da5ac3f022",
          "ent_dd034941ef",
          "ent_ecc18019ca"
        ],
        "member_location_ids": [
          "loc_0034",
          "loc_0059",
          "loc_0320",
          "loc_0342",
          "loc_0382",
          "loc_0427"
        ],
        "dossier_id": "dossier_e335ebdbec",
        "confidence": 0.8,
        "confidence_inputs": {
          "coord_score": 0.5,
          "dossier_score": 1.0,
          "kind_score": 1.0
        },
        "review_status": "auto_inferred",
        "zone_review_status": "auto_inferred",
        "schema_version": 2,
        "aliases": [
          "popcorn商場"
        ],
        "chapters": [
          18,
          19,
          23,
          24
        ],
        "first_appearance": 18,
        "location_hint": "將軍澳；與將軍澳中心相連，商場內有通往地鐵站的通道，對面為一個有 UNIQLO、中國銀行與戲院的大型廣場",
        "government": null,
        "leadership": [
          "病爪"
        ],
        "social_structure": null,
        "economy": null,
        "defense": "病爪無眼睛、全靠聽覺行動，速度比舌女更快、身體組織堅硬，刀斧難傷；能發出如數百女人同時地獄慘叫的尖叫，並會埋藏於屍堆中偷襲",
        "population": "病爪一隻；二樓大中央堆疊了三、四十具屍體（包括大本營A隊七人），旁邊牛排店外堆放白骨殘軀",
        "culture": "病爪把獵物屍體堆積成「屍山」當作食糧，平日藏身屍堆之中等待獵物",
        "notable_features": [
          "二樓大中央的「屍山」",
          "體育用品店",
          "戲院（旁邊有火警報警器）",
          "牛排店外的白骨與殘軀",
          "通往地鐵站的通道"
        ],
        "threats": [
          "病爪",
          "被尖叫聲引來的舌女、大鼻、大耳"
        ],
        "summary": "將軍澳中心旁通往地鐵站的商場，是新型病者「病爪」的巢穴。病爪把二樓大中央堆成一座三、四十具屍體的「屍山」當食糧，平日埋藏其中。牠無眼、靠聽覺行動，速度快過舌女、刀槍不入，會發出撕裂耳膜的女聲尖叫。牠原是女子 Bomi，被舌女舔傷後自毀雙目變成病者，同伴犬京一直守在附近阻止外人接近贖罪。M 用鬧鐘誘使牠反覆跳落一樓，趁其神志不清抽取血液樣本。",
        "radius_m": 220.0,
        "radius_source": "default",
        "coords_source": "locations",
        "coords_evidence": "由 1 個地點分佈推導（精確配對 1 + 同名前綴 0）",
        "range_evidence": "只有 1 個成員點，用按類型嘅預設半徑（估算）",
        "coordinate_confidence": 0.55,
        "coordinate_source": "zone_inference",
        "coordinate_review_status": "needs_validation",
        "spatial_evidence_count": 4,
        "sources": [
          "A1"
        ],
        "source": "bing_gang"
      }
    },
    {
      "type": "Feature",
      "geometry": {
        "type": "Polygon",
        "coordinates": [
          [
            [
              114.234083,
              22.317973
            ],
            [
              114.241498,
              22.315279
            ],
            [
              114.243745,
              22.32309
            ],
            [
              114.243199,
              22.323777
            ],
            [
              114.235955,
              22.326001
            ],
            [
              114.234855,
              22.324391
            ],
            [
              114.234083,
              22.317973
            ]
          ]
        ]
      },
      "properties": {
        "id": "zone_2a22537f9c",
        "name": "寶琳倖存區",
        "kind": "survivor",
        "kind_votes": {
          "survivor": 3
        },
        "zone_type": "survivor_zone",
        "status": "unknown",
        "danger_level": 1,
        "spatial_precision": "verified",
        "display_style": {
          "fill": "--zone-survivor",
          "pattern": "contour",
          "icon": "shield"
        },
        "chapter_refs": [
          25,
          80,
          86,
          88,
          91,
          98,
          99,
          100,
          101,
          102,
          109,
          110,
          111,
          112,
          113,
          114,
          115,
          116,
          117,
          118,
          123,
          124
        ],
        "event_ids": [
          "bg_event_1008",
          "bg_event_1085",
          "bg_event_1087",
          "bg_event_1089",
          "bg_event_1118",
          "bg_event_1129",
          "bg_event_1130",
          "bg_event_1149",
          "bg_event_1229",
          "bg_event_1281",
          "bg_event_1283",
          "bg_event_1284",
          "bg_event_1394",
          "bg_event_1437",
          "bg_event_268",
          "bg_event_920",
          "bg_event_938",
          "bg_event_992"
        ],
        "character_ids": [
          "chris",
          "ent_1a9762c26d",
          "ent_21ab52894b",
          "ent_2ce4d2d78f",
          "ent_3cae31cbd2",
          "ent_4013eff37f",
          "ent_4dab8c5d27",
          "ent_55a9bb0fee",
          "ent_5b01a8d7ca",
          "ent_64c25f2cd7",
          "ent_65a576755a",
          "ent_79879273ba",
          "ent_9a4a48cbc9",
          "ent_b11ee807ef",
          "ent_b18b574748",
          "ent_b6ab37e537",
          "ent_b9773b2977",
          "ent_d61cc93d26",
          "ent_da5ac3f022",
          "ent_dd034941ef"
        ],
        "member_location_ids": [
          "loc_0135",
          "loc_0269",
          "loc_0371",
          "loc_0373",
          "loc_0390",
          "loc_0398",
          "loc_0501",
          "loc_0525",
          "loc_0627",
          "loc_0678",
          "loc_0690"
        ],
        "dossier_id": "dossier_2a22537f9c",
        "confidence": 0.93,
        "confidence_inputs": {
          "coord_score": 1.0,
          "dossier_score": 0.8333,
          "kind_score": 1.0
        },
        "review_status": "validated",
        "zone_review_status": "validated",
        "schema_version": 2,
        "aliases": [
          "艾寶琳共和國",
          "寶琳王國",
          "寶琳",
          "紫線區",
          "艾寶琳倖存區",
          "寶琳共和國倖存區",
          "寶琳國",
          "寶琳安全區"
        ],
        "chapters": [
          25,
          80,
          86,
          88,
          91,
          98,
          99,
          100,
          101,
          102,
          109,
          110,
          111,
          112,
          113,
          114,
          115,
          116,
          117,
          118,
          123,
          124
        ],
        "first_appearance": 25,
        "location_hint": "將軍澳寶琳一帶；以運亨路一帶金屬板圍封，範圍由新都城中心一期商場至寶琳村一帶；皇政府總部即寶琳地鐵站，站上私樓為皇宮",
        "government": "奉行帝制，由艾氏一族的國王（君主）統治，下設「皇政府」；另設貴族階層，由高學歷分子及其後代組成",
        "leadership": [
          "國王",
          "艾氏國王（艾匡之父，年約六十、頭髮灰白）",
          "艾匡（公主）",
          "董倫（貴族成員）"
        ],
        "social_structure": "分貴族與平民兩層：貴族為高學歷分子及後代，住寶琳地鐵站上蓋花苑私樓，享貴族福利；平民散居商業區與住宅區，靠工作賺艾幣維生。另有露宿者、性工作者、信奉病者的教徒等邊緣人士",
        "economy": "全面貨幣制度，以「艾幣」交易；皇政府派人外出挖掘採集資源，供應大商家購入再分貨零售；商戶幾乎二十四小時營業。另有賭場、妓館、釀酒廠、食店與病獵懸賞",
        "defense": "以金屬板／鐵板圍封整個區域作邊境，設五、六米高鐵板牆及守衛；病翼來襲時靠守衛發箭、居民匿藏；邊境守衛可受賄放行",
        "population": null,
        "culture": "商業至上、人人為艾幣奔波；閱讀成風；以違禁品清單禁絕病者相關事物；貴族有強烈階級思想；國王出巡被視為精神象徵，居民多抱看熱鬧心態",
        "notable_features": [
          "物資倖存點",
          "邊境圍牆",
          "商場",
          "病獵公會",
          "運亨路一帶金屬板邊境圍牆",
          "新都城中心一期／三期商場",
          "哈姆雷特百貨",
          "寶琳地鐵站（皇政府總部）",
          "寶琳地鐵站上蓋皇宮與貴族私樓",
          "苬怡花園旅館與妓館",
          "賭場",
          "寶琳柒拾小吃店",
          "詭區（梁潔華小學）",
          "寶林邨",
          "釀酒廠",
          "寶琳中立倖存點"
        ],
        "threats": [
          "識飛的病者「病翼」群體",
          "「死亡之路」上徘徊的大量病者",
          "病翼",
          "病者平權組織餘黨",
          "黑鼠商團等走私者",
          "內部皇權鬥爭與綁架陰謀"
        ],
        "summary": "位於將軍澳北面的超大型倖存區，被喻為「死亡之路」盡頭的穩定聚居地。它實行貨幣政策，通用「艾幣」，區內商場有店鋪擺賣，居民可替國王做紡織或獵殺病者賺錢。政體行帝制，由國王統治並設有公主，設邊境圍牆及守衛。往寶琳的必經之路長期有大量病者徘徊，十人去只有三人能到，區外更有群體出沒的識飛病者「病翼」。",
        "radius_m": 764.5,
        "radius_source": "members",
        "coords_source": "locations",
        "coords_evidence": "由 24 個地點分佈推導（精確配對 1 + 同名前綴 23）",
        "range_evidence": "由 8 個成員地點嘅凸包 + 200 m 外擴",
        "coordinate_confidence": 0.95,
        "coordinate_source": "cross_chapter_evidence",
        "coordinate_review_status": "auto_corrected",
        "spatial_evidence_count": 12,
        "sources": [
          "A1",
          "A4",
          "A5"
        ],
        "source": "bing_gang"
      }
    },
    {
      "type": "Feature",
      "geometry": {
        "type": "Polygon",
        "coordinates": [
          [
            [
              114.272611,
              22.331738
            ],
            [
              114.272589,
              22.332045
            ],
            [
              114.272525,
              22.332347
            ],
            [
              114.272419,
              22.332638
            ],
            [
              114.272273,
              22.332914
            ],
            [
              114.272089,
              22.33317
            ],
            [
              114.271871,
              22.333401
            ],
            [
              114.271623,
              22.333604
            ],
            [
              114.271348,
              22.333775
            ],
            [
              114.271052,
              22.333911
            ],
            [
              114.270739,
              22.33401
            ],
            [
              114.270415,
              22.33407
            ],
            [
              114.270086,
              22.33409
            ],
            [
              114.269756,
              22.33407
            ],
            [
              114.269432,
              22.33401
            ],
            [
              114.269119,
              22.333911
            ],
            [
              114.268823,
              22.333775
            ],
            [
              114.268548,
              22.333604
            ],
            [
              114.2683,
              22.333401
            ],
            [
              114.268082,
              22.33317
            ],
            [
              114.267898,
              22.332914
            ],
            [
              114.267752,
              22.332638
            ],
            [
              114.267646,
              22.332347
            ],
            [
              114.267582,
              22.332045
            ],
            [
              114.26756,
              22.331738
            ],
            [
              114.267582,
              22.331431
            ],
            [
              114.267646,
              22.33113
            ],
            [
              114.267752,
              22.330838
            ],
            [
              114.267898,
              22.330563
            ],
            [
              114.268082,
              22.330307
            ],
            [
              114.2683,
              22.330076
            ],
            [
              114.268548,
              22.329873
            ],
            [
              114.268823,
              22.329702
            ],
            [
              114.269119,
              22.329566
            ],
            [
              114.269432,
              22.329467
            ],
            [
              114.269756,
              22.329407
            ],
            [
              114.270086,
              22.329387
            ],
            [
              114.270415,
              22.329407
            ],
            [
              114.270739,
              22.329467
            ],
            [
              114.271052,
              22.329566
            ],
            [
              114.271348,
              22.329702
            ],
            [
              114.271623,
              22.329873
            ],
            [
              114.271871,
              22.330076
            ],
            [
              114.272089,
              22.330307
            ],
            [
              114.272273,
              22.330563
            ],
            [
              114.272419,
              22.330838
            ],
            [
              114.272525,
              22.33113
            ],
            [
              114.272589,
              22.331431
            ],
            [
              114.272611,
              22.331738
            ]
          ]
        ]
      },
      "properties": {
        "id": "zone_2f870cd708",
        "name": "將軍澳華人永遠墳場",
        "kind": "outpost",
        "kind_votes": {
          "outpost": 1
        },
        "zone_type": "contested",
        "status": "unknown",
        "danger_level": 3,
        "spatial_precision": "approximate",
        "display_style": {
          "fill": "--zone-contested",
          "pattern": "contour",
          "icon": "crossed-swords"
        },
        "chapter_refs": [
          35,
          38,
          39
        ],
        "event_ids": [
          "bg_event_1090",
          "bg_event_1092",
          "bg_event_1096",
          "bg_event_1151",
          "bg_event_1161",
          "bg_event_1162",
          "bg_event_1446",
          "bg_event_1658",
          "bg_event_1662",
          "bg_event_1664",
          "bg_event_1665",
          "bg_event_1666",
          "bg_event_1667",
          "bg_event_1668",
          "bg_event_1669",
          "bg_event_1670",
          "bg_event_230",
          "bg_event_234",
          "bg_event_244",
          "bg_event_245",
          "bg_event_819"
        ],
        "character_ids": [
          "ent_24402a9d9b",
          "ent_3c0413f11b",
          "ent_6a97f7ec72",
          "ent_71050c29a7",
          "ent_7c6543f83e",
          "ent_8921c909f4",
          "ent_970c603b4f",
          "ent_9a4a48cbc9",
          "ent_b11ee807ef",
          "ent_b18b574748",
          "ent_b6ab37e537",
          "ent_b9773b2977",
          "ent_d460958c66",
          "ent_d61cc93d26",
          "ent_da5ac3f022",
          "ricky"
        ],
        "member_location_ids": [
          "loc_0043",
          "loc_0120",
          "loc_0121",
          "loc_0124",
          "loc_0403"
        ],
        "dossier_id": "dossier_2f870cd708",
        "confidence": 0.53,
        "confidence_inputs": {
          "coord_score": 0.5,
          "dossier_score": 0.3333,
          "kind_score": 1.0
        },
        "review_status": "auto_inferred",
        "zone_review_status": "auto_inferred",
        "schema_version": 2,
        "aliases": [
          "將軍澳華人墳場",
          "墳場"
        ],
        "chapters": [
          35,
          38,
          39
        ],
        "first_appearance": 35,
        "location_hint": "將軍澳海皮附近，大本營東門外向北，需走一段上坡路",
        "government": null,
        "leadership": [
          "北賢"
        ],
        "social_structure": "情報販子北賢獨自駐守，躺在墓碑前接見買家",
        "economy": "以情報換取物資，收費驚人，拒絕果汁糖，只收十包即溶咖啡",
        "defense": null,
        "population": null,
        "culture": null,
        "notable_features": [
          "最右面一列墓碑（北賢常待之處）"
        ],
        "threats": [
          "普通病者",
          "自稱假病者的南愚"
        ],
        "summary": "位於將軍澳海皮附近、大本營東門外一段上坡路之後的墳場，是情報販子北賢的落腳點。北賢躺在最右面一列墓碑前休息，向來訪者出售關於病者的情報，收費驚人，拒絕果汁糖，只肯收十包即溶咖啡。前往途中會遇到自稱「假病者」、全身塗上紅點的南愚，他以病童情報為餌，要求主角到靈實醫院替他取回一張照片。",
        "radius_m": 260.0,
        "radius_source": "default",
        "coords_source": "locations",
        "coords_evidence": "由 1 個地點分佈推導（精確配對 1 + 同名前綴 0）",
        "range_evidence": "只有 1 個成員點，用按類型嘅預設半徑（估算）",
        "coordinate_confidence": 0.55,
        "coordinate_source": "zone_inference",
        "coordinate_review_status": "needs_validation",
        "spatial_evidence_count": 4,
        "sources": [
          "A2"
        ],
        "source": "bing_gang"
      }
    },
    {
      "type": "Feature",
      "geometry": {
        "type": "Polygon",
        "coordinates": [
          [
            [
              114.256029,
              22.311077
            ],
            [
              114.258856,
              22.319942
            ],
            [
              114.257896,
              22.320455
            ],
            [
              114.256085,
              22.312056
            ],
            [
              114.256029,
              22.311077
            ]
          ]
        ]
      },
      "properties": {
        "id": "zone_ec954725f8",
        "name": "靈實醫院",
        "kind": "nest",
        "kind_votes": {
          "nest": 4,
          "outpost": 2,
          "survivor": 1
        },
        "zone_type": "infected_nest",
        "status": "unknown",
        "danger_level": 4,
        "spatial_precision": "verified",
        "display_style": {
          "fill": "--zone-nest",
          "pattern": "hatch",
          "icon": "virus"
        },
        "chapter_refs": [
          39,
          43,
          44,
          45,
          46,
          47,
          48,
          49,
          50,
          51,
          52,
          53,
          54,
          57,
          86,
          88,
          121,
          122,
          126,
          130,
          131,
          132,
          142,
          143,
          144,
          171,
          175,
          178,
          180,
          195
        ],
        "event_ids": [
          "bg_event_1000",
          "bg_event_1004",
          "bg_event_1009",
          "bg_event_1011",
          "bg_event_1012",
          "bg_event_1022",
          "bg_event_1029",
          "bg_event_1031",
          "bg_event_1033",
          "bg_event_1036",
          "bg_event_1037",
          "bg_event_1038",
          "bg_event_1042",
          "bg_event_1063",
          "bg_event_1075",
          "bg_event_1083",
          "bg_event_1084",
          "bg_event_1093",
          "bg_event_1098",
          "bg_event_1104",
          "bg_event_1105",
          "bg_event_1107",
          "bg_event_1108",
          "bg_event_1109",
          "bg_event_1110",
          "bg_event_1111",
          "bg_event_1117",
          "bg_event_1157",
          "bg_event_1158",
          "bg_event_1165",
          "bg_event_1170",
          "bg_event_1171",
          "bg_event_1172",
          "bg_event_1174",
          "bg_event_1176",
          "bg_event_1180",
          "bg_event_1181",
          "bg_event_1183",
          "bg_event_1186",
          "bg_event_1214",
          "bg_event_1228",
          "bg_event_1260",
          "bg_event_1277",
          "bg_event_1279",
          "bg_event_1282",
          "bg_event_1298",
          "bg_event_1299",
          "bg_event_1305",
          "bg_event_1323",
          "bg_event_1324",
          "bg_event_1327",
          "bg_event_1329",
          "bg_event_1332",
          "bg_event_1345",
          "bg_event_1389",
          "bg_event_1393",
          "bg_event_1395",
          "bg_event_1396",
          "bg_event_1397",
          "bg_event_1398",
          "bg_event_1399",
          "bg_event_1428",
          "bg_event_1430",
          "bg_event_1555",
          "bg_event_1569",
          "bg_event_1592",
          "bg_event_1602",
          "bg_event_1610",
          "bg_event_1611",
          "bg_event_1617",
          "bg_event_1618",
          "bg_event_1619",
          "bg_event_1620",
          "bg_event_1621",
          "bg_event_1623",
          "bg_event_1625",
          "bg_event_1626",
          "bg_event_1627",
          "bg_event_1628",
          "bg_event_1629",
          "bg_event_1631",
          "bg_event_1632",
          "bg_event_1633",
          "bg_event_1634",
          "bg_event_1639",
          "bg_event_1640",
          "bg_event_1641",
          "bg_event_1690",
          "bg_event_1691",
          "bg_event_1777",
          "bg_event_246",
          "bg_event_269",
          "bg_event_270",
          "bg_event_271",
          "bg_event_346",
          "bg_event_587",
          "bg_event_615",
          "bg_event_654",
          "bg_event_811",
          "bg_event_818",
          "bg_event_825",
          "bg_event_876",
          "bg_event_879",
          "bg_event_882",
          "bg_event_883",
          "bg_event_886",
          "bg_event_890",
          "bg_event_922",
          "bg_event_923",
          "bg_event_937",
          "bg_event_944",
          "bg_event_953",
          "bg_event_955",
          "bg_event_972",
          "bg_event_999"
        ],
        "character_ids": [
          "bomi",
          "chris",
          "ent_0314d499b9",
          "ent_05b1ee1378",
          "ent_0ad2def3f5",
          "ent_1a9762c26d",
          "ent_1ad97dd7c0",
          "ent_21ab52894b",
          "ent_3c0413f11b",
          "ent_3f7166ade6",
          "ent_4013eff37f",
          "ent_448c9a5170",
          "ent_45614b45ad",
          "ent_47bf24530f",
          "ent_595f718390",
          "ent_5b01a8d7ca",
          "ent_615cff537b",
          "ent_64c25f2cd7",
          "ent_71050c29a7",
          "ent_79879273ba",
          "ent_7c6543f83e",
          "ent_7f6734f51b",
          "ent_82a21d93ae",
          "ent_891585b96f",
          "ent_8921c909f4",
          "ent_970c603b4f",
          "ent_9a4a48cbc9",
          "ent_ad35edc961",
          "ent_b11ee807ef",
          "ent_b14b0605ce",
          "ent_b18b574748",
          "ent_b6ab37e537",
          "ent_b85ba8341a",
          "ent_b9773b2977",
          "ent_bdc85b6bf4",
          "ent_c4afb9384d",
          "ent_cd17e50f39",
          "ent_d460958c66",
          "ent_d61cc93d26",
          "ent_da5ac3f022",
          "ent_dbbbb9a64f",
          "ent_dd034941ef",
          "ent_e0f7ae0d6d",
          "ent_ecc18019ca",
          "nosyag",
          "w"
        ],
        "member_location_ids": [
          "loc_0125",
          "loc_0144",
          "loc_0337",
          "loc_0347",
          "loc_0368",
          "loc_0380",
          "loc_0410",
          "loc_0415",
          "loc_0417",
          "loc_0446",
          "loc_0449",
          "loc_0469",
          "loc_0506",
          "loc_0535",
          "loc_0609",
          "loc_0625",
          "loc_0629",
          "loc_0633",
          "loc_0634"
        ],
        "dossier_id": "dossier_ec954725f8",
        "confidence": 0.91,
        "confidence_inputs": {
          "coord_score": 1.0,
          "dossier_score": 1.0,
          "kind_score": 0.5714
        },
        "review_status": "needs_validation",
        "zone_review_status": "needs_validation",
        "schema_version": 2,
        "aliases": [
          "醫院",
          "靈實醫院",
          "滿天的根據地",
          "靈實醫院精神科病院",
          "靈實"
        ],
        "chapters": [
          39,
          43,
          44,
          45,
          46,
          47,
          48,
          49,
          50,
          51,
          52,
          53,
          54,
          57,
          86,
          88,
          121,
          122,
          126,
          130,
          131,
          132,
          142,
          143,
          144,
          171,
          175,
          178,
          180,
          195
        ],
        "first_appearance": 39,
        "location_hint": "將軍澳大本營東北面，經寶順路轉寶琳南路山路前往，約四十五分鐘路程；中型宿舍醫院，共四層（G樓、地下層、二樓、三樓、四樓）",
        "government": "由滿天（師傅）主持，病腦「大BOSS」負責研究，兩兄妹公仔與娃娃為學生兼助手",
        "leadership": [
          "滿天",
          "大BOSS",
          "大BOSS（病腦）",
          "公仔",
          "娃娃"
        ],
        "social_structure": "由一隻會說人類語言、智商極高、被稱為「大BOSS」的病腦，與人類滿天共同生活；二、三樓聚集大量病者（病嘴、病牙）",
        "economy": null,
        "defense": "有由四樓直通各層的秘密通道，密碼只有滿天與大BOSS知道，可避開二、三樓的病者自由出入",
        "population": "二、三樓滿佈病嘴與病牙，密度高得像牠們的地盤，平均每兩三個轉角或五間房就有一隻；四樓有一隻懂說人類語言的病腦",
        "culture": "以病者研究、解剖、腦波測量為核心；收藏男病童首級作研究，並以精密醫學儀器分析其腦部",
        "notable_features": [
          "G樓大堂（躺滿被咬過的屍體）",
          "地下層停屍間",
          "二樓病房",
          "三樓（火警紅燈）",
          "四樓藥劑試驗房",
          "牙科及口腔外科復健",
          "四樓實驗室",
          "四樓直通各層的秘密通道",
          "一樓大堂旁辦公室（收藏舊相簿）",
          "二、三樓病者區",
          "研究室",
          "加護病房",
          "精密醫學儀器",
          "低溫箱（急凍冰箱）",
          "天台",
          "特殊通道",
          "員工辦公室",
          "精神科病房",
          "病人資料室",
          "最高層的研究室",
          "秘密通道",
          "十字弓"
        ],
        "threats": [
          "病嘴",
          "病牙",
          "病腦",
          "大眼",
          "穿醫生白袍的神秘男人",
          "非常厲害的病者（推測）",
          "滿天",
          "病童",
          "病者",
          "男病童的腦波影響",
          "舌女",
          "大耳",
          "大鼻"
        ],
        "summary": "靈實醫院位於將軍澳，前身部分為康健中心。醫院二、三樓聚集大量病者（病嘴、病牙），四樓則住著一隻會說人類語言、智商極高、被稱為「大BOSS」的病腦。人類滿天原是Dr.D的助手，偷走病腦研究後離開大本營，長駐此處與大BOSS成為朋友，並替牠隱瞞會說話的秘密。滿天憑四樓直通各層的秘密通道避開病者，密碼只有他與大BOSS知道。二人生活自得其樂，並向大本營師生伸出援手。",
        "radius_m": 545.2,
        "radius_source": "members",
        "coords_source": "locations",
        "coords_evidence": "由 10 個地點分佈推導（精確配對 1 + 同名前綴 9）",
        "range_evidence": "由 4 個成員地點嘅凸包 + 200 m 外擴",
        "coordinate_confidence": 0.95,
        "coordinate_source": "cross_chapter_evidence",
        "coordinate_review_status": "auto_corrected",
        "spatial_evidence_count": 37,
        "sources": [
          "A2",
          "A3",
          "A4",
          "A5",
          "A6",
          "A7",
          "A8"
        ],
        "source": "bing_gang"
      }
    },
    {
      "type": "Feature",
      "geometry": {
        "type": "Polygon",
        "coordinates": [
          [
            [
              114.259337,
              22.3093
            ],
            [
              114.259319,
              22.30956
            ],
            [
              114.259264,
              22.309815
            ],
            [
              114.259174,
              22.310061
            ],
            [
              114.259051,
              22.310295
            ],
            [
              114.258895,
              22.310511
            ],
            [
              114.258711,
              22.310707
            ],
            [
              114.258501,
              22.310879
            ],
            [
              114.258268,
              22.311023
            ],
            [
              114.258018,
              22.311138
            ],
            [
              114.257753,
              22.311222
            ],
            [
              114.257479,
              22.311273
            ],
            [
              114.2572,
              22.31129
            ],
            [
              114.256921,
              22.311273
            ],
            [
              114.256647,
              22.311222
            ],
            [
              114.256382,
              22.311138
            ],
            [
              114.256132,
              22.311023
            ],
            [
              114.255899,
              22.310879
            ],
            [
              114.255689,
              22.310707
            ],
            [
              114.255505,
              22.310511
            ],
            [
              114.255349,
              22.310295
            ],
            [
              114.255226,
              22.310061
            ],
            [
              114.255136,
              22.309815
            ],
            [
              114.255081,
              22.30956
            ],
            [
              114.255063,
              22.3093
            ],
            [
              114.255081,
              22.30904
            ],
            [
              114.255136,
              22.308785
            ],
            [
              114.255226,
              22.308539
            ],
            [
              114.255349,
              22.308305
            ],
            [
              114.255505,
              22.308089
            ],
            [
              114.255689,
              22.307893
            ],
            [
              114.255899,
              22.307721
            ],
            [
              114.256132,
              22.307577
            ],
            [
              114.256382,
              22.307462
            ],
            [
              114.256647,
              22.307378
            ],
            [
              114.256921,
              22.307327
            ],
            [
              114.2572,
              22.30731
            ],
            [
              114.257479,
              22.307327
            ],
            [
              114.257753,
              22.307378
            ],
            [
              114.258018,
              22.307462
            ],
            [
              114.258268,
              22.307577
            ],
            [
              114.258501,
              22.307721
            ],
            [
              114.258711,
              22.307893
            ],
            [
              114.258895,
              22.308089
            ],
            [
              114.259051,
              22.308305
            ],
            [
              114.259174,
              22.308539
            ],
            [
              114.259264,
              22.308785
            ],
            [
              114.259319,
              22.30904
            ],
            [
              114.259337,
              22.3093
            ]
          ]
        ]
      },
      "properties": {
        "id": "zone_0190fb28f4",
        "name": "圓玄第三中學",
        "kind": "nest",
        "kind_votes": {
          "nest": 1
        },
        "zone_type": "infected_nest",
        "status": "unknown",
        "danger_level": 4,
        "spatial_precision": "approximate",
        "display_style": {
          "fill": "--zone-nest",
          "pattern": "hatch",
          "icon": "virus"
        },
        "chapter_refs": [
          43,
          44
        ],
        "event_ids": [
          "bg_event_115",
          "bg_event_1384",
          "bg_event_1556",
          "bg_event_1557",
          "bg_event_1562",
          "bg_event_1769",
          "bg_event_1770",
          "bg_event_1775",
          "bg_event_1776",
          "bg_event_888",
          "bg_event_891",
          "bg_event_907",
          "bg_event_908",
          "bg_event_910",
          "bg_event_911",
          "bg_event_912",
          "bg_event_913",
          "bg_event_925",
          "bg_event_926",
          "bg_event_927",
          "bg_event_959",
          "bg_event_973",
          "bg_event_974",
          "bg_event_975",
          "bg_event_978",
          "bg_event_979",
          "bg_event_980"
        ],
        "character_ids": [
          "ent_05b1ee1378",
          "ent_0ad2def3f5",
          "ent_1a9762c26d",
          "ent_21ab52894b",
          "ent_3cae31cbd2",
          "ent_50c9d96121",
          "ent_7f6734f51b",
          "ent_82a21d93ae",
          "ent_b6ab37e537",
          "ent_ba471fa10a",
          "ent_d360d5fbfb",
          "ent_dd034941ef"
        ],
        "member_location_ids": [
          "loc_0061",
          "loc_0136",
          "loc_0305",
          "loc_0306",
          "loc_0353",
          "loc_0704"
        ],
        "dossier_id": "dossier_0190fb28f4",
        "confidence": 0.8,
        "confidence_inputs": {
          "coord_score": 0.5,
          "dossier_score": 1.0,
          "kind_score": 1.0
        },
        "review_status": "auto_inferred",
        "zone_review_status": "auto_inferred",
        "schema_version": 2,
        "aliases": [
          "玄圓第三中學"
        ],
        "chapters": [
          43,
          44
        ],
        "first_appearance": 43,
        "location_hint": "將軍澳寶順路旁、與上山小路僅一馬路之隔，介乎大本營與靈實醫院之間",
        "government": null,
        "leadership": [],
        "social_structure": null,
        "economy": null,
        "defense": null,
        "population": "粗略估計約有七、八隻舌女",
        "culture": null,
        "notable_features": [
          "校門校閘",
          "上空有大量烏鴉盤旋"
        ],
        "threats": [
          "舌女"
        ],
        "summary": "介乎大本營與靈實醫院之間的學校，位於寶順路旁、與上山小路僅一馬路之隔，賴三繪製的地圖上明確標示為「危險區域」。校園上空有大量烏鴉盤旋，校內粗略估計有七、八隻舌女，有的像人一樣站直拍打校閘，有的互相追逐如狗兒玩耍。不知情的人從校門外經過，隨時會死得不明不白，因此主角選擇繞行山路避開。",
        "radius_m": 220.0,
        "radius_source": "default",
        "coords_source": "locations",
        "coords_evidence": "由 1 個地點分佈推導（精確配對 1 + 同名前綴 0）",
        "range_evidence": "只有 1 個成員點，用按類型嘅預設半徑（估算）",
        "coordinate_confidence": 0.55,
        "coordinate_source": "zone_inference",
        "coordinate_review_status": "needs_validation",
        "spatial_evidence_count": 0,
        "sources": [
          "A2"
        ],
        "source": "bing_gang"
      }
    },
    {
      "type": "Feature",
      "geometry": {
        "type": "Polygon",
        "coordinates": [
          [
            [
              114.253724,
              22.305878
            ],
            [
              114.253706,
              22.306138
            ],
            [
              114.253651,
              22.306393
            ],
            [
              114.253561,
              22.306639
            ],
            [
              114.253438,
              22.306873
            ],
            [
              114.253282,
              22.307089
            ],
            [
              114.253098,
              22.307285
            ],
            [
              114.252888,
              22.307457
            ],
            [
              114.252655,
              22.307601
            ],
            [
              114.252405,
              22.307716
            ],
            [
              114.25214,
              22.3078
            ],
            [
              114.251866,
              22.307851
            ],
            [
              114.251587,
              22.307868
            ],
            [
              114.251308,
              22.307851
            ],
            [
              114.251034,
              22.3078
            ],
            [
              114.250769,
              22.307716
            ],
            [
              114.250519,
              22.307601
            ],
            [
              114.250286,
              22.307457
            ],
            [
              114.250076,
              22.307285
            ],
            [
              114.249892,
              22.307089
            ],
            [
              114.249736,
              22.306873
            ],
            [
              114.249613,
              22.306639
            ],
            [
              114.249523,
              22.306393
            ],
            [
              114.249468,
              22.306138
            ],
            [
              114.24945,
              22.305878
            ],
            [
              114.249468,
              22.305618
            ],
            [
              114.249523,
              22.305363
            ],
            [
              114.249613,
              22.305117
            ],
            [
              114.249736,
              22.304883
            ],
            [
              114.249892,
              22.304667
            ],
            [
              114.250076,
              22.304471
            ],
            [
              114.250286,
              22.304299
            ],
            [
              114.250519,
              22.304155
            ],
            [
              114.250769,
              22.30404
            ],
            [
              114.251034,
              22.303956
            ],
            [
              114.251308,
              22.303905
            ],
            [
              114.251587,
              22.303888
            ],
            [
              114.251866,
              22.303905
            ],
            [
              114.25214,
              22.303956
            ],
            [
              114.252405,
              22.30404
            ],
            [
              114.252655,
              22.304155
            ],
            [
              114.252888,
              22.304299
            ],
            [
              114.253098,
              22.304471
            ],
            [
              114.253282,
              22.304667
            ],
            [
              114.253438,
              22.304883
            ],
            [
              114.253561,
              22.305117
            ],
            [
              114.253651,
              22.305363
            ],
            [
              114.253706,
              22.305618
            ],
            [
              114.253724,
              22.305878
            ]
          ]
        ]
      },
      "properties": {
        "id": "zone_dda1a69ddb",
        "name": "彩明商場",
        "kind": "nest",
        "kind_votes": {
          "nest": 1
        },
        "zone_type": "infected_nest",
        "status": "unknown",
        "danger_level": 4,
        "spatial_precision": "approximate",
        "display_style": {
          "fill": "--zone-nest",
          "pattern": "hatch",
          "icon": "virus"
        },
        "chapter_refs": [
          67
        ],
        "event_ids": [],
        "character_ids": [],
        "member_location_ids": [],
        "dossier_id": "dossier_dda1a69ddb",
        "confidence": 0.67,
        "confidence_inputs": {
          "coord_score": 0.5,
          "dossier_score": 0.6667,
          "kind_score": 1.0
        },
        "review_status": "auto_inferred",
        "zone_review_status": "auto_inferred",
        "schema_version": 2,
        "aliases": [],
        "chapters": [
          67
        ],
        "first_appearance": 67,
        "location_hint": "大本營附近（馬姑娘稱「附近彩明商場」）",
        "government": null,
        "leadership": [],
        "social_structure": "居住著一隻對結婚有欲望的病腦",
        "economy": null,
        "defense": null,
        "population": "一隻病腦",
        "culture": null,
        "notable_features": [],
        "threats": [
          "病腦（需定期送女人給牠安撫）"
        ],
        "summary": "彩明商場位於大本營附近，內裡居住著一隻病腦。據馬姑娘所言，這隻病腦對結婚有欲望，性格麻煩，需要定期送女人給牠才能安撫。牠是Dr.D與馬姑娘研究病腦相關資料的來源之一，補足了第一任助手滿天偷走病腦研究後的缺口。",
        "radius_m": 220.0,
        "radius_source": "default",
        "coords_source": "locations",
        "coords_evidence": "由 1 個地點分佈推導（精確配對 1 + 同名前綴 0）",
        "range_evidence": "只有 1 個成員點，用按類型嘅預設半徑（估算）",
        "coordinate_confidence": 0.55,
        "coordinate_source": "zone_inference",
        "coordinate_review_status": "needs_validation",
        "spatial_evidence_count": 0,
        "sources": [
          "A3"
        ],
        "source": "bing_gang"
      }
    },
    {
      "type": "Feature",
      "geometry": {
        "type": "Polygon",
        "coordinates": [
          [
            [
              114.255955,
              22.30581
            ],
            [
              114.255934,
              22.306117
            ],
            [
              114.255869,
              22.306419
            ],
            [
              114.255763,
              22.30671
            ],
            [
              114.255617,
              22.306986
            ],
            [
              114.255434,
              22.307241
            ],
            [
              114.255216,
              22.307473
            ],
            [
              114.254967,
              22.307676
            ],
            [
              114.254693,
              22.307846
            ],
            [
              114.254396,
              22.307982
            ],
            [
              114.254084,
              22.308081
            ],
            [
              114.25376,
              22.308141
            ],
            [
              114.25343,
              22.308161
            ],
            [
              114.2531,
              22.308141
            ],
            [
              114.252776,
              22.308081
            ],
            [
              114.252464,
              22.307982
            ],
            [
              114.252167,
              22.307846
            ],
            [
              114.251893,
              22.307676
            ],
            [
              114.251644,
              22.307473
            ],
            [
              114.251426,
              22.307241
            ],
            [
              114.251243,
              22.306986
            ],
            [
              114.251097,
              22.30671
            ],
            [
              114.250991,
              22.306419
            ],
            [
              114.250926,
              22.306117
            ],
            [
              114.250905,
              22.30581
            ],
            [
              114.250926,
              22.305503
            ],
            [
              114.250991,
              22.305201
            ],
            [
              114.251097,
              22.30491
            ],
            [
              114.251243,
              22.304634
            ],
            [
              114.251426,
              22.304379
            ],
            [
              114.251644,
              22.304147
            ],
            [
              114.251893,
              22.303944
            ],
            [
              114.252167,
              22.303774
            ],
            [
              114.252464,
              22.303638
            ],
            [
              114.252776,
              22.303539
            ],
            [
              114.2531,
              22.303479
            ],
            [
              114.25343,
              22.303459
            ],
            [
              114.25376,
              22.303479
            ],
            [
              114.254084,
              22.303539
            ],
            [
              114.254396,
              22.303638
            ],
            [
              114.254693,
              22.303774
            ],
            [
              114.254967,
              22.303944
            ],
            [
              114.255216,
              22.304147
            ],
            [
              114.255434,
              22.304379
            ],
            [
              114.255617,
              22.304634
            ],
            [
              114.255763,
              22.30491
            ],
            [
              114.255869,
              22.305201
            ],
            [
              114.255934,
              22.305503
            ],
            [
              114.255955,
              22.30581
            ]
          ]
        ]
      },
      "properties": {
        "id": "zone_3e668045b2",
        "name": "李惠利大樓",
        "kind": "outpost",
        "kind_votes": {
          "outpost": 1
        },
        "zone_type": "contested",
        "status": "unknown",
        "danger_level": 3,
        "spatial_precision": "approximate",
        "display_style": {
          "fill": "--zone-contested",
          "pattern": "contour",
          "icon": "crossed-swords"
        },
        "chapter_refs": [
          71,
          72
        ],
        "event_ids": [],
        "character_ids": [],
        "member_location_ids": [],
        "dossier_id": "dossier_3e668045b2",
        "confidence": 0.53,
        "confidence_inputs": {
          "coord_score": 0.5,
          "dossier_score": 0.3333,
          "kind_score": 1.0
        },
        "review_status": "auto_inferred",
        "zone_review_status": "auto_inferred",
        "schema_version": 2,
        "aliases": [],
        "chapters": [
          71,
          72
        ],
        "first_appearance": 71,
        "location_hint": "調景嶺，大本營（香港知專設計學院）附近",
        "government": "不良人佔據作前線據點",
        "leadership": [
          "不破尚",
          "董倫"
        ],
        "social_structure": null,
        "economy": null,
        "defense": "不良人的重點防線，設重重武裝警戒",
        "population": null,
        "culture": null,
        "notable_features": [
          "李惠利飯堂（不良人前線指揮處）"
        ],
        "threats": [
          "大本營",
          "Dr.D異變成的巨型病者"
        ],
        "summary": "李惠利大樓位於調景嶺大本營附近，不良人入侵大本營時將此處佔據為重點防線，並把李惠利飯堂當作前線指揮處。不破尚與其飛虎部隊在此集結、調度人手攻擊大本營的巨型病者Dr.D；董倫亦在此向不破尚獻策。戰事後期，大本營的M（黑袍老師）亦跟隨不良人退入此處的後方戰線。",
        "radius_m": 260.0,
        "radius_source": "default",
        "coords_source": "locations",
        "coords_evidence": "由 3 個地點分佈推導（精確配對 1 + 同名前綴 2）",
        "range_evidence": "只有 3 個成員點，用按類型嘅預設半徑（估算）",
        "coordinate_confidence": 0.55,
        "coordinate_source": "zone_inference",
        "coordinate_review_status": "needs_validation",
        "spatial_evidence_count": 0,
        "sources": [
          "A3"
        ],
        "source": "bing_gang"
      }
    },
    {
      "type": "Feature",
      "geometry": {
        "type": "Polygon",
        "coordinates": [
          [
            [
              114.251064,
              22.306758
            ],
            [
              114.250868,
              22.305845
            ],
            [
              114.251874,
              22.303904
            ],
            [
              114.253304,
              22.303398
            ],
            [
              114.254901,
              22.303824
            ],
            [
              114.255817,
              22.304928
            ],
            [
              114.255973,
              22.306076
            ],
            [
              114.254983,
              22.307725
            ],
            [
              114.251064,
              22.306758
            ]
          ]
        ]
      },
      "properties": {
        "id": "zone_c4afb9384d",
        "name": "不良人據點",
        "kind": "outpost",
        "kind_votes": {
          "outpost": 5
        },
        "zone_type": "contested",
        "status": "unknown",
        "danger_level": 3,
        "spatial_precision": "verified",
        "display_style": {
          "fill": "--zone-contested",
          "pattern": "contour",
          "icon": "crossed-swords"
        },
        "chapter_refs": [
          72,
          73,
          74,
          75,
          79,
          80,
          81,
          84,
          85,
          91,
          92,
          96,
          102,
          103,
          104,
          105,
          106,
          107,
          108,
          109,
          143,
          148,
          150,
          165
        ],
        "event_ids": [],
        "character_ids": [],
        "member_location_ids": [],
        "dossier_id": "dossier_c4afb9384d",
        "confidence": 1.0,
        "confidence_inputs": {
          "coord_score": 1.0,
          "dossier_score": 1.0,
          "kind_score": 1.0
        },
        "review_status": "validated",
        "zone_review_status": "validated",
        "schema_version": 2,
        "aliases": [
          "不良人倖存區",
          "不良人根據地",
          "不良人據點",
          "佛教志蓮小學"
        ],
        "chapters": [
          72,
          73,
          74,
          75,
          79,
          80,
          81,
          84,
          85,
          91,
          92,
          96,
          102,
          103,
          104,
          105,
          106,
          107,
          108,
          109,
          143,
          148,
          150,
          165
        ],
        "first_appearance": 72,
        "location_hint": "將軍澳尚德一帶，由兩間打通的小學校舍（含田家炳小學）組成，鄰近尚德巴士站及尚德商場，距大本營僅數街之隔",
        "government": "由不破尚獨裁統治，設有貼身親信及「正式不良人」幹部會議（每週五晚在六樓召開），一般成員只負責守門、搜索與前線戰鬥",
        "leadership": [
          "不破尚",
          "董倫",
          "銘凱",
          "不破尚（首領）",
          "銘凱（副手）",
          "董倫（知識份子頭目）",
          "銘凱（得力助手）",
          "董倫（前成員，已逃離至艾寶琳倖存區）"
        ],
        "social_structure": "分三層：首領不破尚；以銘凱為首的正規不良人（戰士）；董倫為首的知識份子（負責研發武器、不上一線）。另有「最終部隊」飛虎菁英，平日守衛六樓以上樓層",
        "economy": "靠搶掠其他倖存區維生，糧食庫存多得夠全員無節制食用一、兩年；平日行補給制，只分配給有貢獻者，武器等同地位",
        "defense": "學校圍牆、大閘與刺欄，設哨兵塔發三級防禦警告；二樓武器庫藏瓦斯、軍刀等；危急時調動不破尚私人部隊及機關陷阱",
        "population": "連不破尚私人部隊約四、五十人，加上大本營來的知識份子約七十多人",
        "culture": "好戰、嗜酒、玩飛鏢玩牌；視殺戮如常；成員間以「兄弟」相稱；首領不破尚信奉「拳頭係唯一立即連結大腦嘅武器」",
        "notable_features": [
          "田家炳小學操場的斷頭台",
          "二樓禮堂（食堂）",
          "三至四樓遊戲室（射擊場、拳賽、酒吧）",
          "七樓不破尚居所（無頭佛像）",
          "幾十呎高金屬板圍牆",
          "大閘",
          "操場",
          "遊戲室與酒吧",
          "糧食庫",
          "囚禁室（四樓）",
          "真實之房（五樓）",
          "會議室（六樓）",
          "紋身室（一樓）",
          "田家炳小學禮堂",
          "學校操場",
          "佛陀像",
          "二樓武器庫",
          "糧倉",
          "六樓以上樓層",
          "圍牆與大閘",
          "哨兵塔",
          "渠蓋",
          "小學校舍",
          "武器庫",
          "會議室",
          "刑具",
          "地下污渠出入口",
          "不良人據點（佛教志蓮小學）"
        ],
        "threats": [
          "病童（將軍澳商場）",
          "大本營反攻",
          "內部矛盾",
          "內部互不信任與猜疑",
          "不破尚的監視",
          "病者",
          "病者平權組織",
          "大本營",
          "Dr.D",
          "大量病者",
          "不良人"
        ],
        "summary": "不良人據點位於將軍澳，以佛教志蓮小學為核心，並打通左邊的田家炳小學。首領不破尚出身飛虎隊，掌有配備重火力槍械的飛虎部隊，地位最高；一般不良人及俘虜地位低微，婦孺更被視為隨時可殺的附屬品。圍牆以幾十呎高金屬板封成，牆外倒吊人類屍體、大閘掛滿女性頭顱作威嚇。物資靠每星期出外獵殺倖存者劫掠，成員間共享；武器等同地位象徵。營內設斷頭台行刑，並有禮堂食堂、遊戲室（射擊場、拳賽、酒吧）等娛樂。",
        "radius_m": 306.2,
        "radius_source": "members",
        "coords_source": "locations",
        "coords_evidence": "由 10 個地點分佈推導（精確配對 2 + 同名前綴 8）",
        "range_evidence": "由 10 個成員地點嘅凸包 + 200 m 外擴",
        "coordinate_confidence": 0.95,
        "coordinate_source": "cross_chapter_evidence",
        "coordinate_review_status": "auto_corrected",
        "spatial_evidence_count": 0,
        "sources": [
          "A3",
          "A4",
          "A5",
          "A6",
          "A7"
        ],
        "source": "bing_gang"
      }
    },
    {
      "type": "Feature",
      "geometry": {
        "type": "Polygon",
        "coordinates": [
          [
            [
              114.271974,
              22.337917
            ],
            [
              114.271956,
              22.338177
            ],
            [
              114.271901,
              22.338432
            ],
            [
              114.271812,
              22.338679
            ],
            [
              114.271688,
              22.338912
            ],
            [
              114.271533,
              22.339128
            ],
            [
              114.271348,
              22.339324
            ],
            [
              114.271138,
              22.339496
            ],
            [
              114.270906,
              22.33964
            ],
            [
              114.270655,
              22.339755
            ],
            [
              114.27039,
              22.339839
            ],
            [
              114.270116,
              22.33989
            ],
            [
              114.269837,
              22.339907
            ],
            [
              114.269558,
              22.33989
            ],
            [
              114.269284,
              22.339839
            ],
            [
              114.269019,
              22.339755
            ],
            [
              114.268769,
              22.33964
            ],
            [
              114.268536,
              22.339496
            ],
            [
              114.268326,
              22.339324
            ],
            [
              114.268142,
              22.339128
            ],
            [
              114.267987,
              22.338912
            ],
            [
              114.267863,
              22.338679
            ],
            [
              114.267773,
              22.338432
            ],
            [
              114.267719,
              22.338177
            ],
            [
              114.2677,
              22.337917
            ],
            [
              114.267719,
              22.337658
            ],
            [
              114.267773,
              22.337402
            ],
            [
              114.267863,
              22.337156
            ],
            [
              114.267987,
              22.336922
            ],
            [
              114.268142,
              22.336706
            ],
            [
              114.268326,
              22.33651
            ],
            [
              114.268536,
              22.336339
            ],
            [
              114.268769,
              22.336194
            ],
            [
              114.269019,
              22.336079
            ],
            [
              114.269284,
              22.335995
            ],
            [
              114.269558,
              22.335945
            ],
            [
              114.269837,
              22.335928
            ],
            [
              114.270116,
              22.335945
            ],
            [
              114.27039,
              22.335995
            ],
            [
              114.270655,
              22.336079
            ],
            [
              114.270906,
              22.336194
            ],
            [
              114.271138,
              22.336339
            ],
            [
              114.271348,
              22.33651
            ],
            [
              114.271533,
              22.336706
            ],
            [
              114.271688,
              22.336922
            ],
            [
              114.271812,
              22.337156
            ],
            [
              114.271901,
              22.337402
            ],
            [
              114.271956,
              22.337658
            ],
            [
              114.271974,
              22.337917
            ]
          ]
        ]
      },
      "properties": {
        "id": "zone_607bf35f2a",
        "name": "將軍澳商場",
        "kind": "nest",
        "kind_votes": {
          "nest": 1
        },
        "zone_type": "infected_nest",
        "status": "unknown",
        "danger_level": 4,
        "spatial_precision": "approximate",
        "display_style": {
          "fill": "--zone-nest",
          "pattern": "hatch",
          "icon": "virus"
        },
        "chapter_refs": [
          72,
          73,
          74,
          75
        ],
        "event_ids": [
          "bg_event_526",
          "bg_event_566"
        ],
        "character_ids": [
          "ent_7f6734f51b",
          "ent_82a21d93ae",
          "ent_ac57edddaa",
          "ent_b6ab37e537"
        ],
        "member_location_ids": [
          "loc_0226"
        ],
        "dossier_id": "dossier_607bf35f2a",
        "confidence": 0.8,
        "confidence_inputs": {
          "coord_score": 0.5,
          "dossier_score": 1.0,
          "kind_score": 1.0
        },
        "review_status": "auto_inferred",
        "zone_review_status": "auto_inferred",
        "schema_version": 2,
        "aliases": [
          "將軍澳廣場"
        ],
        "chapters": [
          72,
          73,
          74,
          75
        ],
        "first_appearance": 72,
        "location_hint": "將軍澳，距離不良人據點只有數十步之遙",
        "government": null,
        "leadership": [],
        "social_structure": null,
        "economy": null,
        "defense": null,
        "population": "一隻病童（約六、七歲的小女孩病者）",
        "culture": null,
        "notable_features": [
          "二樓超級市場",
          "二樓百貨公司",
          "吉野家",
          "傢俱店（吊頸繩）",
          "冷藏食品區"
        ],
        "threats": [
          "病童（以哼唱催眠獵物，令人自我了結）"
        ],
        "summary": "將軍澳商場（又稱將軍澳廣場）距不良人據點僅數十步，商場內超市、食店、藥房、鞋店、電腦店等早已被搶掠一空，唯獨二樓左邊的超級市場與右邊的百貨公司物資仍放得滿滿，因為從沒有人在「病童」手上活得過來。病童是一隻約六、七歲的小女孩病者，以幽幽哼唱的歌聲催眠獵物，令人放下防備、意識薄弱，繼而自行走向吊頸繩等陷阱自我了結。南愚曾警告對付牠必須帶耳塞。",
        "radius_m": 220.0,
        "radius_source": "default",
        "coords_source": "locations",
        "coords_evidence": "由 3 個地點分佈推導（精確配對 1 + 同名前綴 2）",
        "range_evidence": "只有 1 個成員點，用按類型嘅預設半徑（估算）",
        "coordinate_confidence": 0.55,
        "coordinate_source": "zone_inference",
        "coordinate_review_status": "needs_validation",
        "spatial_evidence_count": 2,
        "sources": [
          "A3"
        ],
        "source": "bing_gang"
      }
    },
    {
      "type": "Feature",
      "geometry": {
        "type": "Polygon",
        "coordinates": [
          [
            [
              114.234783,
              22.322284
            ],
            [
              114.242586,
              22.320811
            ],
            [
              114.245463,
              22.326509
            ],
            [
              114.245622,
              22.32845
            ],
            [
              114.241203,
              22.330485
            ],
            [
              114.234745,
              22.327486
            ],
            [
              114.234783,
              22.322284
            ]
          ]
        ]
      },
      "properties": {
        "id": "zone_14d4957e04",
        "name": "艾寶琳倖存區",
        "kind": "survivor",
        "kind_votes": {
          "survivor": 4
        },
        "zone_type": "survivor_zone",
        "status": "unknown",
        "danger_level": 1,
        "spatial_precision": "verified",
        "display_style": {
          "fill": "--zone-survivor",
          "pattern": "contour",
          "icon": "shield"
        },
        "chapter_refs": [
          73,
          126,
          132,
          133,
          134,
          135,
          136,
          137,
          138,
          144,
          145,
          146,
          147,
          151,
          155,
          163,
          168,
          175,
          176,
          177,
          178,
          180,
          181,
          191,
          195,
          196,
          197
        ],
        "event_ids": [
          "bg_event_1245",
          "bg_event_1289",
          "bg_event_1333",
          "bg_event_1335",
          "bg_event_1341",
          "bg_event_1343",
          "bg_event_1412",
          "bg_event_1414",
          "bg_event_1429",
          "bg_event_1433",
          "bg_event_1613",
          "bg_event_1622",
          "bg_event_538",
          "bg_event_577",
          "bg_event_644",
          "bg_event_865"
        ],
        "character_ids": [
          "ent_0ad2def3f5",
          "ent_14d4957e04",
          "ent_1a9762c26d",
          "ent_2ce4d2d78f",
          "ent_50c9d96121",
          "ent_64c25f2cd7",
          "ent_79879273ba",
          "ent_7c6543f83e",
          "ent_7ed34c8449",
          "ent_87f03b1339",
          "ent_970c603b4f",
          "ent_9a4a48cbc9",
          "ent_b9773b2977",
          "ent_c4afb9384d",
          "ent_d460958c66",
          "ent_d61cc93d26",
          "ent_da5ac3f022",
          "ent_e0f7ae0d6d",
          "ent_ee1180d7cb"
        ],
        "member_location_ids": [
          "loc_0230",
          "loc_0390",
          "loc_0435",
          "loc_0438",
          "loc_0458",
          "loc_0466",
          "loc_0525",
          "loc_0621",
          "loc_0623",
          "loc_0624",
          "loc_0627",
          "loc_0636",
          "loc_0690"
        ],
        "dossier_id": "dossier_14d4957e04",
        "confidence": 0.93,
        "confidence_inputs": {
          "coord_score": 1.0,
          "dossier_score": 0.8333,
          "kind_score": 1.0
        },
        "review_status": "validated",
        "zone_review_status": "validated",
        "schema_version": 2,
        "aliases": [
          "艾寶琳",
          "寶琳",
          "寶琳區",
          "寶琳倖存區",
          "艾寶琳區"
        ],
        "chapters": [
          73,
          126,
          132,
          133,
          134,
          135,
          136,
          137,
          138,
          144,
          145,
          146,
          147,
          151,
          155,
          163,
          168,
          175,
          176,
          177,
          178,
          180,
          181,
          191,
          195,
          196,
          197
        ],
        "first_appearance": 73,
        "location_hint": "將軍澳一帶（寶琳地鐵站為中心），與坑口「病者之都」之間只隔著一條馬路",
        "government": "由「艾氏皇室」統治，設皇政府，國王為元首；下有皇室顧問董倫及掌管行政、財富、外交、文化、軍隊的大臣，並實行公民三等制",
        "leadership": [
          "艾氏皇室國王",
          "艾康（王子／王位繼承人）",
          "艾匡（公主）",
          "董倫（皇室顧問／重臣）",
          "瓦安（大商家、商團老闆）",
          "賴桑（病獵）",
          "國王",
          "艾匡公主",
          "賴桑",
          "奎斯"
        ],
        "social_structure": "按學歷與財富分三等公民：一等為高學歷或巨大財富者，二等為基本教育及受認可技能者，三等為不符上述者；其上另有皇室與貴族，貴族居於地鐵站上蓋的皇室區，與下蓋平民生活形成強烈對比",
        "economy": "擁有獨立貨幣「艾幣」，鄰近中、小型倖存區亦承認；主街道就地擺賣，由刀斧劍器到茶米油鹽皆有；瓦安商團對外貿易，區內另有賭場、雜房店、製毒工場等地下經濟",
        "defense": "邊境圍牆以鐵板、支架、木塊、鐵桶、磚頭、硬盒堆砌而成，十分堅固；圍牆上有守衛，出入需公民證與安檢；疊翠軒停車場掘有深洞陷阱，底部放長鐵刺，引誘病者墮下",
        "population": null,
        "culture": "階級觀念強烈，貴族每週在皇宮舉行宴會交流，飲「血酒」、食牛排紅酒；艾氏皇室制定慶年日子，年宵一連七天，有紅燈籠、賀年攤位、心口碎大石、走火路等表演；居民普遍嚮往賺錢享樂，早已忘記牆外的病者世界",
        "notable_features": [
          "邊境圍牆",
          "寶琳地鐵站",
          "主街道",
          "皇政府總部",
          "皇室區",
          "皇宮（新都城二期商場）",
          "疊翠軒會所",
          "哈姆雷特雜貨店",
          "慧安園",
          "新都城中心三期賭場",
          "寶琳加油站",
          "圍牆",
          "皇宮",
          "主大道",
          "病獵公會",
          "賭場",
          "詭區",
          "新都城商場",
          "生命之牆",
          "新都城中心三期",
          "YAG酒吧",
          "疊翠軒皇家醫院",
          "寶琳村",
          "艾寶琳共和國"
        ],
        "threats": [
          "不良人（劫殺其商人）",
          "病者（舞者、病翼、舌女）",
          "病者平權組織",
          "病者和平協會",
          "製毒工場（大佬傑）",
          "童工政策",
          "病者",
          "奸商",
          "不良人",
          "皇室內鬥（艾康王子）"
        ],
        "summary": "全區最大型的倖存區社會，設獨立貨幣「艾幣」，連鄰近中小型倖存區亦承認。區內按財富與學歷劃分三等公民，皇室與貴族居於寶琳地鐵站上蓋的皇室區，皇宮設於新都城二期商場，平民則在地鐵站對出的大馬路擺賣維生。邊境以鐵板、木塊、磚頭堆砌成高牆，出入需公民證與安檢。區內有皇政府總部、疊翠軒會所（醫療與知識中心）、病獵公會（區外山上）等設施，並靠深洞陷阱防禦病者。居民多半只想賺錢享樂，已忘記牆外的病者世界。",
        "radius_m": 737.9,
        "radius_source": "members",
        "coords_source": "locations",
        "coords_evidence": "由 24 個地點分佈推導（精確配對 1 + 同名前綴 23）",
        "range_evidence": "由 11 個成員地點嘅凸包 + 200 m 外擴",
        "coordinate_confidence": 0.95,
        "coordinate_source": "cross_chapter_evidence",
        "coordinate_review_status": "auto_corrected",
        "spatial_evidence_count": 15,
        "sources": [
          "A3",
          "A6",
          "A7",
          "A8"
        ],
        "source": "bing_gang"
      }
    },
    {
      "type": "Feature",
      "geometry": {
        "type": "Polygon",
        "coordinates": [
          [
            [
              114.253724,
              22.305878
            ],
            [
              114.253706,
              22.306138
            ],
            [
              114.253651,
              22.306393
            ],
            [
              114.253561,
              22.306639
            ],
            [
              114.253438,
              22.306873
            ],
            [
              114.253282,
              22.307089
            ],
            [
              114.253098,
              22.307285
            ],
            [
              114.252888,
              22.307457
            ],
            [
              114.252655,
              22.307601
            ],
            [
              114.252405,
              22.307716
            ],
            [
              114.25214,
              22.3078
            ],
            [
              114.251866,
              22.307851
            ],
            [
              114.251587,
              22.307868
            ],
            [
              114.251308,
              22.307851
            ],
            [
              114.251034,
              22.3078
            ],
            [
              114.250769,
              22.307716
            ],
            [
              114.250519,
              22.307601
            ],
            [
              114.250286,
              22.307457
            ],
            [
              114.250076,
              22.307285
            ],
            [
              114.249892,
              22.307089
            ],
            [
              114.249736,
              22.306873
            ],
            [
              114.249613,
              22.306639
            ],
            [
              114.249523,
              22.306393
            ],
            [
              114.249468,
              22.306138
            ],
            [
              114.24945,
              22.305878
            ],
            [
              114.249468,
              22.305618
            ],
            [
              114.249523,
              22.305363
            ],
            [
              114.249613,
              22.305117
            ],
            [
              114.249736,
              22.304883
            ],
            [
              114.249892,
              22.304667
            ],
            [
              114.250076,
              22.304471
            ],
            [
              114.250286,
              22.304299
            ],
            [
              114.250519,
              22.304155
            ],
            [
              114.250769,
              22.30404
            ],
            [
              114.251034,
              22.303956
            ],
            [
              114.251308,
              22.303905
            ],
            [
              114.251587,
              22.303888
            ],
            [
              114.251866,
              22.303905
            ],
            [
              114.25214,
              22.303956
            ],
            [
              114.252405,
              22.30404
            ],
            [
              114.252655,
              22.304155
            ],
            [
              114.252888,
              22.304299
            ],
            [
              114.253098,
              22.304471
            ],
            [
              114.253282,
              22.304667
            ],
            [
              114.253438,
              22.304883
            ],
            [
              114.253561,
              22.305117
            ],
            [
              114.253651,
              22.305363
            ],
            [
              114.253706,
              22.305618
            ],
            [
              114.253724,
              22.305878
            ]
          ]
        ]
      },
      "properties": {
        "id": "zone_4600c0fe59",
        "name": "彩明商場病腦巢穴",
        "kind": "nest",
        "kind_votes": {
          "nest": 1
        },
        "zone_type": "infected_nest",
        "status": "unknown",
        "danger_level": 4,
        "spatial_precision": "approximate",
        "display_style": {
          "fill": "--zone-nest",
          "pattern": "hatch",
          "icon": "virus"
        },
        "chapter_refs": [
          80,
          89
        ],
        "event_ids": [
          "bg_event_067",
          "bg_event_127",
          "bg_event_1587",
          "bg_event_1599",
          "bg_event_282",
          "bg_event_713",
          "bg_event_735"
        ],
        "character_ids": [
          "ent_50c9d96121",
          "ent_6c288e91c6",
          "ent_7f6734f51b",
          "ent_82a21d93ae",
          "ent_b11ee807ef",
          "ent_b9773b2977",
          "ent_d460958c66"
        ],
        "member_location_ids": [
          "loc_0055",
          "loc_0126",
          "loc_0147",
          "loc_0152",
          "loc_0317",
          "loc_0646",
          "loc_0686"
        ],
        "dossier_id": "dossier_4600c0fe59",
        "confidence": 0.67,
        "confidence_inputs": {
          "coord_score": 0.5,
          "dossier_score": 0.6667,
          "kind_score": 1.0
        },
        "review_status": "needs_validation",
        "zone_review_status": "needs_validation",
        "schema_version": 2,
        "aliases": [
          "彩明商場"
        ],
        "chapters": [
          80,
          89
        ],
        "first_appearance": 80,
        "location_hint": "將軍澳彩明一帶（鄰近彩明村、彩明苑）",
        "government": null,
        "leadership": [],
        "social_structure": null,
        "economy": null,
        "defense": null,
        "population": null,
        "culture": null,
        "notable_features": [],
        "threats": [
          "病腦"
        ],
        "summary": "將軍澳彩明一帶的商場，曾有一隻病腦出沒，在不良人之間只是未經證實的傳聞。主角早前曾在此對付該病腦，即使出動火燒大腦也未能把它完全殺死，最終將它宰掉。當不良人王白蛋提起此事時，消息已然過時。",
        "radius_m": 220.0,
        "radius_source": "default",
        "coords_source": "locations",
        "coords_evidence": "由 1 個地點分佈推導（精確配對 1 + 同名前綴 0）",
        "range_evidence": "只有 1 個成員點，用按類型嘅預設半徑（估算）",
        "coordinate_confidence": 0.55,
        "coordinate_source": "zone_inference",
        "coordinate_review_status": "needs_validation",
        "spatial_evidence_count": 0,
        "sources": [
          "A4"
        ],
        "source": "bing_gang"
      }
    },
    {
      "type": "Feature",
      "geometry": {
        "type": "Polygon",
        "coordinates": [
          [
            [
              114.267768,
              22.319049
            ],
            [
              114.267749,
              22.319309
            ],
            [
              114.267695,
              22.319564
            ],
            [
              114.267605,
              22.319811
            ],
            [
              114.267481,
              22.320044
            ],
            [
              114.267326,
              22.320261
            ],
            [
              114.267142,
              22.320456
            ],
            [
              114.266932,
              22.320628
            ],
            [
              114.266699,
              22.320773
            ],
            [
              114.266449,
              22.320888
            ],
            [
              114.266184,
              22.320971
            ],
            [
              114.26591,
              22.321022
            ],
            [
              114.265631,
              22.321039
            ],
            [
              114.265352,
              22.321022
            ],
            [
              114.265078,
              22.320971
            ],
            [
              114.264813,
              22.320888
            ],
            [
              114.264562,
              22.320773
            ],
            [
              114.26433,
              22.320628
            ],
            [
              114.26412,
              22.320456
            ],
            [
              114.263935,
              22.320261
            ],
            [
              114.26378,
              22.320044
            ],
            [
              114.263656,
              22.319811
            ],
            [
              114.263567,
              22.319564
            ],
            [
              114.263512,
              22.319309
            ],
            [
              114.263494,
              22.319049
            ],
            [
              114.263512,
              22.31879
            ],
            [
              114.263567,
              22.318534
            ],
            [
              114.263656,
              22.318288
            ],
            [
              114.26378,
              22.318055
            ],
            [
              114.263935,
              22.317838
            ],
            [
              114.26412,
              22.317643
            ],
            [
              114.26433,
              22.317471
            ],
            [
              114.264562,
              22.317326
            ],
            [
              114.264813,
              22.317211
            ],
            [
              114.265078,
              22.317128
            ],
            [
              114.265352,
              22.317077
            ],
            [
              114.265631,
              22.31706
            ],
            [
              114.26591,
              22.317077
            ],
            [
              114.266184,
              22.317128
            ],
            [
              114.266449,
              22.317211
            ],
            [
              114.266699,
              22.317326
            ],
            [
              114.266932,
              22.317471
            ],
            [
              114.267142,
              22.317643
            ],
            [
              114.267326,
              22.317838
            ],
            [
              114.267481,
              22.318055
            ],
            [
              114.267605,
              22.318288
            ],
            [
              114.267695,
              22.318534
            ],
            [
              114.267749,
              22.31879
            ],
            [
              114.267768,
              22.319049
            ]
          ]
        ]
      },
      "properties": {
        "id": "zone_401442fd69",
        "name": "尚德街市病窩",
        "kind": "nest",
        "kind_votes": {
          "nest": 1
        },
        "zone_type": "infected_nest",
        "status": "unknown",
        "danger_level": 4,
        "spatial_precision": "approximate",
        "display_style": {
          "fill": "--zone-nest",
          "pattern": "hatch",
          "icon": "virus"
        },
        "chapter_refs": [
          87,
          88,
          89,
          90
        ],
        "event_ids": [
          "bg_event_1227",
          "bg_event_1274",
          "bg_event_1383",
          "bg_event_525",
          "bg_event_559",
          "bg_event_565",
          "bg_event_586",
          "bg_event_589",
          "bg_event_616",
          "bg_event_642",
          "bg_event_655"
        ],
        "character_ids": [
          "ent_0314d499b9",
          "ent_05b1ee1378",
          "ent_21ab52894b",
          "ent_7f6734f51b",
          "ent_82a21d93ae",
          "ent_b9773b2977",
          "ent_da5ac3f022"
        ],
        "member_location_ids": [
          "loc_0020",
          "loc_0235",
          "loc_0236",
          "loc_0237",
          "loc_0255",
          "loc_0363",
          "loc_0367",
          "loc_0497"
        ],
        "dossier_id": "dossier_401442fd69",
        "confidence": 0.8,
        "confidence_inputs": {
          "coord_score": 0.5,
          "dossier_score": 1.0,
          "kind_score": 1.0
        },
        "review_status": "auto_inferred",
        "zone_review_status": "auto_inferred",
        "schema_version": 2,
        "aliases": [
          "大廚的病窩",
          "飼養圈"
        ],
        "chapters": [
          87,
          88,
          89,
          90
        ],
        "first_appearance": 87,
        "location_hint": "將軍澳尚德街市，前身為街市；由病者平權組織刻意封鎖鐵捲門、加鎖及佈滿陷阱而建成",
        "government": null,
        "leadership": [
          "大廚"
        ],
        "social_structure": "由一隻名為「大廚」的病腦佔據，並有病者平權組織的人類成員夏當匿藏其中，負責設陷阱、誘敵與看守",
        "economy": "以人類為食材，設大甕、豬肉檔、魚檔烹煮人肉湯；以雞籠困住活人保持新鮮",
        "defense": "鐵捲門加新鎖、捕獸器陷阱、從天而降的鐵籠，以及鐵勾、鐵鍊豬肉刀等武器",
        "population": "以雞籠困住十多個活人作食材",
        "culture": "病腦「大廚」學會人類烹煮技能，以《望春風》播音機營造氛圍，牆上貼有病者平權組織的檔案表（姓名：大廚、品種：病腦、保護評級：一級保護病者）",
        "notable_features": [
          "鐵捲門",
          "豬肉檔",
          "魚檔大甕",
          "活人鐵籠",
          "燒味店密室"
        ],
        "threats": [
          "病腦「大廚」",
          "病者平權組織成員夏當",
          "滿佈的陷阱"
        ],
        "summary": "尚德街市被病者平權組織刻意封鎖鐵捲門、加鎖並佈滿陷阱，改造成一隻名為「大廚」的病腦的巢穴，組織稱之為「飼養圈」。病腦在肉檔、魚檔以人類為食材，用大甕烹煮人肉湯，並以雞籠困住十多個活人保持新鮮。組織成員夏當匿藏其中，利用不良人俘虜設局誘敵，是主角首次遇上病者平權組織的地方。",
        "radius_m": 220.0,
        "radius_source": "default",
        "coords_source": "locations",
        "coords_evidence": "由 1 個地點分佈推導（精確配對 1 + 同名前綴 0）",
        "range_evidence": "只有 1 個成員點，用按類型嘅預設半徑（估算）",
        "coordinate_confidence": 0.55,
        "coordinate_source": "zone_inference",
        "coordinate_review_status": "needs_validation",
        "spatial_evidence_count": 1,
        "sources": [
          "A4"
        ],
        "source": "bing_gang"
      }
    },
    {
      "type": "Feature",
      "geometry": {
        "type": "Polygon",
        "coordinates": [
          [
            [
              114.280319,
              22.329512
            ],
            [
              114.280301,
              22.329772
            ],
            [
              114.280246,
              22.330027
            ],
            [
              114.280156,
              22.330273
            ],
            [
              114.280033,
              22.330507
            ],
            [
              114.279877,
              22.330723
            ],
            [
              114.279693,
              22.330919
            ],
            [
              114.279483,
              22.331091
            ],
            [
              114.27925,
              22.331235
            ],
            [
              114.279,
              22.33135
            ],
            [
              114.278735,
              22.331434
            ],
            [
              114.278461,
              22.331485
            ],
            [
              114.278182,
              22.331502
            ],
            [
              114.277903,
              22.331485
            ],
            [
              114.277629,
              22.331434
            ],
            [
              114.277364,
              22.33135
            ],
            [
              114.277114,
              22.331235
            ],
            [
              114.276881,
              22.331091
            ],
            [
              114.276671,
              22.330919
            ],
            [
              114.276487,
              22.330723
            ],
            [
              114.276331,
              22.330507
            ],
            [
              114.276208,
              22.330273
            ],
            [
              114.276118,
              22.330027
            ],
            [
              114.276063,
              22.329772
            ],
            [
              114.276045,
              22.329512
            ],
            [
              114.276063,
              22.329252
            ],
            [
              114.276118,
              22.328997
            ],
            [
              114.276208,
              22.328751
            ],
            [
              114.276331,
              22.328517
            ],
            [
              114.276487,
              22.328301
            ],
            [
              114.276671,
              22.328105
            ],
            [
              114.276881,
              22.327933
            ],
            [
              114.277114,
              22.327789
            ],
            [
              114.277364,
              22.327674
            ],
            [
              114.277629,
              22.32759
            ],
            [
              114.277903,
              22.327539
            ],
            [
              114.278182,
              22.327522
            ],
            [
              114.278461,
              22.327539
            ],
            [
              114.278735,
              22.32759
            ],
            [
              114.279,
              22.327674
            ],
            [
              114.27925,
              22.327789
            ],
            [
              114.279483,
              22.327933
            ],
            [
              114.279693,
              22.328105
            ],
            [
              114.279877,
              22.328301
            ],
            [
              114.280033,
              22.328517
            ],
            [
              114.280156,
              22.328751
            ],
            [
              114.280246,
              22.328997
            ],
            [
              114.280301,
              22.329252
            ],
            [
              114.280319,
              22.329512
            ]
          ]
        ]
      },
      "properties": {
        "id": "zone_f282cd70b5",
        "name": "皇冠假日酒店病巢",
        "kind": "nest",
        "kind_votes": {
          "nest": 1
        },
        "zone_type": "infected_nest",
        "status": "unknown",
        "danger_level": 4,
        "spatial_precision": "approximate",
        "display_style": {
          "fill": "--zone-nest",
          "pattern": "hatch",
          "icon": "virus"
        },
        "chapter_refs": [
          92,
          93,
          94
        ],
        "event_ids": [
          "bg_event_1073",
          "bg_event_1076",
          "bg_event_1091",
          "bg_event_1315",
          "bg_event_1550",
          "bg_event_1554",
          "bg_event_1572",
          "bg_event_1576",
          "bg_event_1579",
          "bg_event_1603",
          "bg_event_1612",
          "bg_event_1711",
          "bg_event_1712",
          "bg_event_1713",
          "bg_event_1715",
          "bg_event_1718",
          "bg_event_1734",
          "bg_event_1736",
          "bg_event_1739",
          "bg_event_1740",
          "bg_event_1744",
          "bg_event_1747",
          "bg_event_1749",
          "bg_event_1752",
          "bg_event_340",
          "bg_event_348",
          "bg_event_355",
          "bg_event_795",
          "bg_event_941",
          "bg_event_942"
        ],
        "character_ids": [
          "ent_1a9762c26d",
          "ent_21ab52894b",
          "ent_2ce4d2d78f",
          "ent_3f7166ade6",
          "ent_50c9d96121",
          "ent_615cff537b",
          "ent_7c6543f83e",
          "ent_7f6734f51b",
          "ent_891585b96f",
          "ent_970c603b4f",
          "ent_b11ee807ef",
          "ent_b18b574748",
          "ent_b6ab37e537",
          "ent_b9773b2977",
          "ent_d61cc93d26",
          "ent_da5ac3f022",
          "ent_e3d589126a"
        ],
        "member_location_ids": [
          "loc_0178",
          "loc_0180",
          "loc_0181",
          "loc_0319",
          "loc_0346",
          "loc_0352",
          "loc_0370",
          "loc_0500",
          "loc_0503",
          "loc_0504",
          "loc_0595",
          "loc_0671",
          "loc_0673",
          "loc_0675"
        ],
        "dossier_id": "dossier_f282cd70b5",
        "confidence": 0.8,
        "confidence_inputs": {
          "coord_score": 0.5,
          "dossier_score": 1.0,
          "kind_score": 1.0
        },
        "review_status": "auto_inferred",
        "zone_review_status": "auto_inferred",
        "schema_version": 2,
        "aliases": [
          "皇冠假日酒店"
        ],
        "chapters": [
          92,
          93,
          94
        ],
        "first_appearance": 92,
        "location_hint": "將軍澳地鐵站旁，是全將軍澳區最高的建築物；亂世初期各勢力曾爭奪此地為據點",
        "government": null,
        "leadership": [],
        "social_structure": "各樓層走廊中央被人堆疊出屍山；西餐廳有一座巨型屍山供病爪冬眠；棲息着最少一隻病爪及三隻以上的竊屍賊，牠們疑似會為病爪建屍塔",
        "economy": null,
        "defense": null,
        "population": null,
        "culture": null,
        "notable_features": [
          "各樓層走廊屍堆",
          "西餐廳巨型屍山",
          "落地大玻璃",
          "升降機大堂"
        ],
        "threats": [
          "病爪",
          "竊屍賊",
          "濃烈屍臭"
        ],
        "summary": "將軍澳地鐵站旁、全區最高的酒店，因亂世初期各勢力爭奪而屍橫遍野。酒店各樓層走廊中央都被人堆疊出屍山，西餐廳更有一座幾乎碰到吊燈的巨型屍山，供病爪在內冬眠。此處最少棲息着一隻病爪及三隻以上的竊屍賊，牠們分工處理屍體，並以極濃的屍臭掩蓋活人氣味，令竊屍賊察覺不到活人。主角與銘凱在此幾乎喪命。",
        "radius_m": 220.0,
        "radius_source": "default",
        "coords_source": "locations",
        "coords_evidence": "由 1 個地點分佈推導（精確配對 1 + 同名前綴 0）",
        "range_evidence": "只有 1 個成員點，用按類型嘅預設半徑（估算）",
        "coordinate_confidence": 0.55,
        "coordinate_source": "zone_inference",
        "coordinate_review_status": "needs_validation",
        "spatial_evidence_count": 2,
        "sources": [
          "A4"
        ],
        "source": "bing_gang"
      }
    },
    {
      "type": "Feature",
      "geometry": {
        "type": "Polygon",
        "coordinates": [
          [
            [
              114.260299,
              22.318613
            ],
            [
              114.260281,
              22.318873
            ],
            [
              114.260227,
              22.319128
            ],
            [
              114.260137,
              22.319374
            ],
            [
              114.260013,
              22.319608
            ],
            [
              114.259858,
              22.319824
            ],
            [
              114.259674,
              22.32002
            ],
            [
              114.259463,
              22.320192
            ],
            [
              114.259231,
              22.320336
            ],
            [
              114.25898,
              22.320451
            ],
            [
              114.258716,
              22.320535
            ],
            [
              114.258441,
              22.320586
            ],
            [
              114.258162,
              22.320603
            ],
            [
              114.257884,
              22.320586
            ],
            [
              114.257609,
              22.320535
            ],
            [
              114.257345,
              22.320451
            ],
            [
              114.257094,
              22.320336
            ],
            [
              114.256862,
              22.320192
            ],
            [
              114.256651,
              22.32002
            ],
            [
              114.256467,
              22.319824
            ],
            [
              114.256312,
              22.319608
            ],
            [
              114.256188,
              22.319374
            ],
            [
              114.256098,
              22.319128
            ],
            [
              114.256044,
              22.318873
            ],
            [
              114.256026,
              22.318613
            ],
            [
              114.256044,
              22.318353
            ],
            [
              114.256098,
              22.318098
            ],
            [
              114.256188,
              22.317852
            ],
            [
              114.256312,
              22.317618
            ],
            [
              114.256467,
              22.317402
            ],
            [
              114.256651,
              22.317206
            ],
            [
              114.256862,
              22.317034
            ],
            [
              114.257094,
              22.31689
            ],
            [
              114.257345,
              22.316775
            ],
            [
              114.257609,
              22.316691
            ],
            [
              114.257884,
              22.31664
            ],
            [
              114.258162,
              22.316623
            ],
            [
              114.258441,
              22.31664
            ],
            [
              114.258716,
              22.316691
            ],
            [
              114.25898,
              22.316775
            ],
            [
              114.259231,
              22.31689
            ],
            [
              114.259463,
              22.317034
            ],
            [
              114.259674,
              22.317206
            ],
            [
              114.259858,
              22.317402
            ],
            [
              114.260013,
              22.317618
            ],
            [
              114.260137,
              22.317852
            ],
            [
              114.260227,
              22.318098
            ],
            [
              114.260281,
              22.318353
            ],
            [
              114.260299,
              22.318613
            ]
          ]
        ]
      },
      "properties": {
        "id": "zone_8fb5cd71a2",
        "name": "聖安得肋堂",
        "kind": "nest",
        "kind_votes": {
          "nest": 1,
          "outpost": 1
        },
        "zone_type": "infected_nest",
        "status": "unknown",
        "danger_level": 4,
        "spatial_precision": "approximate",
        "display_style": {
          "fill": "--zone-nest",
          "pattern": "hatch",
          "icon": "virus"
        },
        "chapter_refs": [
          97,
          99,
          100,
          178
        ],
        "event_ids": [],
        "character_ids": [],
        "member_location_ids": [],
        "dossier_id": "dossier_8fb5cd71a2",
        "confidence": 0.7,
        "confidence_inputs": {
          "coord_score": 0.5,
          "dossier_score": 1.0,
          "kind_score": 0.5
        },
        "review_status": "needs_validation",
        "zone_review_status": "needs_validation",
        "schema_version": 2,
        "aliases": [
          "聖安德肋教堂",
          "病者平權組織據點"
        ],
        "chapters": [
          97,
          99,
          100,
          178
        ],
        "first_appearance": 97,
        "location_hint": "將軍澳坑口，教堂對面有一個公園",
        "government": "由「教主」（穿黑袍的光頭教父）領導，下設中級、初級成員；組織以維護病者平權、供奉「病神／病皇」為宗旨",
        "leadership": [
          "教主",
          "平子",
          "昇明"
        ],
        "social_structure": "分初級、中級、最高級成員：初級須讀《病詩》、學病語、做家務；中級可外出活捉病者；最高級可到各倖存區宣傳及推薦成員。成員一律穿全身白衣，且禁止自由出入",
        "economy": "靠外出捉拿倖存者作祭品，並接受信徒加入",
        "defense": "禁止成員自由出入，須特別許可；以病語「嗄‧‧‧吧吧嘎！嗨！」作辨識暗號，答不出者會被「帶去深入了解病者」",
        "population": null,
        "culture": "以病語祈禱、誦讀《病詩》，天花大十字架上釘住一隻死去的舌女，設「祭品室」以棺木囚禁活人",
        "notable_features": [
          "三層高教堂",
          "祭品室（棺木）",
          "大十字架",
          "花窗玻璃"
        ],
        "threats": [
          "教主",
          "白衣成員",
          "被當作祭品的病者"
        ],
        "summary": "病者平權組織在坑口的據點，外表是整潔寧靜的教堂，實為供奉「病神／病皇」的異端組織。教主為穿黑袍的光頭教父，成員一律穿白衣，以病語祈禱、誦讀《病詩》。組織分初、中、高三級，初級不得外出。堂內設「祭品室」，用二、三十個棺木囚禁捉來的倖存者作祭品，連寶琳倖存區的公主也被捉來充當祭品。",
        "radius_m": 220.0,
        "radius_source": "default",
        "coords_source": "locations",
        "coords_evidence": "由 2 個地點分佈推導（精確配對 1 + 同名前綴 1）",
        "range_evidence": "只有 2 個成員點，用按類型嘅預設半徑（估算）",
        "coordinate_confidence": 0.55,
        "coordinate_source": "zone_inference",
        "coordinate_review_status": "needs_validation",
        "spatial_evidence_count": 0,
        "sources": [
          "A4",
          "A8"
        ],
        "source": "bing_gang"
      }
    },
    {
      "type": "Feature",
      "geometry": {
        "type": "Polygon",
        "coordinates": [
          [
            [
              114.26073,
              22.318307
            ],
            [
              114.260709,
              22.318614
            ],
            [
              114.260644,
              22.318916
            ],
            [
              114.260538,
              22.319207
            ],
            [
              114.260392,
              22.319483
            ],
            [
              114.260209,
              22.319738
            ],
            [
              114.259991,
              22.31997
            ],
            [
              114.259742,
              22.320173
            ],
            [
              114.259468,
              22.320343
            ],
            [
              114.259171,
              22.320479
            ],
            [
              114.258859,
              22.320578
            ],
            [
              114.258535,
              22.320638
            ],
            [
              114.258205,
              22.320658
            ],
            [
              114.257875,
              22.320638
            ],
            [
              114.257551,
              22.320578
            ],
            [
              114.257239,
              22.320479
            ],
            [
              114.256942,
              22.320343
            ],
            [
              114.256668,
              22.320173
            ],
            [
              114.256419,
              22.31997
            ],
            [
              114.256201,
              22.319738
            ],
            [
              114.256018,
              22.319483
            ],
            [
              114.255872,
              22.319207
            ],
            [
              114.255766,
              22.318916
            ],
            [
              114.255701,
              22.318614
            ],
            [
              114.25568,
              22.318307
            ],
            [
              114.255701,
              22.318
            ],
            [
              114.255766,
              22.317698
            ],
            [
              114.255872,
              22.317407
            ],
            [
              114.256018,
              22.317131
            ],
            [
              114.256201,
              22.316876
            ],
            [
              114.256419,
              22.316644
            ],
            [
              114.256668,
              22.316441
            ],
            [
              114.256942,
              22.316271
            ],
            [
              114.257239,
              22.316135
            ],
            [
              114.257551,
              22.316036
            ],
            [
              114.257875,
              22.315976
            ],
            [
              114.258205,
              22.315956
            ],
            [
              114.258535,
              22.315976
            ],
            [
              114.258859,
              22.316036
            ],
            [
              114.259171,
              22.316135
            ],
            [
              114.259468,
              22.316271
            ],
            [
              114.259742,
              22.316441
            ],
            [
              114.259991,
              22.316644
            ],
            [
              114.260209,
              22.316876
            ],
            [
              114.260392,
              22.317131
            ],
            [
              114.260538,
              22.317407
            ],
            [
              114.260644,
              22.317698
            ],
            [
              114.260709,
              22.318
            ],
            [
              114.26073,
              22.318307
            ]
          ]
        ]
      },
      "properties": {
        "id": "zone_ad35edc961",
        "name": "病者平權組織（聖安得肋堂）",
        "kind": "outpost",
        "kind_votes": {
          "outpost": 1
        },
        "zone_type": "contested",
        "status": "unknown",
        "danger_level": 3,
        "spatial_precision": "approximate",
        "display_style": {
          "fill": "--zone-contested",
          "pattern": "contour",
          "icon": "crossed-swords"
        },
        "chapter_refs": [
          101,
          102,
          103,
          104,
          124
        ],
        "event_ids": [],
        "character_ids": [],
        "member_location_ids": [],
        "dossier_id": "dossier_ad35edc961",
        "confidence": 0.73,
        "confidence_inputs": {
          "coord_score": 0.5,
          "dossier_score": 0.8333,
          "kind_score": 1.0
        },
        "review_status": "auto_inferred",
        "zone_review_status": "auto_inferred",
        "schema_version": 2,
        "aliases": [
          "病者平權組織根據地",
          "聖安得肋堂"
        ],
        "chapters": [
          101,
          102,
          103,
          104,
          124
        ],
        "first_appearance": 101,
        "location_hint": "將軍澳城市公園一帶，由城市公園折返聖安得肋堂的原路",
        "government": "由教主（光頭）領導，教眾奉病者為「病王／病皇／上帝」，屬洗腦式信仰統治",
        "leadership": [
          "教主（光頭）",
          "平子小姐",
          "犬京",
          "瓦安（背後資助人）"
        ],
        "social_structure": "全體成員穿白衣、以「弟兄」相稱，一律聽從教主；每日集體用餐、讀《病詩》；教主之下有平子小姐等執行者，另有可飼養病者的成員",
        "economy": "以擄走寶琳公主作籌碼，逼寶琳倖存區每隔日運送糧食物資；並向小型倖存區（如將軍澳村）索取供奉；另有哈姆雷特老闆瓦安等富人出錢出物資資助",
        "defense": "聖安得肋堂以大門多重木條封住出口，窗戶用木板圍封，白衣成員持武器看守；作戰時能飼養並以貨櫃運載病者（病爪、病嘴、病牙、舌女、大眼、大鼻、大耳、舞者）出陣",
        "population": null,
        "culture": "以《病詩》反複唸誦洗腦；教主宣稱能令信徒「見番最珍視嘅人」；教徒眼神空洞、失去自我，視病者為神",
        "notable_features": [
          "聖安得肋堂（一樓大飯堂、祭品存放室棺木、主教堂、三樓）",
          "被木板圍封的大玻璃窗",
          "播音機電源",
          "棺木祭品室"
        ],
        "threats": [
          "不良人",
          "寶琳倖存區病獵與皇政府",
          "舞者（失控時會殺死自己人）"
        ],
        "summary": "病者平權組織以將軍澳的聖安得肋堂為根據地，由光頭教主領導。成員穿白衣、以「弟兄」相稱，每日唸誦《病詩》洗腦。組織靠擄走寶琳公主作籌碼，逼寶琳倖存區定期運送糧食物資，並向將軍澳村等小倖存區索取供奉；哈姆雷特老闆瓦安亦出錢資助。聖安得肋堂以多重木條封門、木板封窗，並能以貨櫃運載飼養的病者出陣。",
        "radius_m": 260.0,
        "radius_source": "default",
        "coords_source": "locations",
        "coords_evidence": "由 1 個地點分佈推導（精確配對 1 + 同名前綴 0）",
        "range_evidence": "只有 1 個成員點，用按類型嘅預設半徑（估算）",
        "coordinate_confidence": 0.55,
        "coordinate_source": "zone_inference",
        "coordinate_review_status": "needs_validation",
        "spatial_evidence_count": 0,
        "sources": [
          "A5"
        ],
        "source": "bing_gang"
      }
    },
    {
      "type": "Feature",
      "geometry": {
        "type": "Polygon",
        "coordinates": [
          [
            [
              114.255765,
              22.306359
            ],
            [
              114.255747,
              22.306619
            ],
            [
              114.255692,
              22.306874
            ],
            [
              114.255602,
              22.30712
            ],
            [
              114.255479,
              22.307354
            ],
            [
              114.255323,
              22.30757
            ],
            [
              114.255139,
              22.307766
            ],
            [
              114.254929,
              22.307938
            ],
            [
              114.254696,
              22.308082
            ],
            [
              114.254446,
              22.308197
            ],
            [
              114.254181,
              22.308281
            ],
            [
              114.253907,
              22.308332
            ],
            [
              114.253628,
              22.308349
            ],
            [
              114.253349,
              22.308332
            ],
            [
              114.253075,
              22.308281
            ],
            [
              114.25281,
              22.308197
            ],
            [
              114.25256,
              22.308082
            ],
            [
              114.252327,
              22.307938
            ],
            [
              114.252117,
              22.307766
            ],
            [
              114.251933,
              22.30757
            ],
            [
              114.251777,
              22.307354
            ],
            [
              114.251654,
              22.30712
            ],
            [
              114.251564,
              22.306874
            ],
            [
              114.251509,
              22.306619
            ],
            [
              114.251491,
              22.306359
            ],
            [
              114.251509,
              22.306099
            ],
            [
              114.251564,
              22.305844
            ],
            [
              114.251654,
              22.305598
            ],
            [
              114.251777,
              22.305364
            ],
            [
              114.251933,
              22.305148
            ],
            [
              114.252117,
              22.304952
            ],
            [
              114.252327,
              22.30478
            ],
            [
              114.25256,
              22.304636
            ],
            [
              114.25281,
              22.304521
            ],
            [
              114.253075,
              22.304437
            ],
            [
              114.253349,
              22.304386
            ],
            [
              114.253628,
              22.304369
            ],
            [
              114.253907,
              22.304386
            ],
            [
              114.254181,
              22.304437
            ],
            [
              114.254446,
              22.304521
            ],
            [
              114.254696,
              22.304636
            ],
            [
              114.254929,
              22.30478
            ],
            [
              114.255139,
              22.304952
            ],
            [
              114.255323,
              22.305148
            ],
            [
              114.255479,
              22.305364
            ],
            [
              114.255602,
              22.305598
            ],
            [
              114.255692,
              22.305844
            ],
            [
              114.255747,
              22.306099
            ],
            [
              114.255765,
              22.306359
            ]
          ]
        ]
      },
      "properties": {
        "id": "zone_54e86462b5",
        "name": "死亡之路",
        "kind": "nest",
        "kind_votes": {
          "nest": 3
        },
        "zone_type": "infected_nest",
        "status": "unknown",
        "danger_level": 4,
        "spatial_precision": "approximate",
        "display_style": {
          "fill": "--zone-nest",
          "pattern": "hatch",
          "icon": "virus"
        },
        "chapter_refs": [
          102,
          109,
          126,
          146,
          147,
          168,
          174
        ],
        "event_ids": [
          "bg_event_1018",
          "bg_event_1072",
          "bg_event_1199",
          "bg_event_1200",
          "bg_event_1201",
          "bg_event_1203",
          "bg_event_1204",
          "bg_event_1205",
          "bg_event_1560",
          "bg_event_1589",
          "bg_event_1655",
          "bg_event_170",
          "bg_event_286",
          "bg_event_288",
          "bg_event_289",
          "bg_event_290",
          "bg_event_291",
          "bg_event_292",
          "bg_event_301",
          "bg_event_626",
          "bg_event_924",
          "bg_event_951"
        ],
        "character_ids": [
          "ent_0ad2def3f5",
          "ent_189d93d6f3",
          "ent_1ad97dd7c0",
          "ent_21ab52894b",
          "ent_29e170584c",
          "ent_2ce4d2d78f",
          "ent_31ac6572fc",
          "ent_325a6392e4",
          "ent_4375c8b3ed",
          "ent_549c40dcc7",
          "ent_5b01a8d7ca",
          "ent_6c288e91c6",
          "ent_6f42a13396",
          "ent_7f6734f51b",
          "ent_82a21d93ae",
          "ent_b6ab37e537",
          "ent_b9773b2977",
          "ent_d224ec3810",
          "ent_d460958c66",
          "ent_d61cc93d26",
          "ent_dd034941ef",
          "ent_ecc18019ca",
          "ent_f0997b0225"
        ],
        "member_location_ids": [
          "loc_0010",
          "loc_0108",
          "loc_0127",
          "loc_0130",
          "loc_0153",
          "loc_0309",
          "loc_0310",
          "loc_0341",
          "loc_0359",
          "loc_0424"
        ],
        "dossier_id": "dossier_54e86462b5",
        "confidence": 0.8,
        "confidence_inputs": {
          "coord_score": 0.5,
          "dossier_score": 1.0,
          "kind_score": 1.0
        },
        "review_status": "needs_validation",
        "zone_review_status": "needs_validation",
        "schema_version": 2,
        "aliases": [
          "死亡之路",
          "死亡之路區域"
        ],
        "chapters": [
          102,
          109,
          126,
          146,
          147,
          168,
          174
        ],
        "first_appearance": 102,
        "location_hint": "將軍澳與寶琳倖存區之間的交界地帶；由將軍澳城市公園的行人隧道通往寶琳，沿途經巴士廠、將軍澳圖書館與泳池、張沛松中學、寶康公園、寶康路等",
        "government": null,
        "leadership": [],
        "social_structure": null,
        "economy": null,
        "defense": null,
        "population": null,
        "culture": null,
        "notable_features": [
          "行人隧道",
          "巴士廠",
          "橋底（舞者聚集）"
        ],
        "threats": [
          "大量病者",
          "舞者",
          "舌女",
          "大耳",
          "病童",
          "病嘴",
          "病牙",
          "病翼",
          "大眼",
          "病者"
        ],
        "summary": "「死亡之路」是將軍澳與寶琳倖存區之間的交界地帶，也是兩地往來的必經之路。區內病者密集，寶琳倖存區就算派人過嚟搶奪公主，行到「死亡之路」時就已經會死大約七成人。M 與白魂帶艾匡穿越時，一步出行人隧道就見烏鴉盤旋，沿途經過巴士廠、橋底六隻舞者、寶康公園等險地，稍一不慎就會喪命。",
        "radius_m": 220.0,
        "radius_source": "default",
        "coords_source": "locations",
        "coords_evidence": "由 1 個地點分佈推導（精確配對 1 + 同名前綴 0）",
        "range_evidence": "只有 1 個成員點，用按類型嘅預設半徑（估算）",
        "coordinate_confidence": 0.55,
        "coordinate_source": "zone_inference",
        "coordinate_review_status": "needs_validation",
        "spatial_evidence_count": 2,
        "sources": [
          "A5",
          "A6",
          "A7"
        ],
        "source": "bing_gang"
      }
    },
    {
      "type": "Feature",
      "geometry": {
        "type": "Polygon",
        "coordinates": [
          [
            [
              114.259838,
              22.318657
            ],
            [
              114.25982,
              22.318917
            ],
            [
              114.259765,
              22.319172
            ],
            [
              114.259675,
              22.319418
            ],
            [
              114.259552,
              22.319652
            ],
            [
              114.259396,
              22.319868
            ],
            [
              114.259212,
              22.320064
            ],
            [
              114.259002,
              22.320236
            ],
            [
              114.258769,
              22.32038
            ],
            [
              114.258519,
              22.320495
            ],
            [
              114.258254,
              22.320579
            ],
            [
              114.25798,
              22.32063
            ],
            [
              114.257701,
              22.320647
            ],
            [
              114.257422,
              22.32063
            ],
            [
              114.257148,
              22.320579
            ],
            [
              114.256883,
              22.320495
            ],
            [
              114.256633,
              22.32038
            ],
            [
              114.2564,
              22.320236
            ],
            [
              114.25619,
              22.320064
            ],
            [
              114.256006,
              22.319868
            ],
            [
              114.25585,
              22.319652
            ],
            [
              114.255727,
              22.319418
            ],
            [
              114.255637,
              22.319172
            ],
            [
              114.255582,
              22.318917
            ],
            [
              114.255564,
              22.318657
            ],
            [
              114.255582,
              22.318397
            ],
            [
              114.255637,
              22.318142
            ],
            [
              114.255727,
              22.317896
            ],
            [
              114.25585,
              22.317662
            ],
            [
              114.256006,
              22.317446
            ],
            [
              114.25619,
              22.31725
            ],
            [
              114.2564,
              22.317078
            ],
            [
              114.256633,
              22.316934
            ],
            [
              114.256883,
              22.316819
            ],
            [
              114.257148,
              22.316735
            ],
            [
              114.257422,
              22.316684
            ],
            [
              114.257701,
              22.316667
            ],
            [
              114.25798,
              22.316684
            ],
            [
              114.258254,
              22.316735
            ],
            [
              114.258519,
              22.316819
            ],
            [
              114.258769,
              22.316934
            ],
            [
              114.259002,
              22.317078
            ],
            [
              114.259212,
              22.31725
            ],
            [
              114.259396,
              22.317446
            ],
            [
              114.259552,
              22.317662
            ],
            [
              114.259675,
              22.317896
            ],
            [
              114.259765,
              22.318142
            ],
            [
              114.25982,
              22.318397
            ],
            [
              114.259838,
              22.318657
            ]
          ]
        ]
      },
      "properties": {
        "id": "zone_af344e29e8",
        "name": "寶康公園病窩",
        "kind": "nest",
        "kind_votes": {
          "nest": 3
        },
        "zone_type": "infected_nest",
        "status": "unknown",
        "danger_level": 4,
        "spatial_precision": "approximate",
        "display_style": {
          "fill": "--zone-nest",
          "pattern": "hatch",
          "icon": "virus"
        },
        "chapter_refs": [
          109,
          110,
          116,
          117,
          126,
          127,
          178,
          179,
          180,
          188
        ],
        "event_ids": [
          "bg_event_1086",
          "bg_event_1097",
          "bg_event_1099",
          "bg_event_1100",
          "bg_event_1101",
          "bg_event_1102",
          "bg_event_1103",
          "bg_event_1122",
          "bg_event_1123",
          "bg_event_1124",
          "bg_event_1128",
          "bg_event_1150",
          "bg_event_1152",
          "bg_event_1154"
        ],
        "character_ids": [
          "ent_0ad2def3f5",
          "ent_4dab8c5d27",
          "ent_970c603b4f",
          "ent_9a4a48cbc9",
          "ent_d61cc93d26",
          "ent_da5ac3f022",
          "ent_e0f7ae0d6d",
          "w"
        ],
        "member_location_ids": [
          "loc_0362",
          "loc_0365"
        ],
        "dossier_id": "dossier_af344e29e8",
        "confidence": 0.8,
        "confidence_inputs": {
          "coord_score": 0.5,
          "dossier_score": 1.0,
          "kind_score": 1.0
        },
        "review_status": "auto_inferred",
        "zone_review_status": "auto_inferred",
        "schema_version": 2,
        "aliases": [
          "寶康公園"
        ],
        "chapters": [
          109,
          110,
          116,
          117,
          126,
          127,
          178,
          179,
          180,
          188
        ],
        "first_appearance": 109,
        "location_hint": "將軍澳與寶琳之間，經行人隧道後前往寶琳的必經之地；旁邊是通往邱子文學院的大直路",
        "government": null,
        "leadership": [],
        "social_structure": "竊屍賊聚居，具社會性，識分工、同居、尋食，會搭建、收藏屍體與戰利品",
        "economy": null,
        "defense": "以輪胎、空酒瓶、車殼、繩網、木板與鐵板搭建，圍封成牆與天花板，內裡如迷宮；外面是一塊濕漉漉、滲出惡臭的泥地",
        "population": "數十隻竊屍賊",
        "culture": "設有祭壇，以爛果實、死老鼠、人類衣物作祭品；會用人類戰利品裝飾巢穴",
        "notable_features": [
          "鞦韆",
          "大滑梯（寫有「危險禁地」「病童出沒」字句）",
          "遊樂設施上的塗鴉",
          "石牆",
          "橋底",
          "兒童遊樂場改建的病窩",
          "高塔（塔頂寫有 Hope 與 Road 38）",
          "祭壇",
          "存放病者屍體的地方",
          "寶康公園"
        ],
        "threats": [
          "病童（以聲音催眠人腦產生幻覺、令人耳鳴）",
          "舞者",
          "舌女",
          "大耳",
          "偽裝的惡意倖存者",
          "男病童",
          "病童（會跟倖存者玩角色扮演）",
          "竊屍賊"
        ],
        "summary": "位於艾寶琳倖存區外、僅一條馬路之隔的公園，內裡一片兒童遊樂場被竊屍賊改建成病窩：以輪胎、空酒瓶、車殼、染血滑梯、繩網與木板鐵板搭建，如同蟻窩。竊屍賊會分工、同居、尋食、存放屍體，並設祭壇供奉爛果實、死老鼠與人類衣物。公園高塔塔頂用血寫有「Hope」與「Road 38」，並藏有血繪地圖，成為追查白鯨下落的關鍵線索。",
        "radius_m": 220.0,
        "radius_source": "default",
        "coords_source": "locations",
        "coords_evidence": "由 1 個地點分佈推導（精確配對 1 + 同名前綴 0）",
        "range_evidence": "只有 1 個成員點，用按類型嘅預設半徑（估算）",
        "coordinate_confidence": 0.55,
        "coordinate_source": "zone_inference",
        "coordinate_review_status": "needs_validation",
        "spatial_evidence_count": 0,
        "sources": [
          "A5",
          "A6",
          "A8"
        ],
        "source": "bing_gang"
      }
    },
    {
      "type": "Feature",
      "geometry": {
        "type": "Polygon",
        "coordinates": [
          [
            [
              114.263459,
              22.314307
            ],
            [
              114.263413,
              22.314956
            ],
            [
              114.263277,
              22.315594
            ],
            [
              114.263052,
              22.31621
            ],
            [
              114.262743,
              22.316794
            ],
            [
              114.262355,
              22.317335
            ],
            [
              114.261894,
              22.317824
            ],
            [
              114.261369,
              22.318253
            ],
            [
              114.260788,
              22.318614
            ],
            [
              114.260161,
              22.318902
            ],
            [
              114.259499,
              22.319111
            ],
            [
              114.258814,
              22.319238
            ],
            [
              114.258116,
              22.319281
            ],
            [
              114.257419,
              22.319238
            ],
            [
              114.256734,
              22.319111
            ],
            [
              114.256072,
              22.318902
            ],
            [
              114.255445,
              22.318614
            ],
            [
              114.254864,
              22.318253
            ],
            [
              114.254339,
              22.317824
            ],
            [
              114.253878,
              22.317335
            ],
            [
              114.25349,
              22.316794
            ],
            [
              114.253181,
              22.31621
            ],
            [
              114.252956,
              22.315594
            ],
            [
              114.25282,
              22.314956
            ],
            [
              114.252774,
              22.314307
            ],
            [
              114.25282,
              22.313657
            ],
            [
              114.252956,
              22.313019
            ],
            [
              114.253181,
              22.312403
            ],
            [
              114.25349,
              22.311819
            ],
            [
              114.253878,
              22.311278
            ],
            [
              114.254339,
              22.310789
            ],
            [
              114.254864,
              22.31036
            ],
            [
              114.255445,
              22.309999
            ],
            [
              114.256072,
              22.309711
            ],
            [
              114.256734,
              22.309502
            ],
            [
              114.257419,
              22.309375
            ],
            [
              114.258116,
              22.309332
            ],
            [
              114.258814,
              22.309375
            ],
            [
              114.259499,
              22.309502
            ],
            [
              114.260161,
              22.309711
            ],
            [
              114.260788,
              22.309999
            ],
            [
              114.261369,
              22.31036
            ],
            [
              114.261894,
              22.310789
            ],
            [
              114.262355,
              22.311278
            ],
            [
              114.262743,
              22.311819
            ],
            [
              114.263052,
              22.312403
            ],
            [
              114.263277,
              22.313019
            ],
            [
              114.263413,
              22.313657
            ],
            [
              114.263459,
              22.314307
            ]
          ]
        ]
      },
      "properties": {
        "id": "zone_63245da8ee",
        "name": "詭區",
        "kind": "outpost",
        "kind_votes": {
          "outpost": 2,
          "survivor": 1
        },
        "zone_type": "contested",
        "status": "unknown",
        "danger_level": 3,
        "spatial_precision": "approximate",
        "display_style": {
          "fill": "--zone-contested",
          "pattern": "contour",
          "icon": "crossed-swords"
        },
        "chapter_refs": [
          113,
          114,
          115,
          118,
          119,
          123,
          136,
          137,
          168
        ],
        "event_ids": [
          "bg_event_018",
          "bg_event_060",
          "bg_event_065",
          "bg_event_074",
          "bg_event_076",
          "bg_event_1035",
          "bg_event_1043",
          "bg_event_1168",
          "bg_event_1248",
          "bg_event_1275",
          "bg_event_1351",
          "bg_event_1375",
          "bg_event_141",
          "bg_event_1507",
          "bg_event_1520",
          "bg_event_378",
          "bg_event_742",
          "bg_event_757",
          "bg_event_764",
          "bg_event_765",
          "bg_event_766",
          "bg_event_769",
          "bg_event_778",
          "bg_event_842",
          "bg_event_843",
          "bg_event_846",
          "bg_event_991"
        ],
        "character_ids": [
          "ent_0314d499b9",
          "ent_05b1ee1378",
          "ent_09b0ade3b9",
          "ent_0ad2def3f5",
          "ent_21ab52894b",
          "ent_29e170584c",
          "ent_2ce4d2d78f",
          "ent_369e54e80b",
          "ent_3f7166ade6",
          "ent_4013eff37f",
          "ent_50c9d96121",
          "ent_5b01a8d7ca",
          "ent_79879273ba",
          "ent_82a21d93ae",
          "ent_8921c909f4",
          "ent_933b04279e",
          "ent_970c603b4f",
          "ent_ab66c1b5b5",
          "ent_ac57edddaa",
          "ent_aee9afa90e",
          "ent_d460958c66",
          "ent_d61cc93d26",
          "ent_d75fb4b1a9",
          "ent_da5ac3f022",
          "ent_dd034941ef",
          "ent_e0f7ae0d6d",
          "ent_e3d589126a",
          "ent_f7fba74a62"
        ],
        "member_location_ids": [
          "loc_0002",
          "loc_0028",
          "loc_0030",
          "loc_0035",
          "loc_0073",
          "loc_0079",
          "loc_0083",
          "loc_0084",
          "loc_0134",
          "loc_0139",
          "loc_0268",
          "loc_0273",
          "loc_0275",
          "loc_0276",
          "loc_0302",
          "loc_0335",
          "loc_0339",
          "loc_0401",
          "loc_0411",
          "loc_0422",
          "loc_0450",
          "loc_0584",
          "loc_0627",
          "loc_0707"
        ],
        "dossier_id": "dossier_63245da8ee",
        "confidence": 0.67,
        "confidence_inputs": {
          "coord_score": 0.5,
          "dossier_score": 0.8333,
          "kind_score": 0.6667
        },
        "review_status": "needs_validation",
        "zone_review_status": "needs_validation",
        "schema_version": 2,
        "aliases": [
          "詭區",
          "梁潔華小學",
          "順德聯誼總會梁潔華小學"
        ],
        "chapters": [
          113,
          114,
          115,
          118,
          119,
          123,
          136,
          137,
          168
        ],
        "first_appearance": 113,
        "location_hint": "寶琳倖存區新都城中心三期的左邊，只隔一條馬路；以梁潔華小學為中心",
        "government": "皇政府求其劃出的地方，入面幾乎是不管地帶，只為把潛在危險人士聚在一起；實際由黑鼠商團及不法者活躍",
        "leadership": [
          "王達尼（黑鼠商團首領，代號「黑鼠」）",
          "小老鼠寶拉",
          "黑鼠（黑鼠商團老闆，已失蹤）",
          "小老鼠（寶拉）"
        ],
        "social_structure": "聚集寶琳倖存區的邊緣人士：信邪教的狂熱份子、餓到吃人屍的露宿者、會縱火的精神病、殺手等；小學各層課室被出租開鋪，禮堂住滿流浪露宿者",
        "economy": "走私與非法買賣為主：人皮工房、來貨不明的肉店、製毒室、以器官作賭注的賭博場所、以痛楚換取借貸的公司",
        "defense": "常人不願前往，故會舉報的人少；以渠蓋／下水道作為通往區外的秘密通道",
        "population": null,
        "culture": "病者崇拜的地下教會在小學六樓６０５室暗中收生，以病語「嗄‧‧‧吧吧嘎！嗨！」（意為「你好」）作暗號；牆上留有病語塗鴉及宣傳單張",
        "notable_features": [
          "梁潔華小學（六樓６０５室洗腦教會）",
          "４０６號室（黑鼠商團據點）",
          "貨品倉庫",
          "下水道入口",
          "小學禮堂（露宿者聚居）",
          "前身學校課室",
          "二樓倉庫",
          "人皮工房",
          "自殺室",
          "製毒室",
          "詭區（梁潔華小學）"
        ],
        "threats": [
          "狂熱教徒",
          "殺手與縱火者",
          "皇政府打壓病者信仰",
          "殺手",
          "怪人",
          "頻繁的自殺案",
          "欺騙集團"
        ],
        "summary": "由前身順德聯誼總會梁潔華小學改建而成的地下區域，距皇室區約五、六分鐘路程。每間課室都變成不同店鋪，充斥邪教、來貨不明的肉店、擺滿滲血仿真娃娃的店、自殺室、以痛楚換取借貸的公司、製毒室、人皮衣店，以及以器官作賭注的賭博場所。區內聚集了大量輸家、被迫瘋的人與殺手，氣氛陰沉恐怖。黑鼠商團在此經營走私買賣，其倉庫由「小老鼠」寶拉看管，貨品包括人皮手袋等。",
        "radius_m": 550.0,
        "radius_source": "default",
        "coords_source": "locations",
        "coords_evidence": "由 5 個地點分佈推導（精確配對 2 + 同名前綴 3）",
        "range_evidence": "只有 2 個成員點，用按類型嘅預設半徑（估算）",
        "coordinate_confidence": 0.55,
        "coordinate_source": "zone_inference",
        "coordinate_review_status": "needs_validation",
        "spatial_evidence_count": 1,
        "sources": [
          "A5",
          "A6",
          "A7"
        ],
        "source": "bing_gang"
      }
    },
    {
      "type": "Feature",
      "geometry": {
        "type": "Polygon",
        "coordinates": [
          [
            [
              114.275884,
              22.316434
            ],
            [
              114.275863,
              22.316741
            ],
            [
              114.275798,
              22.317043
            ],
            [
              114.275692,
              22.317334
            ],
            [
              114.275546,
              22.31761
            ],
            [
              114.275363,
              22.317866
            ],
            [
              114.275145,
              22.318097
            ],
            [
              114.274896,
              22.3183
            ],
            [
              114.274622,
              22.318471
            ],
            [
              114.274325,
              22.318607
            ],
            [
              114.274013,
              22.318706
            ],
            [
              114.273689,
              22.318766
            ],
            [
              114.273359,
              22.318786
            ],
            [
              114.273029,
              22.318766
            ],
            [
              114.272705,
              22.318706
            ],
            [
              114.272393,
              22.318607
            ],
            [
              114.272096,
              22.318471
            ],
            [
              114.271822,
              22.3183
            ],
            [
              114.271573,
              22.318097
            ],
            [
              114.271355,
              22.317866
            ],
            [
              114.271172,
              22.31761
            ],
            [
              114.271026,
              22.317334
            ],
            [
              114.27092,
              22.317043
            ],
            [
              114.270855,
              22.316741
            ],
            [
              114.270834,
              22.316434
            ],
            [
              114.270855,
              22.316128
            ],
            [
              114.27092,
              22.315826
            ],
            [
              114.271026,
              22.315535
            ],
            [
              114.271172,
              22.315259
            ],
            [
              114.271355,
              22.315003
            ],
            [
              114.271573,
              22.314772
            ],
            [
              114.271822,
              22.314569
            ],
            [
              114.272096,
              22.314398
            ],
            [
              114.272393,
              22.314262
            ],
            [
              114.272705,
              22.314163
            ],
            [
              114.273029,
              22.314103
            ],
            [
              114.273359,
              22.314083
            ],
            [
              114.273689,
              22.314103
            ],
            [
              114.274013,
              22.314163
            ],
            [
              114.274325,
              22.314262
            ],
            [
              114.274622,
              22.314398
            ],
            [
              114.274896,
              22.314569
            ],
            [
              114.275145,
              22.314772
            ],
            [
              114.275363,
              22.315003
            ],
            [
              114.275546,
              22.315259
            ],
            [
              114.275692,
              22.315535
            ],
            [
              114.275798,
              22.315826
            ],
            [
              114.275863,
              22.316128
            ],
            [
              114.275884,
              22.316434
            ]
          ]
        ]
      },
      "properties": {
        "id": "zone_f05a9c6d8a",
        "name": "病獵公會",
        "kind": "outpost",
        "kind_votes": {
          "outpost": 3
        },
        "zone_type": "contested",
        "status": "unknown",
        "danger_level": 3,
        "spatial_precision": "approximate",
        "display_style": {
          "fill": "--zone-contested",
          "pattern": "contour",
          "icon": "crossed-swords"
        },
        "chapter_refs": [
          116,
          117,
          123,
          132,
          134,
          145,
          146,
          169,
          175
        ],
        "event_ids": [
          "bg_event_084",
          "bg_event_085",
          "bg_event_086",
          "bg_event_087",
          "bg_event_088",
          "bg_event_090",
          "bg_event_1095",
          "bg_event_1121",
          "bg_event_1223",
          "bg_event_1314",
          "bg_event_272",
          "bg_event_276",
          "bg_event_277",
          "bg_event_278",
          "bg_event_279",
          "bg_event_280",
          "bg_event_281",
          "bg_event_285",
          "bg_event_315",
          "bg_event_316",
          "bg_event_317",
          "bg_event_318",
          "bg_event_319",
          "bg_event_320",
          "bg_event_321",
          "bg_event_323",
          "bg_event_324",
          "bg_event_327"
        ],
        "character_ids": [
          "ent_05b1ee1378",
          "ent_0ad2def3f5",
          "ent_1ad97dd7c0",
          "ent_29e170584c",
          "ent_325a6392e4",
          "ent_50c9d96121",
          "ent_6a97f7ec72",
          "ent_7f6734f51b",
          "ent_82a21d93ae",
          "ent_ac57edddaa",
          "ent_b11ee807ef",
          "ent_b14b0605ce",
          "ent_b18b574748",
          "ent_cd17e50f39",
          "ent_d224ec3810",
          "ent_d460958c66",
          "ent_dd034941ef"
        ],
        "member_location_ids": [
          "loc_0143",
          "loc_0374",
          "loc_0661",
          "loc_0665"
        ],
        "dossier_id": "dossier_f05a9c6d8a",
        "confidence": 0.8,
        "confidence_inputs": {
          "coord_score": 0.5,
          "dossier_score": 1.0,
          "kind_score": 1.0
        },
        "review_status": "auto_inferred",
        "zone_review_status": "auto_inferred",
        "schema_version": 2,
        "aliases": [
          "病獵公會",
          "病獵聖堂",
          "病獵公會根據地"
        ],
        "chapters": [
          116,
          117,
          123,
          132,
          134,
          145,
          146,
          169,
          175
        ],
        "first_appearance": 116,
        "location_hint": "寶琳倖存區範圍外的山邊，與倖存區只有一條馬路相隔；上山需行一條大斜坡，再踏好幾層樓梯才到聖堂門口",
        "government": "由會長領導。第一代會長為傳說級病獵「白鯨」，他失蹤一年多後，公會一直未有新會長",
        "leadership": [
          "白鯨（第一代會長，失蹤）",
          "Nina（打理聖堂）",
          "賴桑（病獵）",
          "奎斯（病獵）",
          "白鯨（第一代會長，行動中連同大部份會員消失）",
          "戴頭紗的女人（管理人）",
          "奎斯",
          "賴桑",
          "Nina（靈藥調配）",
          "白鯨"
        ],
        "social_structure": "白鯨帶全隊外出調查失蹤後，公會只餘三名成員：Nina 負責打理聖堂一切，賴桑與奎斯為僅存的病獵",
        "economy": "接受委託狩獵病者；因會長失蹤而長期缺乏資金，後獲艾寶琳國王與董倫合共三十五萬艾幣贊助重新營運",
        "defense": "聖堂大鐘會發出警報，通知倖存區病者即將入侵；二樓以單筒望遠鏡觀察病翼飛行範圍，判斷巢穴大約位置；聖堂內外牆以書櫃組成，藏有大量書籍",
        "population": "正式成員僅餘奎斯與賴桑兩人",
        "culture": "被寶琳倖存區的人視為危險之地，因而十分冷清；聖堂莊嚴寧靜，長期沒人打理卻「聖氣猶在」；Nina 相信白鯨仍然存活",
        "notable_features": [
          "山邊聖堂（藤蔓依附的外牆、弧彎拱門）",
          "大鐘警報",
          "二樓書牆與單筒望遠鏡",
          "山上的古老聖堂式建築",
          "彎曲石梯",
          "靈藥配方",
          "病獵公會（山邊聖堂）"
        ],
        "threats": [
          "病翼突襲",
          "人手嚴重不足",
          "被倖存區排斥",
          "病者",
          "病者平權組織與病者和平協會"
        ],
        "summary": "坐落於艾寶琳倖存區外圍山上的狩獵組織，外觀像一幢古老聖堂，需走彎曲石梯到達。由第一代會長白鯨創立，他曾擊退病者而吸引大批人加入，但白鯨與大部份會員在一次行動中消失後，公會便陷入谷底，只剩奎斯與賴桑兩名成員，由一名戴頭紗的女人任管理人。公會以狩獵病者、收集素材調配「靈藥」為業，並與皇室保持聯繫；後獲國王贊助三十五萬艾幣，得以重新招兵買馬。",
        "radius_m": 260.0,
        "radius_source": "default",
        "coords_source": "locations",
        "coords_evidence": "由 4 個地點分佈推導（精確配對 1 + 同名前綴 3）",
        "range_evidence": "只有 2 個成員點，用按類型嘅預設半徑（估算）",
        "coordinate_confidence": 0.55,
        "coordinate_source": "zone_inference",
        "coordinate_review_status": "needs_validation",
        "spatial_evidence_count": 0,
        "sources": [
          "A5",
          "A6",
          "A7"
        ],
        "source": "bing_gang"
      }
    },
    {
      "type": "Feature",
      "geometry": {
        "type": "Polygon",
        "coordinates": [
          [
            [
              114.239561,
              22.322792
            ],
            [
              114.250762,
              22.322172
            ],
            [
              114.2507,
              22.323584
            ],
            [
              114.239758,
              22.323895
            ],
            [
              114.239561,
              22.322792
            ]
          ]
        ]
      },
      "properties": {
        "id": "zone_3371b02c9d",
        "name": "翠林村倖存區",
        "kind": "survivor",
        "kind_votes": {
          "outpost": 2,
          "survivor": 2
        },
        "zone_type": "survivor_zone",
        "status": "unknown",
        "danger_level": 1,
        "spatial_precision": "verified",
        "display_style": {
          "fill": "--zone-survivor",
          "pattern": "contour",
          "icon": "shield"
        },
        "chapter_refs": [
          119,
          120,
          121,
          122,
          138,
          139,
          140,
          163,
          175,
          178,
          183,
          195
        ],
        "event_ids": [
          "bg_event_1005",
          "bg_event_1006",
          "bg_event_1013",
          "bg_event_1021",
          "bg_event_1088",
          "bg_event_1094",
          "bg_event_1116",
          "bg_event_1119",
          "bg_event_1120",
          "bg_event_1136",
          "bg_event_1137",
          "bg_event_1138",
          "bg_event_1224",
          "bg_event_1225",
          "bg_event_1226",
          "bg_event_1230",
          "bg_event_1235",
          "bg_event_1236",
          "bg_event_1243",
          "bg_event_1244",
          "bg_event_1246",
          "bg_event_1250",
          "bg_event_1251",
          "bg_event_1272",
          "bg_event_1280",
          "bg_event_1287",
          "bg_event_1288",
          "bg_event_1291",
          "bg_event_1292",
          "bg_event_1293",
          "bg_event_1297",
          "bg_event_1301",
          "bg_event_1302",
          "bg_event_1303",
          "bg_event_1319",
          "bg_event_1328",
          "bg_event_1407",
          "bg_event_1408",
          "bg_event_1409",
          "bg_event_1410",
          "bg_event_1434",
          "bg_event_1558",
          "bg_event_1614",
          "bg_event_1616",
          "bg_event_1683",
          "bg_event_1702",
          "bg_event_1703",
          "bg_event_1723",
          "bg_event_1759",
          "bg_event_1761",
          "bg_event_1766",
          "bg_event_1767",
          "bg_event_1778",
          "bg_event_1779",
          "bg_event_1782",
          "bg_event_1783",
          "bg_event_1784",
          "bg_event_1785",
          "bg_event_1786",
          "bg_event_1787",
          "bg_event_1788",
          "bg_event_1789",
          "bg_event_994",
          "bg_event_995",
          "bg_event_996"
        ],
        "character_ids": [
          "ent_0314d499b9",
          "ent_05b1ee1378",
          "ent_0ad2def3f5",
          "ent_0b233e74ac",
          "ent_14d4957e04",
          "ent_1a9762c26d",
          "ent_2421d8c2d3",
          "ent_2ce4d2d78f",
          "ent_34697038f7",
          "ent_3cae31cbd2",
          "ent_3f7166ade6",
          "ent_4013eff37f",
          "ent_64c25f2cd7",
          "ent_65a576755a",
          "ent_79879273ba",
          "ent_7c6543f83e",
          "ent_7ed34c8449",
          "ent_7f6734f51b",
          "ent_87f03b1339",
          "ent_8a4980e068",
          "ent_919935f818",
          "ent_970c603b4f",
          "ent_9a4a48cbc9",
          "ent_9ae24be046",
          "ent_9f06422f0d",
          "ent_aee9afa90e",
          "ent_b11ee807ef",
          "ent_b14b0605ce",
          "ent_b18b574748",
          "ent_b6ab37e537",
          "ent_b7dc4fa93c",
          "ent_b9773b2977",
          "ent_d359d90705",
          "ent_d61cc93d26",
          "ent_da5ac3f022",
          "ent_dcf9fd89a5",
          "ent_dd034941ef",
          "ent_e0f7ae0d6d",
          "ent_ecc18019ca"
        ],
        "member_location_ids": [
          "loc_0093",
          "loc_0299",
          "loc_0343",
          "loc_0372",
          "loc_0378",
          "loc_0391",
          "loc_0395",
          "loc_0404",
          "loc_0406",
          "loc_0430",
          "loc_0444",
          "loc_0447",
          "loc_0448",
          "loc_0455",
          "loc_0456",
          "loc_0460",
          "loc_0461",
          "loc_0465",
          "loc_0505",
          "loc_0507",
          "loc_0514",
          "loc_0515",
          "loc_0516",
          "loc_0517",
          "loc_0518",
          "loc_0519",
          "loc_0520",
          "loc_0521",
          "loc_0522",
          "loc_0526",
          "loc_0527",
          "loc_0531",
          "loc_0532",
          "loc_0533",
          "loc_0534",
          "loc_0536",
          "loc_0585",
          "loc_0610",
          "loc_0618",
          "loc_0619",
          "loc_0635",
          "loc_0637",
          "loc_0659",
          "loc_0677",
          "loc_0679",
          "loc_0693",
          "loc_0705",
          "loc_0706",
          "loc_0708"
        ],
        "dossier_id": "dossier_3371b02c9d",
        "confidence": 0.9,
        "confidence_inputs": {
          "coord_score": 1.0,
          "dossier_score": 1.0,
          "kind_score": 0.5
        },
        "review_status": "needs_validation",
        "zone_review_status": "needs_validation",
        "schema_version": 2,
        "aliases": [
          "翠林邨倖存區",
          "翠林新城",
          "病者和平協會根據地",
          "翠林村",
          "翠林"
        ],
        "chapters": [
          119,
          120,
          121,
          122,
          138,
          139,
          140,
          163,
          175,
          178,
          183,
          195
        ],
        "first_appearance": 119,
        "location_hint": "寶琳西北的山上；出寶琳倖存區後經陶樂路、寶琳北路上斜坡可達。鄰近衛奕信徑３段、大牛湖、井欄樹村、心朗村、炭山村、龍窩村、白石窩村",
        "government": "表面由人類幹部（老鄧）管理，實際由病腦「三腦」秘密操控；三腦同時是「病者和平協會」的領導人",
        "leadership": [
          "村長",
          "三腦（病腦，真正領導人）",
          "老鄧（人類幹部，被三腦拋棄而毒死）",
          "前任人類領導人（被殺，其妻女骨製成刀）",
          "三腦"
        ],
        "social_structure": "村民樸素、關係親密，買賣以輕鬆心態進行；村中有說書人、小販、酒館；康林樓為抽血與製酒工場，由搬運工人、抽血醫生、文員等分層運作",
        "economy": "自給自足：經衛奕信徑３段行約三十分鐘到大牛湖取水，再行一小時到附近村落的原居民泥田大規模種植。特產為病者相關藝術品；亦出產「血酒」——實以人血釀造，記錄冊列有「酒精供應體」的年齡、性別、血型",
        "defense": "以木板密密圍封，設大木閘及小哨塔；村中守衛持木錘，村民自製木弓、木箭、長木矛、鐵斧；夜間靠火炬照明；遇病者全村動員",
        "population": "屬中、小型倖存區規模，有數十人協助搬運酒桶",
        "culture": "普遍村民主張人類與病者和平共處；「共歡日」為人類與病者共歡的慶典；買賣病者藝術品風氣興盛；說書人向小孩講「三腦創世」故事；村民戴軟木耳塞隔絕病者笑聲",
        "notable_features": [
          "大木閘與小哨塔",
          "社區會堂",
          "康林樓（酒桶倉庫與抽血單位）",
          "酒館",
          "翠林新城食市",
          "小販攤路",
          "學校",
          "外圍傢俱障礙牆",
          "頂樓血酒工廠",
          "走廊中央的血池浴缸",
          "從各樓層輸血的水管",
          "三腦的改裝電動輪椅",
          "學校視藝室（人體藝術品）",
          "山路",
          "田地",
          "水源",
          "樹林",
          "石礦",
          "停車場大洞",
          "曾為「病者和平協會」的基地",
          "翠林村",
          "翠林邨"
        ],
        "threats": [
          "病腦（藏於村中社區會堂）",
          "病翼",
          "以人血製酒的黑暗秘密",
          "南愚與北賢",
          "三腦（病腦）",
          "火災",
          "血池中的毒",
          "艾寶琳吞併",
          "集體處決"
        ],
        "summary": "表面上是一個自給自足的中小型倖存區，實際是「病者和平協會」的根據地。首領「三腦」是三個人格融合而成的巨型病腦，以「病者同人類應該和平共處」為號召，暗中操控村內一切。他傳授淨水、發電、食物檢驗等技術令村落自給自足，卻暗中殺害前任人類領導人，並以被殺倖存者的人血釀造「血酒」對外輸出。村落外圍只用傢俱堆疊成牆，守衛稀少，最終被滿天放火燒成一片火海。",
        "radius_m": 582.4,
        "radius_source": "members",
        "coords_source": "locations",
        "coords_evidence": "由 8 個地點分佈推導（精確配對 2 + 同名前綴 6）",
        "range_evidence": "由 7 個成員地點嘅凸包 + 200 m 外擴",
        "coordinate_confidence": 0.95,
        "coordinate_source": "cross_chapter_evidence",
        "coordinate_review_status": "auto_corrected",
        "spatial_evidence_count": 14,
        "sources": [
          "A5",
          "A6",
          "A7",
          "A8"
        ],
        "source": "bing_gang"
      }
    },
    {
      "type": "Feature",
      "geometry": {
        "type": "Polygon",
        "coordinates": [
          [
            [
              114.266589,
              22.318238
            ],
            [
              114.268792,
              22.312793
            ],
            [
              114.274236,
              22.310225
            ],
            [
              114.276898,
              22.31559
            ],
            [
              114.268817,
              22.321255
            ],
            [
              114.266589,
              22.318238
            ]
          ]
        ]
      },
      "properties": {
        "id": "zone_8529def03c",
        "name": "坑口區",
        "kind": "nest",
        "kind_votes": {
          "nest": 2
        },
        "zone_type": "infected_nest",
        "status": "unknown",
        "danger_level": 4,
        "spatial_precision": "verified",
        "display_style": {
          "fill": "--zone-nest",
          "pattern": "hatch",
          "icon": "virus"
        },
        "chapter_refs": [
          122,
          123,
          176,
          180,
          181,
          182,
          183,
          184,
          185,
          186,
          187,
          188,
          189,
          190,
          196
        ],
        "event_ids": [
          "bg_event_053",
          "bg_event_1645",
          "bg_event_1663",
          "bg_event_1671",
          "bg_event_1673",
          "bg_event_1674",
          "bg_event_1675",
          "bg_event_1676",
          "bg_event_1677",
          "bg_event_1678",
          "bg_event_1679",
          "bg_event_1680",
          "bg_event_1681",
          "bg_event_1682",
          "bg_event_1685",
          "bg_event_1687",
          "bg_event_1688",
          "bg_event_1689",
          "bg_event_1692",
          "bg_event_1694",
          "bg_event_1696",
          "bg_event_1697",
          "bg_event_1705",
          "bg_event_190",
          "bg_event_193",
          "bg_event_607",
          "bg_event_609",
          "bg_event_621",
          "bg_event_630",
          "bg_event_634",
          "bg_event_666",
          "bg_event_675",
          "bg_event_678",
          "bg_event_698",
          "bg_event_703",
          "bg_event_714",
          "bg_event_718",
          "bg_event_719",
          "bg_event_738"
        ],
        "character_ids": [
          "ent_05b1ee1378",
          "ent_1a9762c26d",
          "ent_2ce4d2d78f",
          "ent_549c40dcc7",
          "ent_7c6543f83e",
          "ent_7f6734f51b",
          "ent_970c603b4f",
          "ent_b11ee807ef",
          "ent_b18b574748",
          "ent_b9773b2977",
          "ent_d460958c66",
          "ent_d61cc93d26",
          "ent_da5ac3f022",
          "ent_dd034941ef",
          "nosyag",
          "ricky"
        ],
        "member_location_ids": [
          "loc_0032",
          "loc_0149",
          "loc_0157",
          "loc_0182",
          "loc_0234",
          "loc_0252",
          "loc_0266",
          "loc_0419",
          "loc_0428",
          "loc_0523",
          "loc_0631",
          "loc_0638",
          "loc_0642",
          "loc_0643",
          "loc_0649",
          "loc_0650",
          "loc_0651",
          "loc_0652",
          "loc_0653",
          "loc_0676",
          "loc_0680",
          "loc_0698"
        ],
        "dossier_id": "dossier_8529def03c",
        "confidence": 1.0,
        "confidence_inputs": {
          "coord_score": 1.0,
          "dossier_score": 1.0,
          "kind_score": 1.0
        },
        "review_status": "validated",
        "zone_review_status": "validated",
        "schema_version": 2,
        "aliases": [
          "坑口",
          "病者之都",
          "希望塔"
        ],
        "chapters": [
          122,
          123,
          176,
          180,
          181,
          182,
          183,
          184,
          185,
          186,
          187,
          188,
          189,
          190,
          196
        ],
        "first_appearance": 122,
        "location_hint": "將軍澳坑口，與艾寶琳倖存區之間隔著單車徑",
        "government": "由特殊病者頭目支配，背後由余智海（博士）操縱研究",
        "leadership": [
          "白鯨（據北賢所言身處希望塔）",
          "南愚",
          "北賢",
          "余智海（博士）"
        ],
        "social_structure": "大量病者聚集，如同螞蟻的王國；竊屍賊定居並不斷建築，把原本毫不關聯的大廈接駁起來",
        "economy": null,
        "defense": "外圍有類似倖存區的圍牆（生命之牆），路上設有人為路障與障礙物；南愚在外圍建起火牆，北賢的雷電籠罩天空",
        "population": "基本活人率只有０.８％",
        "culture": "沒有寂寥，只有源源不絕的笑聲；空氣中滿是油煙與酸雨",
        "notable_features": [
          "希望塔",
          "西貢將軍澳政府綜合大樓（希望塔）",
          "坑口巴士站",
          "坑口體育館",
          "影業路",
          "坑口村配鎖店",
          "接駁各樓宇的竊屍賊建築",
          "坑口（病者之都）"
        ],
        "threats": [
          "大量病者",
          "病翼巢穴",
          "舌女",
          "病翼",
          "病獸",
          "舞者",
          "竊屍賊",
          "大鼻",
          "大耳",
          "病爪"
        ],
        "summary": "即「病者之都」，與艾寶琳倖存區之間只隔著單車徑。區內病者遍佈率超過七成，街口、商場、地鐵站皆滿佈其身影。竊屍賊大量定居並日夜建築，以鐵支架、鐵皮把大廈接駁起來，整個城市本身就像一個大病窩。路上有人刻意設置路障與圍牆，並有南愚的火牆、北賢的雷電籠罩，普通人有入無出。",
        "radius_m": 679.9,
        "radius_source": "members",
        "coords_source": "locations",
        "coords_evidence": "由 11 個地點分佈推導（精確配對 1 + 同名前綴 10）",
        "range_evidence": "由 7 個成員地點嘅凸包 + 200 m 外擴",
        "coordinate_confidence": 0.95,
        "coordinate_source": "cross_chapter_evidence",
        "coordinate_review_status": "auto_corrected",
        "spatial_evidence_count": 22,
        "sources": [
          "A5",
          "A8"
        ],
        "source": "bing_gang"
      }
    },
    {
      "type": "Feature",
      "geometry": {
        "type": "Polygon",
        "coordinates": [
          [
            [
              114.274558,
              22.332943
            ],
            [
              114.274532,
              22.333321
            ],
            [
              114.274452,
              22.333692
            ],
            [
              114.274322,
              22.334051
            ],
            [
              114.274142,
              22.33439
            ],
            [
              114.273916,
              22.334705
            ],
            [
              114.273648,
              22.33499
            ],
            [
              114.273342,
              22.335239
            ],
            [
              114.273004,
              22.335449
            ],
            [
              114.27264,
              22.335617
            ],
            [
              114.272255,
              22.335739
            ],
            [
              114.271856,
              22.335812
            ],
            [
              114.27145,
              22.335837
            ],
            [
              114.271044,
              22.335812
            ],
            [
              114.270646,
              22.335739
            ],
            [
              114.270261,
              22.335617
            ],
            [
              114.269896,
              22.335449
            ],
            [
              114.269558,
              22.335239
            ],
            [
              114.269252,
              22.33499
            ],
            [
              114.268984,
              22.334705
            ],
            [
              114.268758,
              22.33439
            ],
            [
              114.268578,
              22.334051
            ],
            [
              114.268448,
              22.333692
            ],
            [
              114.268368,
              22.333321
            ],
            [
              114.268342,
              22.332943
            ],
            [
              114.268368,
              22.332565
            ],
            [
              114.268448,
              22.332194
            ],
            [
              114.268578,
              22.331836
            ],
            [
              114.268758,
              22.331496
            ],
            [
              114.268984,
              22.331181
            ],
            [
              114.269252,
              22.330897
            ],
            [
              114.269558,
              22.330647
            ],
            [
              114.269896,
              22.330437
            ],
            [
              114.270261,
              22.330269
            ],
            [
              114.270646,
              22.330148
            ],
            [
              114.271044,
              22.330074
            ],
            [
              114.27145,
              22.330049
            ],
            [
              114.271856,
              22.330074
            ],
            [
              114.272255,
              22.330148
            ],
            [
              114.27264,
              22.330269
            ],
            [
              114.273004,
              22.330437
            ],
            [
              114.273342,
              22.330647
            ],
            [
              114.273648,
              22.330897
            ],
            [
              114.273916,
              22.331181
            ],
            [
              114.274142,
              22.331496
            ],
            [
              114.274322,
              22.331836
            ],
            [
              114.274452,
              22.332194
            ],
            [
              114.274532,
              22.332565
            ],
            [
              114.274558,
              22.332943
            ]
          ]
        ]
      },
      "properties": {
        "id": "zone_9495051a1c",
        "name": "將軍澳村倖存區",
        "kind": "survivor",
        "kind_votes": {
          "survivor": 1
        },
        "zone_type": "survivor_zone",
        "status": "unknown",
        "danger_level": 1,
        "spatial_precision": "approximate",
        "display_style": {
          "fill": "--zone-survivor",
          "pattern": "contour",
          "icon": "shield"
        },
        "chapter_refs": [
          123,
          124,
          125
        ],
        "event_ids": [],
        "character_ids": [],
        "member_location_ids": [],
        "dossier_id": "dossier_9495051a1c",
        "confidence": 0.73,
        "confidence_inputs": {
          "coord_score": 0.5,
          "dossier_score": 0.8333,
          "kind_score": 1.0
        },
        "review_status": "auto_inferred",
        "zone_review_status": "auto_inferred",
        "schema_version": 2,
        "aliases": [
          "將軍澳村"
        ],
        "chapters": [
          123,
          124,
          125
        ],
        "first_appearance": 123,
        "location_hint": "將軍澳近山一帶，沿寶康路一直往北行可達；四周為木林，專出產木材",
        "government": "由村長管理。村長被病者平權組織以「見番家人」誘惑，每週以寶石等物資供奉該組織",
        "leadership": [
          "村長",
          "漢木（木匠老伯）"
        ],
        "social_structure": "村民多為木工，專注木材成品；人數少、關係親密，即使互不相識也會為死者悼念；村中設木材加工廠",
        "economy": "以木材加工與買賣為主，向黑鼠商團等商隊供應木材與加工合板；同時被病者平權組織索取供奉",
        "defense": "以木板密密圍封，設南門等出入口；守衛持木錘，村民自製木弓、木箭、長木矛、鐵斧；遇病者全村動員，會把病者與死者屍體即時火化以防感染",
        "population": null,
        "culture": "村民日常戴軟木耳塞隔絕病者笑聲；病者單一的笑聲成為村子長期的背景音，取代了蟬鳴；村中央設火化場，由死去到火化不足二十分鐘",
        "notable_features": [
          "木板圍牆",
          "南門",
          "漢木的三層村屋與木材加工室",
          "木材加工廠",
          "村中央火化場",
          "軟木耳塞"
        ],
        "threats": [
          "大耳、大眼等病者",
          "病者平權組織的供奉勒索",
          "舞者"
        ],
        "summary": "將軍澳村倖存區位於將軍澳近山一帶，四周為木林，以木材加工與買賣為生。全村以木板密密圍封，設南門，守衛持木錘，村民自製木弓、木箭、長木矛與鐵斧。村民日常戴軟木耳塞，隔絕外面無止盡的病者笑聲。村長受病者平權組織誘惑，每週以寶石等物資供奉該組織。遇病者來襲時全村動員，死者與病者屍體都會即時火化以防感染。",
        "radius_m": 320.0,
        "radius_source": "default",
        "coords_source": "locations",
        "coords_evidence": "由 1 個地點分佈推導（精確配對 1 + 同名前綴 0）",
        "range_evidence": "只有 1 個成員點，用按類型嘅預設半徑（估算）",
        "coordinate_confidence": 0.55,
        "coordinate_source": "zone_inference",
        "coordinate_review_status": "needs_validation",
        "spatial_evidence_count": 0,
        "sources": [
          "A5"
        ],
        "source": "bing_gang"
      }
    },
    {
      "type": "Feature",
      "geometry": {
        "type": "Polygon",
        "coordinates": [
          [
            [
              114.25517,
              22.325113
            ],
            [
              114.255152,
              22.325373
            ],
            [
              114.255097,
              22.325628
            ],
            [
              114.255007,
              22.325874
            ],
            [
              114.254884,
              22.326108
            ],
            [
              114.254728,
              22.326324
            ],
            [
              114.254544,
              22.32652
            ],
            [
              114.254334,
              22.326692
            ],
            [
              114.254101,
              22.326836
            ],
            [
              114.253851,
              22.326951
            ],
            [
              114.253586,
              22.327035
            ],
            [
              114.253312,
              22.327086
            ],
            [
              114.253033,
              22.327103
            ],
            [
              114.252754,
              22.327086
            ],
            [
              114.25248,
              22.327035
            ],
            [
              114.252215,
              22.326951
            ],
            [
              114.251965,
              22.326836
            ],
            [
              114.251732,
              22.326692
            ],
            [
              114.251522,
              22.32652
            ],
            [
              114.251338,
              22.326324
            ],
            [
              114.251182,
              22.326108
            ],
            [
              114.251059,
              22.325874
            ],
            [
              114.250969,
              22.325628
            ],
            [
              114.250914,
              22.325373
            ],
            [
              114.250896,
              22.325113
            ],
            [
              114.250914,
              22.324853
            ],
            [
              114.250969,
              22.324598
            ],
            [
              114.251059,
              22.324352
            ],
            [
              114.251182,
              22.324118
            ],
            [
              114.251338,
              22.323902
            ],
            [
              114.251522,
              22.323706
            ],
            [
              114.251732,
              22.323534
            ],
            [
              114.251965,
              22.32339
            ],
            [
              114.252215,
              22.323275
            ],
            [
              114.25248,
              22.323191
            ],
            [
              114.252754,
              22.32314
            ],
            [
              114.253033,
              22.323123
            ],
            [
              114.253312,
              22.32314
            ],
            [
              114.253586,
              22.323191
            ],
            [
              114.253851,
              22.323275
            ],
            [
              114.254101,
              22.32339
            ],
            [
              114.254334,
              22.323534
            ],
            [
              114.254544,
              22.323706
            ],
            [
              114.254728,
              22.323902
            ],
            [
              114.254884,
              22.324118
            ],
            [
              114.255007,
              22.324352
            ],
            [
              114.255097,
              22.324598
            ],
            [
              114.255152,
              22.324853
            ],
            [
              114.25517,
              22.325113
            ]
          ]
        ]
      },
      "properties": {
        "id": "zone_19c4406ae4",
        "name": "寶翠公園",
        "kind": "nest",
        "kind_votes": {
          "nest": 1
        },
        "zone_type": "infected_nest",
        "status": "unknown",
        "danger_level": 4,
        "spatial_precision": "approximate",
        "display_style": {
          "fill": "--zone-nest",
          "pattern": "hatch",
          "icon": "virus"
        },
        "chapter_refs": [
          126
        ],
        "event_ids": [
          "bg_event_838",
          "bg_event_839",
          "bg_event_840",
          "bg_event_841",
          "bg_event_857",
          "bg_event_858",
          "bg_event_859",
          "bg_event_868",
          "bg_event_869",
          "bg_event_870",
          "bg_event_871",
          "bg_event_872",
          "bg_event_930",
          "bg_event_931",
          "bg_event_932",
          "bg_event_933",
          "bg_event_934"
        ],
        "character_ids": [
          "ent_29e170584c",
          "ent_4375c8b3ed",
          "ent_64c25f2cd7",
          "ent_ee1180d7cb"
        ],
        "member_location_ids": [
          "loc_0296",
          "loc_0412"
        ],
        "dossier_id": "dossier_19c4406ae4",
        "confidence": 0.67,
        "confidence_inputs": {
          "coord_score": 0.5,
          "dossier_score": 0.6667,
          "kind_score": 1.0
        },
        "review_status": "needs_validation",
        "zone_review_status": "needs_validation",
        "schema_version": 2,
        "aliases": [],
        "chapters": [
          126
        ],
        "first_appearance": 126,
        "location_hint": "往靈實協會禮拜堂途中會經過",
        "government": null,
        "leadership": [],
        "social_structure": null,
        "economy": null,
        "defense": null,
        "population": null,
        "culture": null,
        "notable_features": [],
        "threats": [
          "病童（數量特別多）"
        ],
        "summary": "位於往靈實協會禮拜堂路上的公園，病童數量特別多。奎斯提醒滿天，經過此處前必須帶備軟木耳塞，戴上後便可完全無視病童的聲音。滿天亦憶起跟白魂初到此處時，發現一切都是幻覺，恐怖非常。",
        "radius_m": 220.0,
        "radius_source": "default",
        "coords_source": "locations",
        "coords_evidence": "由 1 個地點分佈推導（精確配對 1 + 同名前綴 0）",
        "range_evidence": "只有 1 個成員點，用按類型嘅預設半徑（估算）",
        "coordinate_confidence": 0.55,
        "coordinate_source": "zone_inference",
        "coordinate_review_status": "needs_validation",
        "spatial_evidence_count": 0,
        "sources": [
          "A6"
        ],
        "source": "bing_gang"
      }
    },
    {
      "type": "Feature",
      "geometry": {
        "type": "Polygon",
        "coordinates": [
          [
            [
              114.275574,
              22.331095
            ],
            [
              114.276869,
              22.326083
            ],
            [
              114.278541,
              22.325579
            ],
            [
              114.280412,
              22.32995
            ],
            [
              114.276541,
              22.332256
            ],
            [
              114.275745,
              22.331317
            ],
            [
              114.275574,
              22.331095
            ]
          ]
        ]
      },
      "properties": {
        "id": "zone_294577f090",
        "name": "將軍澳區",
        "kind": "outpost",
        "kind_votes": {
          "outpost": 1
        },
        "zone_type": "contested",
        "status": "unknown",
        "danger_level": 3,
        "spatial_precision": "verified",
        "display_style": {
          "fill": "--zone-contested",
          "pattern": "contour",
          "icon": "crossed-swords"
        },
        "chapter_refs": [
          126,
          143,
          149
        ],
        "event_ids": [
          "bg_event_1028",
          "bg_event_1273",
          "bg_event_1326",
          "bg_event_1793",
          "bg_event_812",
          "bg_event_826",
          "bg_event_877",
          "bg_event_884",
          "bg_event_984"
        ],
        "character_ids": [
          "ent_0ad2def3f5",
          "ent_21ab52894b",
          "ent_b6ab37e537",
          "ent_b9773b2977"
        ],
        "member_location_ids": [
          "loc_0044",
          "loc_0179",
          "loc_0295",
          "loc_0476"
        ],
        "dossier_id": "dossier_294577f090",
        "confidence": 0.67,
        "confidence_inputs": {
          "coord_score": 1.0,
          "dossier_score": 0.1667,
          "kind_score": 1.0
        },
        "review_status": "auto_inferred",
        "zone_review_status": "auto_inferred",
        "schema_version": 2,
        "aliases": [
          "將軍澳"
        ],
        "chapters": [
          126,
          143,
          149
        ],
        "first_appearance": 126,
        "location_hint": "將軍澳一帶，涵蓋大本營、康城、坑口、寶琳等多個倖存區與據點",
        "government": "由不良人控制，首領為不破尚；在滿天的協助下逐漸取得統一之勢",
        "leadership": [
          "不破尚",
          "銘凱"
        ],
        "social_structure": null,
        "economy": null,
        "defense": null,
        "population": null,
        "culture": null,
        "notable_features": [],
        "threats": [
          "病者平權組織",
          "大本營（敵對）"
        ],
        "summary": "不良人活動的整個地區，涵蓋大本營、坑口、寶琳、康城等據點。病者平權組織曾與將軍澳區的不良人開戰，結果兩敗俱傷。滿天投靠不良人後，利用引導病者入侵敵方倖存區的方式，為不破尚消除大量敵人，令其在將軍澳區內逐漸取得統一之勢。至後期，將軍澳區的倖存者勢力已所餘無幾。",
        "radius_m": 439.9,
        "radius_source": "members",
        "coords_source": "locations",
        "coords_evidence": "由 22 個地點分佈推導（精確配對 1 + 同名前綴 21）",
        "range_evidence": "由 11 個成員地點嘅凸包 + 200 m 外擴",
        "coordinate_confidence": 0.95,
        "coordinate_source": "cross_chapter_evidence",
        "coordinate_review_status": "auto_corrected",
        "spatial_evidence_count": 1,
        "sources": [
          "A6"
        ],
        "source": "bing_gang"
      }
    },
    {
      "type": "Feature",
      "geometry": {
        "type": "Polygon",
        "coordinates": [
          [
            [
              114.255982,
              22.305084
            ],
            [
              114.255956,
              22.305462
            ],
            [
              114.255876,
              22.305833
            ],
            [
              114.255746,
              22.306192
            ],
            [
              114.255566,
              22.306531
            ],
            [
              114.25534,
              22.306846
            ],
            [
              114.255072,
              22.30713
            ],
            [
              114.254766,
              22.30738
            ],
            [
              114.254428,
              22.30759
            ],
            [
              114.254063,
              22.307758
            ],
            [
              114.253678,
              22.307879
            ],
            [
              114.25328,
              22.307953
            ],
            [
              114.252874,
              22.307978
            ],
            [
              114.252468,
              22.307953
            ],
            [
              114.25207,
              22.307879
            ],
            [
              114.251685,
              22.307758
            ],
            [
              114.25132,
              22.30759
            ],
            [
              114.250982,
              22.30738
            ],
            [
              114.250676,
              22.30713
            ],
            [
              114.250408,
              22.306846
            ],
            [
              114.250182,
              22.306531
            ],
            [
              114.250002,
              22.306192
            ],
            [
              114.249872,
              22.305833
            ],
            [
              114.249792,
              22.305462
            ],
            [
              114.249766,
              22.305084
            ],
            [
              114.249792,
              22.304706
            ],
            [
              114.249872,
              22.304335
            ],
            [
              114.250002,
              22.303976
            ],
            [
              114.250182,
              22.303637
            ],
            [
              114.250408,
              22.303322
            ],
            [
              114.250676,
              22.303038
            ],
            [
              114.250982,
              22.302788
            ],
            [
              114.25132,
              22.302578
            ],
            [
              114.251685,
              22.30241
            ],
            [
              114.25207,
              22.302289
            ],
            [
              114.252468,
              22.302215
            ],
            [
              114.252874,
              22.30219
            ],
            [
              114.25328,
              22.302215
            ],
            [
              114.253678,
              22.302289
            ],
            [
              114.254063,
              22.30241
            ],
            [
              114.254428,
              22.302578
            ],
            [
              114.254766,
              22.302788
            ],
            [
              114.255072,
              22.303038
            ],
            [
              114.25534,
              22.303322
            ],
            [
              114.255566,
              22.303637
            ],
            [
              114.255746,
              22.303976
            ],
            [
              114.255876,
              22.304335
            ],
            [
              114.255956,
              22.304706
            ],
            [
              114.255982,
              22.305084
            ]
          ]
        ]
      },
      "properties": {
        "id": "zone_df94610cc6",
        "name": "松木村倖存區",
        "kind": "survivor",
        "kind_votes": {
          "survivor": 3
        },
        "zone_type": "survivor_zone",
        "status": "unknown",
        "danger_level": 1,
        "spatial_precision": "approximate",
        "display_style": {
          "fill": "--zone-survivor",
          "pattern": "contour",
          "icon": "shield"
        },
        "chapter_refs": [
          126,
          128,
          155,
          177,
          182,
          195
        ],
        "event_ids": [
          "bg_event_362",
          "bg_event_364",
          "bg_event_770",
          "bg_event_771",
          "bg_event_775",
          "bg_event_783",
          "bg_event_784",
          "bg_event_785",
          "bg_event_786",
          "bg_event_787",
          "bg_event_788",
          "bg_event_790",
          "bg_event_791",
          "bg_event_792",
          "bg_event_793",
          "bg_event_796",
          "bg_event_797",
          "bg_event_799",
          "bg_event_800",
          "bg_event_801",
          "bg_event_802",
          "bg_event_804",
          "bg_event_805",
          "bg_event_806",
          "bg_event_807",
          "bg_event_808",
          "bg_event_809",
          "bg_event_810",
          "bg_event_814",
          "bg_event_815",
          "bg_event_816",
          "bg_event_817",
          "bg_event_820",
          "bg_event_821",
          "bg_event_822",
          "bg_event_823",
          "bg_event_824",
          "bg_event_853",
          "bg_event_854",
          "bg_event_855",
          "bg_event_861",
          "bg_event_862",
          "bg_event_863",
          "bg_event_864",
          "bg_event_873",
          "bg_event_874",
          "bg_event_875",
          "bg_event_878"
        ],
        "character_ids": [
          "ent_3f7166ade6",
          "ent_6f42a13396",
          "ent_7c6543f83e",
          "ent_7f6734f51b",
          "ent_82a21d93ae",
          "ent_ac57edddaa",
          "ent_da5ac3f022",
          "ent_dd034941ef"
        ],
        "member_location_ids": [
          "loc_0112",
          "loc_0184",
          "loc_0279",
          "loc_0291",
          "loc_0308"
        ],
        "dossier_id": "dossier_df94610cc6",
        "confidence": 0.67,
        "confidence_inputs": {
          "coord_score": 0.5,
          "dossier_score": 0.6667,
          "kind_score": 1.0
        },
        "review_status": "auto_inferred",
        "zone_review_status": "auto_inferred",
        "schema_version": 2,
        "aliases": [
          "松木村倖存區",
          "松木村"
        ],
        "chapters": [
          126,
          128,
          155,
          177,
          182,
          195
        ],
        "first_appearance": 126,
        "location_hint": "往靈實協會禮拜堂的路上，需經寶康路再轉入靈康路一帶",
        "government": "由村長管理，村民以務農及手作為主；村長信奉病教，暗中與病者平權組織往來",
        "leadership": [
          "村長（信奉病教）",
          "漢木老伯"
        ],
        "social_structure": "村長與村民；村民和善，不願對出賣村落的村長下重手，只求息事寧人",
        "economy": "以工匠技藝聞名，最好的武器、工具和傢俱都在那裡生產；病獵公會曾到此訂購精良的新武器",
        "defense": null,
        "population": null,
        "culture": "村民努力工作，餵養母雞、搬運原木、維修村子；對外來者友善，會贈送軟木耳塞以應付病童",
        "notable_features": [
          "入口刻有「松木村」三字的木牌",
          "漢木老伯家密封的三樓",
          "武器商店",
          "工匠工坊",
          "松木村"
        ],
        "threats": [
          "病者",
          "病者平權組織（前來宣傳並敲鐘）"
        ],
        "summary": "一個以務農為主的小型倖存區，入口掛著維修中的「松木村」木牌。村民和善勤勞，早上餵雞、搬原木、修村子，對外來者亦願意伸出援手。然而村長信奉病教，暗中與病者平權組織往來，成為組織宣傳的落腳點。村民對村長的行為雖有不滿，卻因性情太和善而不敢動手，最終只能收錢替外人把村長收藏在漢木老伯家密封的三樓。區內有武器店，可購入木箭、木盾、木矛等。",
        "radius_m": 320.0,
        "radius_source": "default",
        "coords_source": "locations",
        "coords_evidence": "由 1 個地點分佈推導（精確配對 1 + 同名前綴 0）",
        "range_evidence": "只有 1 個成員點，用按類型嘅預設半徑（估算）",
        "coordinate_confidence": 0.55,
        "coordinate_source": "zone_inference",
        "coordinate_review_status": "needs_validation",
        "spatial_evidence_count": 0,
        "sources": [
          "A6",
          "A7",
          "A8"
        ],
        "source": "bing_gang"
      }
    },
    {
      "type": "Feature",
      "geometry": {
        "type": "Polygon",
        "coordinates": [
          [
            [
              114.260039,
              22.31811
            ],
            [
              114.260018,
              22.318417
            ],
            [
              114.259953,
              22.318719
            ],
            [
              114.259847,
              22.31901
            ],
            [
              114.259701,
              22.319286
            ],
            [
              114.259518,
              22.319542
            ],
            [
              114.2593,
              22.319773
            ],
            [
              114.259051,
              22.319976
            ],
            [
              114.258777,
              22.320147
            ],
            [
              114.25848,
              22.320283
            ],
            [
              114.258168,
              22.320382
            ],
            [
              114.257844,
              22.320442
            ],
            [
              114.257514,
              22.320462
            ],
            [
              114.257184,
              22.320442
            ],
            [
              114.25686,
              22.320382
            ],
            [
              114.256548,
              22.320283
            ],
            [
              114.256251,
              22.320147
            ],
            [
              114.255977,
              22.319976
            ],
            [
              114.255728,
              22.319773
            ],
            [
              114.25551,
              22.319542
            ],
            [
              114.255327,
              22.319286
            ],
            [
              114.255181,
              22.31901
            ],
            [
              114.255075,
              22.318719
            ],
            [
              114.25501,
              22.318417
            ],
            [
              114.254989,
              22.31811
            ],
            [
              114.25501,
              22.317804
            ],
            [
              114.255075,
              22.317502
            ],
            [
              114.255181,
              22.317211
            ],
            [
              114.255327,
              22.316935
            ],
            [
              114.25551,
              22.316679
            ],
            [
              114.255728,
              22.316448
            ],
            [
              114.255977,
              22.316245
            ],
            [
              114.256251,
              22.316074
            ],
            [
              114.256548,
              22.315938
            ],
            [
              114.25686,
              22.315839
            ],
            [
              114.257184,
              22.315779
            ],
            [
              114.257514,
              22.315759
            ],
            [
              114.257844,
              22.315779
            ],
            [
              114.258168,
              22.315839
            ],
            [
              114.25848,
              22.315938
            ],
            [
              114.258777,
              22.316074
            ],
            [
              114.259051,
              22.316245
            ],
            [
              114.2593,
              22.316448
            ],
            [
              114.259518,
              22.316679
            ],
            [
              114.259701,
              22.316935
            ],
            [
              114.259847,
              22.317211
            ],
            [
              114.259953,
              22.317502
            ],
            [
              114.260018,
              22.317804
            ],
            [
              114.260039,
              22.31811
            ]
          ]
        ]
      },
      "properties": {
        "id": "zone_e0a9ccb6fd",
        "name": "靈實協會寧養院",
        "kind": "outpost",
        "kind_votes": {
          "outpost": 1
        },
        "zone_type": "contested",
        "status": "collapsed",
        "danger_level": 3,
        "spatial_precision": "approximate",
        "display_style": {
          "fill": "--zone-contested",
          "pattern": "contour",
          "icon": "crossed-swords"
        },
        "chapter_refs": [
          126,
          127,
          128,
          129,
          130,
          131
        ],
        "event_ids": [],
        "character_ids": [],
        "member_location_ids": [],
        "dossier_id": "dossier_e0a9ccb6fd",
        "confidence": 0.8,
        "confidence_inputs": {
          "coord_score": 0.5,
          "dossier_score": 1.0,
          "kind_score": 1.0
        },
        "review_status": "auto_inferred",
        "zone_review_status": "auto_inferred",
        "schema_version": 2,
        "aliases": [
          "病者平權組織根據地",
          "寧養院",
          "基督教靈實協會教堂",
          "靈實教堂"
        ],
        "chapters": [
          126,
          127,
          128,
          129,
          130,
          131
        ],
        "first_appearance": 126,
        "location_hint": "靈實醫院附近，百步之內可達；由寶康路轉入靈康路即可到達",
        "government": "由「德蘭女教主」獨裁領導，自稱「上帝嘅先知」；前任教主為孤兒院院長（光頭）",
        "leadership": [
          "德蘭女教主",
          "犬京（最忠誠信徒）",
          "前任光頭教主／孤兒院院長",
          "男病童（被奉為「神之子」）"
        ],
        "social_structure": "教主、白衣信徒（多為由孤兒院帶來的孤兒）、被飼養的病童；教主以病童製造幻覺，令信徒依賴美好回憶而唯命是從",
        "economy": "靠教主飼養病童、招收信徒奉獻；龐大組織運作背後有外部資助人瓦安",
        "defense": "教堂正門以鐵鏈鎖上；牧師檯上的十字架內藏鎖匙，可開啟通往地下室的多重暗門",
        "population": "數十名病童及一批白衣教徒",
        "culture": "敲鐘召集信徒、禮拜與「恩賜」儀式（以病童幻覺重現死者）、修女唱聖詩、供奉《病學》聖書、教主一邊彈鋼琴一邊說唱",
        "notable_features": [
          "教堂",
          "牧師檯與十字架鎖匙",
          "地下密室遊樂場",
          "寧養院頂層「寶藏房」",
          "鋼琴"
        ],
        "threats": [
          "男病童（腦波控制）",
          "病童集體哭泣",
          "白衣信徒"
        ],
        "summary": "病者平權組織的根據地，由幾座寧養院與一間基督教靈實協會教堂組成，與靈實醫院相距不足百步。教主德蘭女教主以病童製造「恩賜」幻覺，讓信徒重見死去親人，從而依賴美好回憶並唯命是從。教堂正門鎖上鐵鏈，牧師檯上的十字架內藏鎖匙，可通往地下密室遊樂場；寧養院頂層則是擺滿珠寶的「寶藏房」。組織以敲鐘召集信徒，最終教堂被焚，男病童被滿天與公仔斬殺，組織正式瓦解。",
        "radius_m": 260.0,
        "radius_source": "default",
        "coords_source": "locations",
        "coords_evidence": "由 2 個地點分佈推導（精確配對 1 + 同名前綴 1）",
        "range_evidence": "只有 2 個成員點，用按類型嘅預設半徑（估算）",
        "coordinate_confidence": 0.55,
        "coordinate_source": "zone_inference",
        "coordinate_review_status": "needs_validation",
        "spatial_evidence_count": 0,
        "sources": [
          "A6"
        ],
        "source": "bing_gang"
      }
    },
    {
      "type": "Feature",
      "geometry": {
        "type": "Polygon",
        "coordinates": [
          [
            [
              114.259903,
              22.317472
            ],
            [
              114.259885,
              22.317732
            ],
            [
              114.25983,
              22.317987
            ],
            [
              114.25974,
              22.318233
            ],
            [
              114.259617,
              22.318467
            ],
            [
              114.259461,
              22.318683
            ],
            [
              114.259277,
              22.318879
            ],
            [
              114.259067,
              22.319051
            ],
            [
              114.258834,
              22.319195
            ],
            [
              114.258584,
              22.31931
            ],
            [
              114.258319,
              22.319394
            ],
            [
              114.258045,
              22.319445
            ],
            [
              114.257766,
              22.319462
            ],
            [
              114.257487,
              22.319445
            ],
            [
              114.257213,
              22.319394
            ],
            [
              114.256948,
              22.31931
            ],
            [
              114.256698,
              22.319195
            ],
            [
              114.256465,
              22.319051
            ],
            [
              114.256255,
              22.318879
            ],
            [
              114.256071,
              22.318683
            ],
            [
              114.255915,
              22.318467
            ],
            [
              114.255792,
              22.318233
            ],
            [
              114.255702,
              22.317987
            ],
            [
              114.255647,
              22.317732
            ],
            [
              114.255629,
              22.317472
            ],
            [
              114.255647,
              22.317212
            ],
            [
              114.255702,
              22.316957
            ],
            [
              114.255792,
              22.316711
            ],
            [
              114.255915,
              22.316477
            ],
            [
              114.256071,
              22.316261
            ],
            [
              114.256255,
              22.316065
            ],
            [
              114.256465,
              22.315893
            ],
            [
              114.256698,
              22.315749
            ],
            [
              114.256948,
              22.315634
            ],
            [
              114.257213,
              22.31555
            ],
            [
              114.257487,
              22.315499
            ],
            [
              114.257766,
              22.315482
            ],
            [
              114.258045,
              22.315499
            ],
            [
              114.258319,
              22.31555
            ],
            [
              114.258584,
              22.315634
            ],
            [
              114.258834,
              22.315749
            ],
            [
              114.259067,
              22.315893
            ],
            [
              114.259277,
              22.316065
            ],
            [
              114.259461,
              22.316261
            ],
            [
              114.259617,
              22.316477
            ],
            [
              114.25974,
              22.316711
            ],
            [
              114.25983,
              22.316957
            ],
            [
              114.259885,
              22.317212
            ],
            [
              114.259903,
              22.317472
            ]
          ]
        ]
      },
      "properties": {
        "id": "zone_d3cb81ec7d",
        "name": "病者之都",
        "kind": "nest",
        "kind_votes": {
          "nest": 2
        },
        "zone_type": "infected_nest",
        "status": "unknown",
        "danger_level": 4,
        "spatial_precision": "approximate",
        "display_style": {
          "fill": "--zone-nest",
          "pattern": "hatch",
          "icon": "virus"
        },
        "chapter_refs": [
          128,
          144,
          146,
          167,
          173,
          175
        ],
        "event_ids": [
          "bg_event_011",
          "bg_event_040",
          "bg_event_1166",
          "bg_event_1167",
          "bg_event_1169",
          "bg_event_1175",
          "bg_event_1187",
          "bg_event_1189",
          "bg_event_1190",
          "bg_event_1191",
          "bg_event_1192",
          "bg_event_1193",
          "bg_event_1194",
          "bg_event_1195",
          "bg_event_1196",
          "bg_event_1197",
          "bg_event_1198",
          "bg_event_1733",
          "bg_event_229",
          "bg_event_837",
          "bg_event_867",
          "bg_event_929"
        ],
        "character_ids": [
          "ent_1e7255557d",
          "ent_50c9d96121",
          "ent_617ddd37d6",
          "ent_71050c29a7",
          "ent_7c6543f83e",
          "ent_970c603b4f",
          "ent_b85ba8341a",
          "ent_d460958c66",
          "ent_d61cc93d26",
          "ent_dd034941ef",
          "ent_ee1180d7cb"
        ],
        "member_location_ids": [
          "loc_0026",
          "loc_0027",
          "loc_0297",
          "loc_0375",
          "loc_0416",
          "loc_0418",
          "loc_0421",
          "loc_0426",
          "loc_0429",
          "loc_0432",
          "loc_0513",
          "loc_0630",
          "loc_0682",
          "loc_0684"
        ],
        "dossier_id": "dossier_d3cb81ec7d",
        "confidence": 0.67,
        "confidence_inputs": {
          "coord_score": 0.5,
          "dossier_score": 0.6667,
          "kind_score": 1.0
        },
        "review_status": "auto_inferred",
        "zone_review_status": "auto_inferred",
        "schema_version": 2,
        "aliases": [
          "坑口"
        ],
        "chapters": [
          128,
          144,
          146,
          167,
          173,
          175
        ],
        "first_appearance": 128,
        "location_hint": "坑口",
        "government": null,
        "leadership": [],
        "social_structure": null,
        "economy": null,
        "defense": null,
        "population": "病者數目遠超其他地區幾十倍",
        "culture": null,
        "notable_features": [],
        "threats": [
          "病者（極度高危）",
          "大量病者"
        ],
        "summary": "位於坑口的病者聚居地，被形容為「幾乎有入無出」，危險程度比病者平權組織有過之而無不及。奎斯答應滿天，若成功摧毀病者平權組織，便會相信其實力足以應付病者之都，與他一同前往。南北兄弟與他人都提醒，進入之後的基本生還率低得不能再低。滿天前往坑口是為了尋找南愚與北賢所謂的「真相」及白鯨。",
        "radius_m": 220.0,
        "radius_source": "default",
        "coords_source": "locations",
        "coords_evidence": "由 12 個地點分佈推導（精確配對 1 + 同名前綴 11）",
        "range_evidence": "只有 1 個成員點，用按類型嘅預設半徑（估算）",
        "coordinate_confidence": 0.55,
        "coordinate_source": "zone_inference",
        "coordinate_review_status": "needs_validation",
        "spatial_evidence_count": 1,
        "sources": [
          "A6",
          "A7"
        ],
        "source": "bing_gang"
      }
    },
    {
      "type": "Feature",
      "geometry": {
        "type": "Polygon",
        "coordinates": [
          [
            [
              114.25958,
              22.322636
            ],
            [
              114.259554,
              22.323013
            ],
            [
              114.259474,
              22.323385
            ],
            [
              114.259344,
              22.323743
            ],
            [
              114.259164,
              22.324083
            ],
            [
              114.258938,
              22.324397
            ],
            [
              114.25867,
              22.324682
            ],
            [
              114.258364,
              22.324932
            ],
            [
              114.258026,
              22.325142
            ],
            [
              114.257661,
              22.325309
            ],
            [
              114.257276,
              22.325431
            ],
            [
              114.256878,
              22.325505
            ],
            [
              114.256472,
              22.32553
            ],
            [
              114.256066,
              22.325505
            ],
            [
              114.255668,
              22.325431
            ],
            [
              114.255283,
              22.325309
            ],
            [
              114.254918,
              22.325142
            ],
            [
              114.25458,
              22.324932
            ],
            [
              114.254274,
              22.324682
            ],
            [
              114.254006,
              22.324397
            ],
            [
              114.25378,
              22.324083
            ],
            [
              114.2536,
              22.323743
            ],
            [
              114.25347,
              22.323385
            ],
            [
              114.25339,
              22.323013
            ],
            [
              114.253364,
              22.322636
            ],
            [
              114.25339,
              22.322258
            ],
            [
              114.25347,
              22.321886
            ],
            [
              114.2536,
              22.321528
            ],
            [
              114.25378,
              22.321188
            ],
            [
              114.254006,
              22.320874
            ],
            [
              114.254274,
              22.320589
            ],
            [
              114.25458,
              22.320339
            ],
            [
              114.254918,
              22.320129
            ],
            [
              114.255283,
              22.319962
            ],
            [
              114.255668,
              22.31984
            ],
            [
              114.256066,
              22.319766
            ],
            [
              114.256472,
              22.319741
            ],
            [
              114.256878,
              22.319766
            ],
            [
              114.257276,
              22.31984
            ],
            [
              114.257661,
              22.319962
            ],
            [
              114.258026,
              22.320129
            ],
            [
              114.258364,
              22.320339
            ],
            [
              114.25867,
              22.320589
            ],
            [
              114.258938,
              22.320874
            ],
            [
              114.259164,
              22.321188
            ],
            [
              114.259344,
              22.321528
            ],
            [
              114.259474,
              22.321886
            ],
            [
              114.259554,
              22.322258
            ],
            [
              114.25958,
              22.322636
            ]
          ]
        ]
      },
      "properties": {
        "id": "zone_200f5e8911",
        "name": "皇室區",
        "kind": "survivor",
        "kind_votes": {
          "survivor": 1
        },
        "zone_type": "survivor_zone",
        "status": "unknown",
        "danger_level": 1,
        "spatial_precision": "approximate",
        "display_style": {
          "fill": "--zone-survivor",
          "pattern": "contour",
          "icon": "shield"
        },
        "chapter_refs": [
          132,
          133,
          134,
          135,
          137,
          138
        ],
        "event_ids": [
          "bg_event_1106",
          "bg_event_1125",
          "bg_event_1249",
          "bg_event_1290",
          "bg_event_1400",
          "bg_event_1402",
          "bg_event_1403",
          "bg_event_1536",
          "bg_event_1762"
        ],
        "character_ids": [
          "ent_0ad2def3f5",
          "ent_3c0413f11b",
          "ent_7c6543f83e",
          "ent_7ed34c8449",
          "ent_aee9afa90e",
          "ent_d61cc93d26",
          "ent_e0f7ae0d6d",
          "ent_f930278c84",
          "w"
        ],
        "member_location_ids": [
          "loc_0300",
          "loc_0364",
          "loc_0369",
          "loc_0376",
          "loc_0384",
          "loc_0385",
          "loc_0387",
          "loc_0434",
          "loc_0437",
          "loc_0440",
          "loc_0441",
          "loc_0442",
          "loc_0443",
          "loc_0452",
          "loc_0453",
          "loc_0467",
          "loc_0468",
          "loc_0502",
          "loc_0508",
          "loc_0640",
          "loc_0696"
        ],
        "dossier_id": "dossier_200f5e8911",
        "confidence": 0.8,
        "confidence_inputs": {
          "coord_score": 0.5,
          "dossier_score": 1.0,
          "kind_score": 1.0
        },
        "review_status": "auto_inferred",
        "zone_review_status": "auto_inferred",
        "schema_version": 2,
        "aliases": [
          "寶琳皇室區"
        ],
        "chapters": [
          132,
          133,
          134,
          135,
          137,
          138
        ],
        "first_appearance": 132,
        "location_hint": "艾寶琳倖存區內，位於寶琳地鐵站的上蓋及商場；皇宮即新都城二期商場（新都城中心二期）",
        "government": "由艾氏皇室與貴族佔據，須持貴族證明書或皇室邀請函方可進入；皇宮為皇室成員與貴族的活動核心",
        "leadership": [
          "艾氏皇室成員",
          "艾康（王子）",
          "艾匡（公主）",
          "瓦安（貴族大商家）",
          "瓦禮（Angel，交際花）"
        ],
        "social_structure": "只准貴族與皇室成員進入；區內有專門用膳、看書、玩樂的地方，貴婦會在歐陸式花園喝茶看書，與外面繁忙喧嘩的倖存區是兩回事",
        "economy": "以貴族消費為主，設皇室區主要餐廳、書館、甜品鋪、洋服店；皇室每週舉辦一次宴會，並以艾幣支助區內組織",
        "defense": "皇宮入口需皇室邀請函；會議房外有皇家守衛把守；貴族身份本身即為進入憑證",
        "population": "區內人少少，貴族圈子不大",
        "culture": "上蓋住宅與花園採歐陸花園式風格；貴族飲「血酒」、食牛排紅酒、看雜技與魔術表演；每週皇室宴會是知識份子交流結識的平台，由交際花Angel（瓦禮）任司儀；貴族普遍認為一半人已忘記病者存在",
        "notable_features": [
          "寶琳地鐵站上蓋花園",
          "皇宮（新都城二期商場）",
          "皇室區主要餐廳",
          "書館",
          "露天玻璃窗大舞台",
          "會議房"
        ],
        "threats": [
          "病者和平協會的暗殺陰謀",
          "變態跟蹤者"
        ],
        "summary": "位於寶琳地鐵站上蓋及商場的貴族專屬區域，須貴族證明書或皇室邀請函方可進入，皇宮即新都城二期商場。區內有專門用膳、看書、玩樂的地方，上蓋住宅與花園採歐陸花園式風格，貴婦會在園中喝茶看書，與下蓋天光就要擺賣的平民形成強烈對比。皇室每週舉辦一次宴會，是知識份子交流結識的平台，飲品包括以血液調配的「血酒」。貴族普遍帶有優越感，甚至已忘記牆外病者的存在。",
        "radius_m": 320.0,
        "radius_source": "default",
        "coords_source": "locations",
        "coords_evidence": "由 2 個地點分佈推導（精確配對 1 + 同名前綴 1）",
        "range_evidence": "只有 2 個成員點，用按類型嘅預設半徑（估算）",
        "coordinate_confidence": 0.55,
        "coordinate_source": "zone_inference",
        "coordinate_review_status": "needs_validation",
        "spatial_evidence_count": 1,
        "sources": [
          "A6"
        ],
        "source": "bing_gang"
      }
    },
    {
      "type": "Feature",
      "geometry": {
        "type": "Polygon",
        "coordinates": [
          [
            [
              114.244247,
              22.32329
            ],
            [
              114.244226,
              22.323597
            ],
            [
              114.244161,
              22.323899
            ],
            [
              114.244055,
              22.32419
            ],
            [
              114.243909,
              22.324466
            ],
            [
              114.243726,
              22.324722
            ],
            [
              114.243508,
              22.324953
            ],
            [
              114.243259,
              22.325156
            ],
            [
              114.242985,
              22.325327
            ],
            [
              114.242688,
              22.325463
            ],
            [
              114.242376,
              22.325562
            ],
            [
              114.242052,
              22.325622
            ],
            [
              114.241722,
              22.325642
            ],
            [
              114.241392,
              22.325622
            ],
            [
              114.241068,
              22.325562
            ],
            [
              114.240756,
              22.325463
            ],
            [
              114.240459,
              22.325327
            ],
            [
              114.240185,
              22.325156
            ],
            [
              114.239936,
              22.324953
            ],
            [
              114.239718,
              22.324722
            ],
            [
              114.239535,
              22.324466
            ],
            [
              114.239389,
              22.32419
            ],
            [
              114.239283,
              22.323899
            ],
            [
              114.239218,
              22.323597
            ],
            [
              114.239197,
              22.32329
            ],
            [
              114.239218,
              22.322984
            ],
            [
              114.239283,
              22.322682
            ],
            [
              114.239389,
              22.322391
            ],
            [
              114.239535,
              22.322115
            ],
            [
              114.239718,
              22.321859
            ],
            [
              114.239936,
              22.321628
            ],
            [
              114.240185,
              22.321425
            ],
            [
              114.240459,
              22.321254
            ],
            [
              114.240756,
              22.321118
            ],
            [
              114.241068,
              22.321019
            ],
            [
              114.241392,
              22.320959
            ],
            [
              114.241722,
              22.320939
            ],
            [
              114.242052,
              22.320959
            ],
            [
              114.242376,
              22.321019
            ],
            [
              114.242688,
              22.321118
            ],
            [
              114.242985,
              22.321254
            ],
            [
              114.243259,
              22.321425
            ],
            [
              114.243508,
              22.321628
            ],
            [
              114.243726,
              22.321859
            ],
            [
              114.243909,
              22.322115
            ],
            [
              114.244055,
              22.322391
            ],
            [
              114.244161,
              22.322682
            ],
            [
              114.244226,
              22.322984
            ],
            [
              114.244247,
              22.32329
            ]
          ]
        ]
      },
      "properties": {
        "id": "zone_52987957ac",
        "name": "疊翠軒",
        "kind": "outpost",
        "kind_votes": {
          "outpost": 1
        },
        "zone_type": "contested",
        "status": "unknown",
        "danger_level": 3,
        "spatial_precision": "approximate",
        "display_style": {
          "fill": "--zone-contested",
          "pattern": "contour",
          "icon": "crossed-swords"
        },
        "chapter_refs": [
          134,
          146
        ],
        "event_ids": [
          "bg_event_1790"
        ],
        "character_ids": [],
        "member_location_ids": [
          "loc_0366",
          "loc_0464",
          "loc_0622",
          "loc_0695",
          "loc_0710"
        ],
        "dossier_id": "dossier_52987957ac",
        "confidence": 0.67,
        "confidence_inputs": {
          "coord_score": 0.5,
          "dossier_score": 0.6667,
          "kind_score": 1.0
        },
        "review_status": "auto_inferred",
        "zone_review_status": "auto_inferred",
        "schema_version": 2,
        "aliases": [
          "疊翠軒會所",
          "疊翠軒停車場"
        ],
        "chapters": [
          134,
          146
        ],
        "first_appearance": 134,
        "location_hint": "艾寶琳倖存區內，需經一條連接寶琳地鐵站上蓋花園的橋進入",
        "government": "由艾寶琳皇室管理，是倖存區醫療體系的中心",
        "leadership": [],
        "social_structure": "由各專業人士（醫生、設計師、工程人員等）組成，進入需許可證；區內氣氛寧靜，像專業人士的工作地方",
        "economy": null,
        "defense": "連接花園的橋上站有守衛，防止外人進入；整體兵防密佈",
        "population": null,
        "culture": "區內知識寶庫，負責醫療、發電應用、淨水過濾、皇室食物安檢、電腦計算機等專業領域；公主艾匡每晚前來接受治療",
        "notable_features": [
          "會所",
          "連接寶琳地鐵站上蓋花園的橋",
          "醫療設備（將軍澳醫院的儀器多已搬來）",
          "疊翠軒停車場深洞陷阱"
        ],
        "threats": [
          "病者和平協會的暗殺陰謀"
        ],
        "summary": "艾寶琳倖存區的醫療與知識中心，位於屋苑疊翠軒的會所內，須經連接寶琳地鐵站上蓋花園的橋進入，橋上有守衛把守。這裡除了是醫療體系中心，更是發電應用、淨水過濾、皇室食物安檢、電腦計算機等專業領域的所在，將軍澳醫院的儀器亦多已搬來，故兵防密佈。公主艾匡每晚前來接受治療。其停車場另挖有深洞陷阱，底部放長鐵刺，用以對付入侵的病者。",
        "radius_m": 260.0,
        "radius_source": "default",
        "coords_source": "locations",
        "coords_evidence": "由 3 個地點分佈推導（精確配對 1 + 同名前綴 2）",
        "range_evidence": "只有 2 個成員點，用按類型嘅預設半徑（估算）",
        "coordinate_confidence": 0.55,
        "coordinate_source": "zone_inference",
        "coordinate_review_status": "needs_validation",
        "spatial_evidence_count": 0,
        "sources": [
          "A6"
        ],
        "source": "bing_gang"
      }
    },
    {
      "type": "Feature",
      "geometry": {
        "type": "Polygon",
        "coordinates": [
          [
            [
              114.251509,
              22.322699
            ],
            [
              114.251483,
              22.323077
            ],
            [
              114.251403,
              22.323448
            ],
            [
              114.251273,
              22.323807
            ],
            [
              114.251093,
              22.324146
            ],
            [
              114.250867,
              22.324461
            ],
            [
              114.250599,
              22.324745
            ],
            [
              114.250293,
              22.324995
            ],
            [
              114.249955,
              22.325205
            ],
            [
              114.24959,
              22.325373
            ],
            [
              114.249205,
              22.325494
            ],
            [
              114.248807,
              22.325568
            ],
            [
              114.248401,
              22.325593
            ],
            [
              114.247995,
              22.325568
            ],
            [
              114.247597,
              22.325494
            ],
            [
              114.247212,
              22.325373
            ],
            [
              114.246847,
              22.325205
            ],
            [
              114.246509,
              22.324995
            ],
            [
              114.246203,
              22.324745
            ],
            [
              114.245935,
              22.324461
            ],
            [
              114.245709,
              22.324146
            ],
            [
              114.245529,
              22.323807
            ],
            [
              114.245399,
              22.323448
            ],
            [
              114.245319,
              22.323077
            ],
            [
              114.245293,
              22.322699
            ],
            [
              114.245319,
              22.322321
            ],
            [
              114.245399,
              22.32195
            ],
            [
              114.245529,
              22.321591
            ],
            [
              114.245709,
              22.321252
            ],
            [
              114.245935,
              22.320937
            ],
            [
              114.246203,
              22.320653
            ],
            [
              114.246509,
              22.320403
            ],
            [
              114.246847,
              22.320193
            ],
            [
              114.247212,
              22.320025
            ],
            [
              114.247597,
              22.319904
            ],
            [
              114.247995,
              22.31983
            ],
            [
              114.248401,
              22.319805
            ],
            [
              114.248807,
              22.31983
            ],
            [
              114.249205,
              22.319904
            ],
            [
              114.24959,
              22.320025
            ],
            [
              114.249955,
              22.320193
            ],
            [
              114.250293,
              22.320403
            ],
            [
              114.250599,
              22.320653
            ],
            [
              114.250867,
              22.320937
            ],
            [
              114.251093,
              22.321252
            ],
            [
              114.251273,
              22.321591
            ],
            [
              114.251403,
              22.32195
            ],
            [
              114.251483,
              22.322321
            ],
            [
              114.251509,
              22.322699
            ]
          ]
        ]
      },
      "properties": {
        "id": "zone_8d2b97997f",
        "name": "心朗村",
        "kind": "survivor",
        "kind_votes": {
          "survivor": 1
        },
        "zone_type": "survivor_zone",
        "status": "unknown",
        "danger_level": 1,
        "spatial_precision": "approximate",
        "display_style": {
          "fill": "--zone-survivor",
          "pattern": "contour",
          "icon": "shield"
        },
        "chapter_refs": [
          139
        ],
        "event_ids": [
          "bg_event_1139",
          "bg_event_1140",
          "bg_event_1141",
          "bg_event_1142",
          "bg_event_1145"
        ],
        "character_ids": [
          "ent_4dab8c5d27",
          "ent_6c288e91c6",
          "ent_d61cc93d26",
          "ent_d9802c063b"
        ],
        "member_location_ids": [
          "loc_0361",
          "loc_0394",
          "loc_0396",
          "loc_0445",
          "loc_0524",
          "loc_0626"
        ],
        "dossier_id": "dossier_8d2b97997f",
        "confidence": 0.4,
        "confidence_inputs": {
          "coord_score": 0.5,
          "dossier_score": 0.0,
          "kind_score": 1.0
        },
        "review_status": "needs_validation",
        "zone_review_status": "needs_validation",
        "schema_version": 2,
        "aliases": [],
        "chapters": [
          139
        ],
        "first_appearance": 139,
        "location_hint": null,
        "government": null,
        "leadership": [],
        "social_structure": null,
        "economy": null,
        "defense": null,
        "population": null,
        "culture": null,
        "notable_features": [],
        "threats": [],
        "summary": "僅在老鄧的回憶中提及的地點，他說自己第一次遇見三腦，正是在心朗村摘完果實的時候被附近的捕獸器夾到。文中未交代心朗村是否一個正式的倖存區，只知其附近有果實可採集。",
        "radius_m": 320.0,
        "radius_source": "default",
        "coords_source": "locations",
        "coords_evidence": "由 1 個地點分佈推導（精確配對 1 + 同名前綴 0）",
        "range_evidence": "只有 1 個成員點，用按類型嘅預設半徑（估算）",
        "coordinate_confidence": 0.55,
        "coordinate_source": "zone_inference",
        "coordinate_review_status": "needs_validation",
        "spatial_evidence_count": 0,
        "sources": [
          "A6"
        ],
        "source": "bing_gang"
      }
    },
    {
      "type": "Feature",
      "geometry": {
        "type": "Polygon",
        "coordinates": [
          [
            [
              114.265203,
              22.306796
            ],
            [
              114.265177,
              22.307174
            ],
            [
              114.265097,
              22.307545
            ],
            [
              114.264967,
              22.307904
            ],
            [
              114.264787,
              22.308243
            ],
            [
              114.264561,
              22.308558
            ],
            [
              114.264293,
              22.308842
            ],
            [
              114.263987,
              22.309092
            ],
            [
              114.263649,
              22.309302
            ],
            [
              114.263284,
              22.30947
            ],
            [
              114.262899,
              22.309591
            ],
            [
              114.262501,
              22.309665
            ],
            [
              114.262095,
              22.30969
            ],
            [
              114.261689,
              22.309665
            ],
            [
              114.261291,
              22.309591
            ],
            [
              114.260906,
              22.30947
            ],
            [
              114.260541,
              22.309302
            ],
            [
              114.260203,
              22.309092
            ],
            [
              114.259897,
              22.308842
            ],
            [
              114.259629,
              22.308558
            ],
            [
              114.259403,
              22.308243
            ],
            [
              114.259223,
              22.307904
            ],
            [
              114.259093,
              22.307545
            ],
            [
              114.259013,
              22.307174
            ],
            [
              114.258987,
              22.306796
            ],
            [
              114.259013,
              22.306418
            ],
            [
              114.259093,
              22.306047
            ],
            [
              114.259223,
              22.305688
            ],
            [
              114.259403,
              22.305349
            ],
            [
              114.259629,
              22.305034
            ],
            [
              114.259897,
              22.30475
            ],
            [
              114.260203,
              22.3045
            ],
            [
              114.260541,
              22.30429
            ],
            [
              114.260906,
              22.304122
            ],
            [
              114.261291,
              22.304001
            ],
            [
              114.261689,
              22.303927
            ],
            [
              114.262095,
              22.303902
            ],
            [
              114.262501,
              22.303927
            ],
            [
              114.262899,
              22.304001
            ],
            [
              114.263284,
              22.304122
            ],
            [
              114.263649,
              22.30429
            ],
            [
              114.263987,
              22.3045
            ],
            [
              114.264293,
              22.30475
            ],
            [
              114.264561,
              22.305034
            ],
            [
              114.264787,
              22.305349
            ],
            [
              114.264967,
              22.305688
            ],
            [
              114.265097,
              22.306047
            ],
            [
              114.265177,
              22.306418
            ],
            [
              114.265203,
              22.306796
            ]
          ]
        ]
      },
      "properties": {
        "id": "zone_71906d0c3d",
        "name": "寶盈花園",
        "kind": "survivor",
        "kind_votes": {
          "survivor": 1
        },
        "zone_type": "survivor_zone",
        "status": "unknown",
        "danger_level": 1,
        "spatial_precision": "approximate",
        "display_style": {
          "fill": "--zone-survivor",
          "pattern": "contour",
          "icon": "shield"
        },
        "chapter_refs": [
          143
        ],
        "event_ids": [
          "bg_event_083",
          "bg_event_1278",
          "bg_event_1358",
          "bg_event_1360",
          "bg_event_1361",
          "bg_event_1372",
          "bg_event_1458",
          "bg_event_1461",
          "bg_event_1489",
          "bg_event_1509",
          "bg_event_1510",
          "bg_event_1511",
          "bg_event_1512",
          "bg_event_1684",
          "bg_event_604",
          "bg_event_682"
        ],
        "character_ids": [
          "ent_21ab52894b",
          "ent_2ce4d2d78f",
          "ent_3f7166ade6",
          "ent_47a73fb582",
          "ent_6c288e91c6",
          "ent_7f6734f51b",
          "ent_8921c909f4",
          "ent_92f5c87f6d",
          "ent_b18b574748",
          "ent_b6ab37e537",
          "ent_b9773b2977",
          "ent_c4afb9384d",
          "ent_dd034941ef",
          "ent_ede3351bbf",
          "ent_fc17012e78"
        ],
        "member_location_ids": [
          "loc_0048",
          "loc_0225",
          "loc_0238",
          "loc_0241",
          "loc_0242",
          "loc_0259",
          "loc_0260",
          "loc_0288",
          "loc_0293",
          "loc_0294",
          "loc_0451",
          "loc_0462",
          "loc_0482",
          "loc_0483",
          "loc_0490",
          "loc_0493",
          "loc_0654"
        ],
        "dossier_id": "dossier_71906d0c3d",
        "confidence": 0.47,
        "confidence_inputs": {
          "coord_score": 0.5,
          "dossier_score": 0.1667,
          "kind_score": 1.0
        },
        "review_status": "auto_inferred",
        "zone_review_status": "auto_inferred",
        "schema_version": 2,
        "aliases": [
          "寶盈中立的小型倖存區",
          "寶盈倖存區"
        ],
        "chapters": [
          143
        ],
        "first_appearance": 143,
        "location_hint": null,
        "government": null,
        "leadership": [],
        "social_structure": null,
        "economy": null,
        "defense": null,
        "population": "四十八人（全被滿天殺害）",
        "culture": null,
        "notable_features": [],
        "threats": [
          "不良人派出的間諜（據稱已混入洗底）"
        ],
        "summary": "一個中立的細型倖存區，因不良人派出的間諜在此洗底，滿天為免大本營受襲，戴防毒面具以催眠瓦斯彈弄暈全區，再逐家逐戶將四十八人全部殺掉。這是他背負四十八條人命的起點，亦使他自此再也笑不出來。事後不良人被迫暫時中斷進攻大本營的計劃。",
        "radius_m": 320.0,
        "radius_source": "default",
        "coords_source": "locations_prefix",
        "coords_evidence": "由 1 個同名前綴地點分佈推導（loc_0462）",
        "range_evidence": "只有 1 個成員點，用按類型嘅預設半徑（估算）",
        "coordinate_confidence": 0.55,
        "coordinate_source": "zone_inference",
        "coordinate_review_status": "needs_validation",
        "spatial_evidence_count": 0,
        "sources": [
          "A6"
        ],
        "source": "bing_gang"
      }
    },
    {
      "type": "Feature",
      "geometry": {
        "type": "Polygon",
        "coordinates": [
          [
            [
              114.24989,
              22.305603
            ],
            [
              114.253965,
              22.303405
            ],
            [
              114.255122,
              22.307591
            ],
            [
              114.24989,
              22.305603
            ]
          ]
        ]
      },
      "properties": {
        "id": "zone_fd96bd24d8",
        "name": "康城二期倖存區",
        "kind": "survivor",
        "kind_votes": {
          "survivor": 1
        },
        "zone_type": "survivor_zone",
        "status": "unknown",
        "danger_level": 1,
        "spatial_precision": "verified",
        "display_style": {
          "fill": "--zone-survivor",
          "pattern": "contour",
          "icon": "shield"
        },
        "chapter_refs": [
          151,
          154,
          155,
          157,
          158
        ],
        "event_ids": [
          "bg_event_021",
          "bg_event_1047",
          "bg_event_1049",
          "bg_event_1050",
          "bg_event_1051",
          "bg_event_1053",
          "bg_event_1054",
          "bg_event_1055",
          "bg_event_1056",
          "bg_event_1112",
          "bg_event_112",
          "bg_event_1163",
          "bg_event_1350",
          "bg_event_1354",
          "bg_event_1356",
          "bg_event_1367",
          "bg_event_1373",
          "bg_event_1378",
          "bg_event_1379",
          "bg_event_1392",
          "bg_event_1462",
          "bg_event_1470",
          "bg_event_1471",
          "bg_event_1472",
          "bg_event_1478",
          "bg_event_1483",
          "bg_event_1494",
          "bg_event_1513",
          "bg_event_1531",
          "bg_event_1535",
          "bg_event_1542",
          "bg_event_1543",
          "bg_event_1549",
          "bg_event_1551",
          "bg_event_1604",
          "bg_event_1672",
          "bg_event_454",
          "bg_event_567",
          "bg_event_570",
          "bg_event_601",
          "bg_event_603",
          "bg_event_646",
          "bg_event_647",
          "bg_event_648",
          "bg_event_649",
          "bg_event_658",
          "bg_event_680",
          "bg_event_683",
          "bg_event_685",
          "bg_event_686",
          "bg_event_687",
          "bg_event_693",
          "bg_event_726",
          "bg_event_733",
          "bg_event_747",
          "bg_event_763",
          "bg_event_768",
          "bg_event_782",
          "bg_event_845",
          "bg_event_909",
          "bg_event_939",
          "bg_event_976",
          "bg_event_989"
        ],
        "character_ids": [
          "ent_0314d499b9",
          "ent_05b1ee1378",
          "ent_09b0ade3b9",
          "ent_0ad2def3f5",
          "ent_1a9762c26d",
          "ent_21ab52894b",
          "ent_2ce4d2d78f",
          "ent_3c0413f11b",
          "ent_45be82697d",
          "ent_47a73fb582",
          "ent_50c9d96121",
          "ent_5b01a8d7ca",
          "ent_6c288e91c6",
          "ent_7f6734f51b",
          "ent_82a21d93ae",
          "ent_8921c909f4",
          "ent_92f5c87f6d",
          "ent_970c603b4f",
          "ent_9e3e6a6beb",
          "ent_ac57edddaa",
          "ent_b14b0605ce",
          "ent_b18b574748",
          "ent_b6ab37e537",
          "ent_b9773b2977",
          "ent_c4afb9384d",
          "ent_d460958c66",
          "ent_da5ac3f022",
          "ent_dd034941ef",
          "ent_e3d589126a",
          "ricky"
        ],
        "member_location_ids": [
          "loc_0015",
          "loc_0047",
          "loc_0056",
          "loc_0057",
          "loc_0058",
          "loc_0131",
          "loc_0146",
          "loc_0186",
          "loc_0203",
          "loc_0204",
          "loc_0205",
          "loc_0206",
          "loc_0208",
          "loc_0233",
          "loc_0240",
          "loc_0246",
          "loc_0256",
          "loc_0280",
          "loc_0292",
          "loc_0313",
          "loc_0326",
          "loc_0333",
          "loc_0357",
          "loc_0408",
          "loc_0413",
          "loc_0420",
          "loc_0480",
          "loc_0486",
          "loc_0488",
          "loc_0492",
          "loc_0495",
          "loc_0551",
          "loc_0574",
          "loc_0587",
          "loc_0589",
          "loc_0591",
          "loc_0647",
          "loc_0713"
        ],
        "dossier_id": "dossier_fd96bd24d8",
        "confidence": 0.8,
        "confidence_inputs": {
          "coord_score": 1.0,
          "dossier_score": 0.5,
          "kind_score": 1.0
        },
        "review_status": "auto_inferred",
        "zone_review_status": "auto_inferred",
        "schema_version": 2,
        "aliases": [
          "康城二期",
          "日出康城二期"
        ],
        "chapters": [
          151,
          154,
          155,
          157,
          158
        ],
        "first_appearance": 151,
        "location_hint": "日出康城二期一帶",
        "government": "由二期六位大樓領導人代表，屬「十二元老會」一半；與一期長期對立，關係如泛民派對建制派",
        "leadership": [
          "森威克",
          "陸軒"
        ],
        "social_structure": "每幢樓一位領導人，共六位；居民與一期對立，兩派為爭奪「金鷹頭」互相暗殺",
        "economy": null,
        "defense": null,
        "population": null,
        "culture": "娛樂場所集中，有私人酒吧、二期會所與KTV館，居民生活放縱享樂",
        "notable_features": [
          "私人酒吧",
          "二期會所",
          "KTV館",
          "Sona 居住的單位"
        ],
        "threats": [
          "一期派來的間諜（董倫）",
          "暗殺"
        ],
        "summary": "日出康城二期一帶的倖存區，與一期同屬康城倖存區但長期對立，關係如泛民派對建制派。二期有六位大樓領導人，屬「十二元老會」一半。區內娛樂場所集中，有私人酒吧、會所與KTV館；輪椅少女Sona的單位、KTV館屠殺案與密室皆在此發生。二期元老森威克遭一期間諜董倫以燃燒彈殺死，KTV館更被董倫血洗，成為兩派內鬥的犧牲品。",
        "radius_m": 319.4,
        "radius_source": "members",
        "coords_source": "locations",
        "coords_evidence": "由 5 個地點分佈推導（精確配對 1 + 同名前綴 4）",
        "range_evidence": "由 4 個成員地點嘅凸包 + 200 m 外擴",
        "coordinate_confidence": 0.95,
        "coordinate_source": "cross_chapter_evidence",
        "coordinate_review_status": "auto_corrected",
        "spatial_evidence_count": 9,
        "sources": [
          "A7"
        ],
        "source": "bing_gang"
      }
    },
    {
      "type": "Feature",
      "geometry": {
        "type": "Polygon",
        "coordinates": [
          [
            [
              114.249907,
              22.305913
            ],
            [
              114.251166,
              22.304146
            ],
            [
              114.253036,
              22.303265
            ],
            [
              114.253916,
              22.303297
            ],
            [
              114.255832,
              22.305085
            ],
            [
              114.255709,
              22.306326
            ],
            [
              114.254527,
              22.308001
            ],
            [
              114.249907,
              22.305913
            ]
          ]
        ]
      },
      "properties": {
        "id": "zone_3dbd872a01",
        "name": "康城倖存區",
        "kind": "survivor",
        "kind_votes": {
          "survivor": 2
        },
        "zone_type": "survivor_zone",
        "status": "unknown",
        "danger_level": 1,
        "spatial_precision": "verified",
        "display_style": {
          "fill": "--zone-survivor",
          "pattern": "contour",
          "icon": "shield"
        },
        "chapter_refs": [
          151,
          152,
          153,
          155,
          156,
          158,
          159,
          162,
          164,
          165,
          166,
          181,
          191,
          195
        ],
        "event_ids": [],
        "character_ids": [],
        "member_location_ids": [
          "loc_0545",
          "loc_0547"
        ],
        "dossier_id": "dossier_3dbd872a01",
        "confidence": 1.0,
        "confidence_inputs": {
          "coord_score": 1.0,
          "dossier_score": 1.0,
          "kind_score": 1.0
        },
        "review_status": "validated",
        "zone_review_status": "validated",
        "schema_version": 2,
        "aliases": [
          "康城",
          "日出康城",
          "康城一期倖存區",
          "康城區"
        ],
        "chapters": [
          151,
          152,
          153,
          155,
          156,
          158,
          159,
          162,
          164,
          165,
          166,
          181,
          191,
          195
        ],
        "first_appearance": 151,
        "location_hint": "將軍澳日出康城一帶，康城一期",
        "government": "由「十二元老會」管治：康城一期六位、二期六位大樓領導人，十二人互選出最高決策人「金鷹頭」；十二元老被殺後由明雲繼承領導",
        "leadership": [
          "明雲",
          "明霧（明哥）",
          "董倫",
          "巴力"
        ],
        "social_structure": "每幢大樓由居民選出一位領導人（類似議員），十二位領導人組成「十二元老會」，再互選「金鷹頭」；居民多為中上階層專業人士",
        "economy": "自給自足，靠自製發電機、濾水器、熱火爐與工程師技術維持；不與外界往來，後期以「貢獻值」換取皮鞋、手錶、自行車等奢侈品",
        "defense": "設短波通訊設備，並有前天氣分析師、技術專員與大學氣象學家負責天氣監測",
        "population": "約一百多人",
        "culture": "居民多為高學歷知識份子，重視享樂、自我實現與工作熱情；有讀書會、音樂、唱片機、燒烤派對、心理診所與病學研究",
        "notable_features": [
          "康城地鐵站（糧食庫、電機裝置）",
          "私人會所",
          "KTV館",
          "保安室",
          "資訊室／電腦室",
          "醫療室",
          "圖書館",
          "廣場燒烤區",
          "面海花園",
          "短波通訊設備（少佐離開時由明雲所贈）",
          "康城"
        ],
        "threats": [
          "病獸",
          "不法者",
          "董倫",
          "病者"
        ],
        "summary": "將軍澳日出康城的倖存聚居地，分一期與二期，樓宇如城牆般包圍中心。全盛時由「十二元老會」管治，每幢樓選出一位領導人，再互選手握金鷹頭拐杖的最高決策人。居民多為中上階層專業人士，自製發電機、濾水器、熱火爐，生活優悠，不與外界往來。十二元老被董倫槍殺後由明雲繼承。防守鬆懈，僅靠零星哨兵與閉路電視，終遭不法者與病獸威脅。",
        "radius_m": 373.6,
        "radius_source": "members",
        "coords_source": "locations",
        "coords_evidence": "由 25 個地點分佈推導（精確配對 1 + 同名前綴 24）",
        "range_evidence": "由 11 個成員地點嘅凸包 + 200 m 外擴",
        "coordinate_confidence": 0.95,
        "coordinate_source": "cross_chapter_evidence",
        "coordinate_review_status": "auto_corrected",
        "spatial_evidence_count": 0,
        "sources": [
          "A7",
          "A8"
        ],
        "source": "bing_gang"
      }
    },
    {
      "type": "Feature",
      "geometry": {
        "type": "Polygon",
        "coordinates": [
          [
            [
              114.27654,
              22.281868
            ],
            [
              114.276519,
              22.282175
            ],
            [
              114.276454,
              22.282477
            ],
            [
              114.276348,
              22.282768
            ],
            [
              114.276202,
              22.283044
            ],
            [
              114.276019,
              22.283299
            ],
            [
              114.275801,
              22.283531
            ],
            [
              114.275552,
              22.283734
            ],
            [
              114.275278,
              22.283904
            ],
            [
              114.274981,
              22.28404
            ],
            [
              114.274669,
              22.284139
            ],
            [
              114.274345,
              22.284199
            ],
            [
              114.274015,
              22.284219
            ],
            [
              114.273685,
              22.284199
            ],
            [
              114.273361,
              22.284139
            ],
            [
              114.273049,
              22.28404
            ],
            [
              114.272752,
              22.283904
            ],
            [
              114.272478,
              22.283734
            ],
            [
              114.272229,
              22.283531
            ],
            [
              114.272011,
              22.283299
            ],
            [
              114.271828,
              22.283044
            ],
            [
              114.271682,
              22.282768
            ],
            [
              114.271576,
              22.282477
            ],
            [
              114.271511,
              22.282175
            ],
            [
              114.27149,
              22.281868
            ],
            [
              114.271511,
              22.281561
            ],
            [
              114.271576,
              22.281259
            ],
            [
              114.271682,
              22.280968
            ],
            [
              114.271828,
              22.280692
            ],
            [
              114.272011,
              22.280437
            ],
            [
              114.272229,
              22.280205
            ],
            [
              114.272478,
              22.280002
            ],
            [
              114.272752,
              22.279832
            ],
            [
              114.273049,
              22.279696
            ],
            [
              114.273361,
              22.279597
            ],
            [
              114.273685,
              22.279537
            ],
            [
              114.274015,
              22.279517
            ],
            [
              114.274345,
              22.279537
            ],
            [
              114.274669,
              22.279597
            ],
            [
              114.274981,
              22.279696
            ],
            [
              114.275278,
              22.279832
            ],
            [
              114.275552,
              22.280002
            ],
            [
              114.275801,
              22.280205
            ],
            [
              114.276019,
              22.280437
            ],
            [
              114.276202,
              22.280692
            ],
            [
              114.276348,
              22.280968
            ],
            [
              114.276454,
              22.281259
            ],
            [
              114.276519,
              22.281561
            ],
            [
              114.27654,
              22.281868
            ]
          ]
        ]
      },
      "properties": {
        "id": "zone_dc65269329",
        "name": "不法者監獄",
        "kind": "outpost",
        "kind_votes": {
          "outpost": 1
        },
        "zone_type": "contested",
        "status": "unknown",
        "danger_level": 3,
        "spatial_precision": "approximate",
        "display_style": {
          "fill": "--zone-contested",
          "pattern": "contour",
          "icon": "crossed-swords"
        },
        "chapter_refs": [
          153,
          158,
          159,
          162,
          163
        ],
        "event_ids": [
          "bg_event_1459",
          "bg_event_1475",
          "bg_event_1482",
          "bg_event_1505"
        ],
        "character_ids": [
          "ent_1a9762c26d",
          "ent_2ce4d2d78f",
          "ent_47a73fb582",
          "ent_5d2c86cc3b",
          "ent_92f5c87f6d"
        ],
        "member_location_ids": [
          "loc_0550",
          "loc_0552"
        ],
        "dossier_id": "dossier_dc65269329",
        "confidence": 0.73,
        "confidence_inputs": {
          "coord_score": 0.5,
          "dossier_score": 0.8333,
          "kind_score": 1.0
        },
        "review_status": "auto_inferred",
        "zone_review_status": "auto_inferred",
        "schema_version": 2,
        "aliases": [
          "仁興工業大廈",
          "不法者之獄",
          "不法者總部",
          "不法者基地"
        ],
        "chapters": [
          153,
          158,
          159,
          162,
          163
        ],
        "first_appearance": 153,
        "location_hint": "將軍澳工業邨，仁興工業大廈",
        "government": "原為康城倖存區設立的監獄，由獄長巴力管理；後被逃獄的不法者佔據作根據地",
        "leadership": [
          "巴力（前獄長）"
        ],
        "social_structure": "下層為大監倉（囚禁一般犯），上層為單獨監房（專門囚禁危險暴力犯與高智慧罪犯）",
        "economy": null,
        "defense": "外牆原應堅固得連貨車也撞不爛，後被病獸撞穿大洞；監房鐵門一閂即自動上鎖",
        "population": "曾囚禁數十名不法者",
        "culture": "牆身寫滿血書復仇字句、刻劃服刑日數、以排泄物塗滿房間，是過往監倉瘋狂的證明",
        "notable_features": [
          "大監倉",
          "單獨監房",
          "破洞外牆",
          "上鎖的監房鐵門"
        ],
        "threats": [
          "病獸",
          "大眼",
          "病牙",
          "逃獄的不法者"
        ],
        "summary": "位於將軍澳工業邨仁興工業大廈，原為康城倖存區為囚禁罪犯而改建的監獄，由獄長巴力管理。下層是大監倉，上層為單獨監房，專門囚禁危險暴力犯與高智慧罪犯。十二元老死後，明雲設宴用麻痺藥物一網打盡搞事份子，將他們囚於此。半年後停止供糧，任其餓死。其後Sona引病獸撞穿外牆，不法者逃獄，監獄反成他們的根據地。",
        "radius_m": 260.0,
        "radius_source": "default",
        "coords_source": "locations",
        "coords_evidence": "由 2 個地點分佈推導（精確配對 1 + 同名前綴 1）",
        "range_evidence": "只有 1 個成員點，用按類型嘅預設半徑（估算）",
        "coordinate_confidence": 0.55,
        "coordinate_source": "zone_inference",
        "coordinate_review_status": "needs_validation",
        "spatial_evidence_count": 3,
        "sources": [
          "A7"
        ],
        "source": "bing_gang"
      }
    },
    {
      "type": "Feature",
      "geometry": {
        "type": "Polygon",
        "coordinates": [
          [
            [
              114.255846,
              22.305875
            ],
            [
              114.255825,
              22.306182
            ],
            [
              114.25576,
              22.306484
            ],
            [
              114.255654,
              22.306775
            ],
            [
              114.255508,
              22.307051
            ],
            [
              114.255325,
              22.307306
            ],
            [
              114.255107,
              22.307538
            ],
            [
              114.254858,
              22.307741
            ],
            [
              114.254584,
              22.307911
            ],
            [
              114.254287,
              22.308047
            ],
            [
              114.253975,
              22.308146
            ],
            [
              114.253651,
              22.308206
            ],
            [
              114.253321,
              22.308226
            ],
            [
              114.252991,
              22.308206
            ],
            [
              114.252667,
              22.308146
            ],
            [
              114.252355,
              22.308047
            ],
            [
              114.252058,
              22.307911
            ],
            [
              114.251784,
              22.307741
            ],
            [
              114.251535,
              22.307538
            ],
            [
              114.251317,
              22.307306
            ],
            [
              114.251134,
              22.307051
            ],
            [
              114.250988,
              22.306775
            ],
            [
              114.250882,
              22.306484
            ],
            [
              114.250817,
              22.306182
            ],
            [
              114.250796,
              22.305875
            ],
            [
              114.250817,
              22.305568
            ],
            [
              114.250882,
              22.305266
            ],
            [
              114.250988,
              22.304975
            ],
            [
              114.251134,
              22.304699
            ],
            [
              114.251317,
              22.304444
            ],
            [
              114.251535,
              22.304212
            ],
            [
              114.251784,
              22.304009
            ],
            [
              114.252058,
              22.303839
            ],
            [
              114.252355,
              22.303703
            ],
            [
              114.252667,
              22.303604
            ],
            [
              114.252991,
              22.303544
            ],
            [
              114.253321,
              22.303524
            ],
            [
              114.253651,
              22.303544
            ],
            [
              114.253975,
              22.303604
            ],
            [
              114.254287,
              22.303703
            ],
            [
              114.254584,
              22.303839
            ],
            [
              114.254858,
              22.304009
            ],
            [
              114.255107,
              22.304212
            ],
            [
              114.255325,
              22.304444
            ],
            [
              114.255508,
              22.304699
            ],
            [
              114.255654,
              22.304975
            ],
            [
              114.25576,
              22.305266
            ],
            [
              114.255825,
              22.305568
            ],
            [
              114.255846,
              22.305875
            ]
          ]
        ]
      },
      "properties": {
        "id": "zone_4ba70c4d20",
        "name": "Eagle 酒吧",
        "kind": "outpost",
        "kind_votes": {
          "outpost": 1
        },
        "zone_type": "contested",
        "status": "unknown",
        "danger_level": 3,
        "spatial_precision": "approximate",
        "display_style": {
          "fill": "--zone-contested",
          "pattern": "contour",
          "icon": "crossed-swords"
        },
        "chapter_refs": [
          160,
          161,
          165,
          166
        ],
        "event_ids": [],
        "character_ids": [],
        "member_location_ids": [],
        "dossier_id": "dossier_4ba70c4d20",
        "confidence": 0.6,
        "confidence_inputs": {
          "coord_score": 0.5,
          "dossier_score": 0.5,
          "kind_score": 1.0
        },
        "review_status": "auto_inferred",
        "zone_review_status": "auto_inferred",
        "schema_version": 2,
        "aliases": [
          "Eagle",
          "小酒吧"
        ],
        "chapters": [
          160,
          161,
          165,
          166
        ],
        "first_appearance": 160,
        "location_hint": "康城一期與二期交界之間",
        "government": "由陸軒開設及經營；陸軒死後荒廢，成為董倫最後的棲身地",
        "leadership": [
          "陸軒",
          "董倫"
        ],
        "social_structure": null,
        "economy": "賣酒為主（威士忌、雞尾酒、清酒、伏特加等）",
        "defense": null,
        "population": null,
        "culture": "店名「Eagle」，老闆兼任酒保，期望康城一期與二期的倖存者能坐在一起愉快喝酒",
        "notable_features": [
          "酒吧檯",
          "點唱機",
          "貼牆沙發",
          "秘密武器房（槍械、子彈藍圖）"
        ],
        "threats": [
          "明哥派來的殺手"
        ],
        "summary": "位於康城一期與二期交界之間的小酒吧，由陸軒經營，店名「Eagle」，只有一千多呎，有一張貼牆沙發、酒吧檯與點唱機，期望一期與二期的倖存者能坐在一起喝酒。陸軒被處死後酒吧荒廢，董倫常來此喝酒，最後亦在此毒發身亡，臨終前遇上病者北賢並將之重創。",
        "radius_m": 260.0,
        "radius_source": "default",
        "coords_source": "locations",
        "coords_evidence": "由 1 個地點分佈推導（精確配對 1 + 同名前綴 0）",
        "range_evidence": "只有 1 個成員點，用按類型嘅預設半徑（估算）",
        "coordinate_confidence": 0.55,
        "coordinate_source": "zone_inference",
        "coordinate_review_status": "needs_validation",
        "spatial_evidence_count": 0,
        "sources": [
          "A7"
        ],
        "source": "bing_gang"
      }
    },
    {
      "type": "Feature",
      "geometry": {
        "type": "Polygon",
        "coordinates": [
          [
            [
              114.258935,
              22.335241
            ],
            [
              114.258917,
              22.335501
            ],
            [
              114.258862,
              22.335756
            ],
            [
              114.258772,
              22.336002
            ],
            [
              114.258649,
              22.336236
            ],
            [
              114.258493,
              22.336452
            ],
            [
              114.258309,
              22.336648
            ],
            [
              114.258099,
              22.33682
            ],
            [
              114.257866,
              22.336964
            ],
            [
              114.257616,
              22.337079
            ],
            [
              114.257351,
              22.337163
            ],
            [
              114.257077,
              22.337214
            ],
            [
              114.256798,
              22.337231
            ],
            [
              114.256519,
              22.337214
            ],
            [
              114.256245,
              22.337163
            ],
            [
              114.25598,
              22.337079
            ],
            [
              114.25573,
              22.336964
            ],
            [
              114.255497,
              22.33682
            ],
            [
              114.255287,
              22.336648
            ],
            [
              114.255103,
              22.336452
            ],
            [
              114.254947,
              22.336236
            ],
            [
              114.254824,
              22.336002
            ],
            [
              114.254734,
              22.335756
            ],
            [
              114.254679,
              22.335501
            ],
            [
              114.254661,
              22.335241
            ],
            [
              114.254679,
              22.334981
            ],
            [
              114.254734,
              22.334726
            ],
            [
              114.254824,
              22.33448
            ],
            [
              114.254947,
              22.334246
            ],
            [
              114.255103,
              22.33403
            ],
            [
              114.255287,
              22.333834
            ],
            [
              114.255497,
              22.333662
            ],
            [
              114.25573,
              22.333518
            ],
            [
              114.25598,
              22.333403
            ],
            [
              114.256245,
              22.333319
            ],
            [
              114.256519,
              22.333268
            ],
            [
              114.256798,
              22.333251
            ],
            [
              114.257077,
              22.333268
            ],
            [
              114.257351,
              22.333319
            ],
            [
              114.257616,
              22.333403
            ],
            [
              114.257866,
              22.333518
            ],
            [
              114.258099,
              22.333662
            ],
            [
              114.258309,
              22.333834
            ],
            [
              114.258493,
              22.33403
            ],
            [
              114.258649,
              22.334246
            ],
            [
              114.258772,
              22.33448
            ],
            [
              114.258862,
              22.334726
            ],
            [
              114.258917,
              22.334981
            ],
            [
              114.258935,
              22.335241
            ]
          ]
        ]
      },
      "properties": {
        "id": "zone_3c22142525",
        "name": "魔鬼山林中古宅",
        "kind": "nest",
        "kind_votes": {
          "nest": 1
        },
        "zone_type": "infected_nest",
        "status": "collapsed",
        "danger_level": 4,
        "spatial_precision": "approximate",
        "display_style": {
          "fill": "--zone-nest",
          "pattern": "hatch",
          "icon": "virus"
        },
        "chapter_refs": [
          167,
          169,
          170,
          171,
          172
        ],
        "event_ids": [
          "bg_event_1563",
          "bg_event_1568",
          "bg_event_1580",
          "bg_event_1581",
          "bg_event_1586",
          "bg_event_1594",
          "bg_event_1595",
          "bg_event_1596",
          "bg_event_1597",
          "bg_event_1600"
        ],
        "character_ids": [
          "ent_21ab52894b",
          "ent_44e0caeaf3",
          "ent_891585b96f",
          "ent_b11ee807ef",
          "ent_b6ab37e537",
          "ent_dd034941ef"
        ],
        "member_location_ids": [
          "loc_0598",
          "loc_0599",
          "loc_0603",
          "loc_0604",
          "loc_0607"
        ],
        "dossier_id": "dossier_3c22142525",
        "confidence": 0.8,
        "confidence_inputs": {
          "coord_score": 0.5,
          "dossier_score": 1.0,
          "kind_score": 1.0
        },
        "review_status": "auto_inferred",
        "zone_review_status": "auto_inferred",
        "schema_version": 2,
        "aliases": [
          "林中別墅",
          "林中古宅",
          "余智海別墅"
        ],
        "chapters": [
          167,
          169,
          170,
          171,
          172
        ],
        "first_appearance": 167,
        "location_hint": "將軍澳魔鬼山林中",
        "government": "無；原為病毒學家余智海博士的住所，後被竊屍賊與病爪佔據",
        "leadership": [],
        "social_structure": "七隻戴紅橙黃綠青藍紫冷帽的竊屍賊聚居大廳，二樓有睡房與病爪",
        "economy": null,
        "defense": "被圍牆包圍，可爬欄或由大閘進入；大廳地毯下藏有地下室秘門",
        "population": "七隻竊屍賊、至少一隻病爪",
        "culture": "竊屍賊會圍觀《白雪公主》兒童圖書，學習人類文化",
        "notable_features": [
          "圍牆",
          "大廳",
          "惡夢廚房",
          "地下室（研究室）",
          "女孩房間",
          "古式座鐘",
          "後花園捕獸器"
        ],
        "threats": [
          "竊屍賊",
          "病爪",
          "南愚",
          "北賢"
        ],
        "summary": "位於將軍澳魔鬼山林中的歐式別墅，原是病毒學家余智海博士的住所，四周樹木枯死、死氣沉沉。飛虎隊曾在此與病童、病牙、舞者激戰，不破尚與余智海在地下研究室交手。事後古宅被七隻戴七彩冷帽的竊屍賊佔據，大廳有《白雪公主》圖書，二樓有女孩房間與病爪。南愚最終縱火，古宅在爆炸中全毀。",
        "radius_m": 220.0,
        "radius_source": "default",
        "coords_source": "locations",
        "coords_evidence": "由 2 個地點分佈推導（精確配對 1 + 同名前綴 1）",
        "range_evidence": "只有 2 個成員點，用按類型嘅預設半徑（估算）",
        "coordinate_confidence": 0.55,
        "coordinate_source": "zone_inference",
        "coordinate_review_status": "needs_validation",
        "spatial_evidence_count": 10,
        "sources": [
          "A7"
        ],
        "source": "bing_gang"
      }
    },
    {
      "type": "Feature",
      "geometry": {
        "type": "Polygon",
        "coordinates": [
          [
            [
              114.270808,
              22.326029
            ],
            [
              114.270787,
              22.326336
            ],
            [
              114.270722,
              22.326638
            ],
            [
              114.270616,
              22.326929
            ],
            [
              114.27047,
              22.327205
            ],
            [
              114.270286,
              22.327461
            ],
            [
              114.270069,
              22.327692
            ],
            [
              114.26982,
              22.327895
            ],
            [
              114.269546,
              22.328065
            ],
            [
              114.269249,
              22.328202
            ],
            [
              114.268937,
              22.3283
            ],
            [
              114.268612,
              22.32836
            ],
            [
              114.268283,
              22.328381
            ],
            [
              114.267953,
              22.32836
            ],
            [
              114.267629,
              22.3283
            ],
            [
              114.267316,
              22.328202
            ],
            [
              114.26702,
              22.328065
            ],
            [
              114.266745,
              22.327895
            ],
            [
              114.266497,
              22.327692
            ],
            [
              114.266279,
              22.327461
            ],
            [
              114.266096,
              22.327205
            ],
            [
              114.26595,
              22.326929
            ],
            [
              114.265843,
              22.326638
            ],
            [
              114.265779,
              22.326336
            ],
            [
              114.265757,
              22.326029
            ],
            [
              114.265779,
              22.325722
            ],
            [
              114.265843,
              22.32542
            ],
            [
              114.26595,
              22.325129
            ],
            [
              114.266096,
              22.324853
            ],
            [
              114.266279,
              22.324598
            ],
            [
              114.266497,
              22.324366
            ],
            [
              114.266745,
              22.324164
            ],
            [
              114.26702,
              22.323993
            ],
            [
              114.267316,
              22.323857
            ],
            [
              114.267629,
              22.323758
            ],
            [
              114.267953,
              22.323698
            ],
            [
              114.268283,
              22.323678
            ],
            [
              114.268612,
              22.323698
            ],
            [
              114.268937,
              22.323758
            ],
            [
              114.269249,
              22.323857
            ],
            [
              114.269546,
              22.323993
            ],
            [
              114.26982,
              22.324164
            ],
            [
              114.270069,
              22.324366
            ],
            [
              114.270286,
              22.324598
            ],
            [
              114.27047,
              22.324853
            ],
            [
              114.270616,
              22.325129
            ],
            [
              114.270722,
              22.32542
            ],
            [
              114.270787,
              22.325722
            ],
            [
              114.270808,
              22.326029
            ]
          ]
        ]
      },
      "properties": {
        "id": "zone_2dd9d2ab58",
        "name": "病獵學院",
        "kind": "outpost",
        "kind_votes": {
          "outpost": 1
        },
        "zone_type": "contested",
        "status": "unknown",
        "danger_level": 3,
        "spatial_precision": "approximate",
        "display_style": {
          "fill": "--zone-contested",
          "pattern": "contour",
          "icon": "crossed-swords"
        },
        "chapter_refs": [
          176,
          194,
          195
        ],
        "event_ids": [
          "bg_event_1422"
        ],
        "character_ids": [
          "ent_05b1ee1378"
        ],
        "member_location_ids": [
          "loc_0528",
          "loc_0692"
        ],
        "dossier_id": "dossier_2dd9d2ab58",
        "confidence": 0.67,
        "confidence_inputs": {
          "coord_score": 0.5,
          "dossier_score": 0.6667,
          "kind_score": 1.0
        },
        "review_status": "auto_inferred",
        "zone_review_status": "auto_inferred",
        "schema_version": 2,
        "aliases": [
          "病獵學堂",
          "病者學院",
          "病獵公會培訓學校"
        ],
        "chapters": [
          176,
          194,
          195
        ],
        "first_appearance": 176,
        "location_hint": "位於東華三院呂潤財紀念中學和仁濟醫院靚次伯紀念中學這兩個區域",
        "government": "由病獵公會開辦，皇室支持",
        "leadership": [
          "王達尼（校監）",
          "賴桑（訓導主任）",
          "奎斯（導師）",
          "瑜小六（病者學教授）"
        ],
        "social_structure": "其中一間校舍提供學生宿舍；學員需學習一切生存技能和基本知識，包括至少七種繩索綁法",
        "economy": "以免費宿舍和糧食吸引人加入病獵公會；老師一日工資約三十五艾幣",
        "defense": null,
        "population": null,
        "culture": "以培訓病獵人才為目標，規模比大本營的小課室大得多",
        "notable_features": [
          "學生宿舍",
          "學室"
        ],
        "threats": [],
        "summary": "由病獵公會開辦、皇室支持的培訓學校，位於東華三院呂潤財紀念中學和仁濟醫院靚次伯紀念中學兩個區域，其中一間提供學生宿舍。王達尼為校監，賴桑為訓導主任，奎斯任導師，瑜小六應邀出任「病者學」教授。學員需學習一切生存技能和基本知識。",
        "radius_m": 260.0,
        "radius_source": "default",
        "coords_source": "locations",
        "coords_evidence": "由 1 個地點分佈推導（精確配對 1 + 同名前綴 0）",
        "range_evidence": "只有 1 個成員點，用按類型嘅預設半徑（估算）",
        "coordinate_confidence": 0.55,
        "coordinate_source": "zone_inference",
        "coordinate_review_status": "needs_validation",
        "spatial_evidence_count": 0,
        "sources": [
          "A8"
        ],
        "source": "bing_gang"
      }
    },
    {
      "type": "Feature",
      "geometry": {
        "type": "Polygon",
        "coordinates": [
          [
            [
              114.251053,
              22.310077
            ],
            [
              114.254021,
              22.303934
            ],
            [
              114.254815,
              22.305176
            ],
            [
              114.251053,
              22.310077
            ]
          ]
        ]
      },
      "properties": {
        "id": "zone_24f0592ad1",
        "name": "病獵公會聖堂",
        "kind": "outpost",
        "kind_votes": {
          "outpost": 1
        },
        "zone_type": "contested",
        "status": "unknown",
        "danger_level": 3,
        "spatial_precision": "verified",
        "display_style": {
          "fill": "--zone-contested",
          "pattern": "contour",
          "icon": "crossed-swords"
        },
        "chapter_refs": [
          177,
          178,
          180,
          186,
          195
        ],
        "event_ids": [
          "bg_event_004",
          "bg_event_006",
          "bg_event_007",
          "bg_event_009",
          "bg_event_010",
          "bg_event_012",
          "bg_event_013",
          "bg_event_014",
          "bg_event_015",
          "bg_event_016",
          "bg_event_023",
          "bg_event_024",
          "bg_event_025",
          "bg_event_031",
          "bg_event_032",
          "bg_event_033",
          "bg_event_034",
          "bg_event_035",
          "bg_event_036",
          "bg_event_038",
          "bg_event_039",
          "bg_event_066",
          "bg_event_068",
          "bg_event_070",
          "bg_event_071",
          "bg_event_072",
          "bg_event_073",
          "bg_event_075",
          "bg_event_077",
          "bg_event_078",
          "bg_event_079",
          "bg_event_080",
          "bg_event_081",
          "bg_event_082",
          "bg_event_089",
          "bg_event_091",
          "bg_event_092",
          "bg_event_093",
          "bg_event_094",
          "bg_event_095",
          "bg_event_096",
          "bg_event_097",
          "bg_event_098",
          "bg_event_1001",
          "bg_event_1002",
          "bg_event_1003",
          "bg_event_101",
          "bg_event_1010",
          "bg_event_1016",
          "bg_event_1017",
          "bg_event_1020",
          "bg_event_1023",
          "bg_event_1024",
          "bg_event_1025",
          "bg_event_1026",
          "bg_event_1027",
          "bg_event_1030",
          "bg_event_1041",
          "bg_event_1044",
          "bg_event_1045",
          "bg_event_1046",
          "bg_event_1048",
          "bg_event_105",
          "bg_event_1052",
          "bg_event_1057",
          "bg_event_1058",
          "bg_event_1060",
          "bg_event_1061",
          "bg_event_1062",
          "bg_event_1064",
          "bg_event_1067",
          "bg_event_107",
          "bg_event_1078",
          "bg_event_1079",
          "bg_event_108",
          "bg_event_1080",
          "bg_event_1081",
          "bg_event_1082",
          "bg_event_109",
          "bg_event_110",
          "bg_event_111",
          "bg_event_1113",
          "bg_event_1114",
          "bg_event_1115",
          "bg_event_1126",
          "bg_event_1127",
          "bg_event_113",
          "bg_event_1131",
          "bg_event_1132",
          "bg_event_1133",
          "bg_event_1134",
          "bg_event_1135",
          "bg_event_1153",
          "bg_event_1155",
          "bg_event_1156",
          "bg_event_1159",
          "bg_event_1160",
          "bg_event_1164",
          "bg_event_1177",
          "bg_event_1178",
          "bg_event_1179",
          "bg_event_1182",
          "bg_event_1184",
          "bg_event_1188",
          "bg_event_1202",
          "bg_event_1206",
          "bg_event_1207",
          "bg_event_1208",
          "bg_event_1209",
          "bg_event_1210",
          "bg_event_1211",
          "bg_event_1212",
          "bg_event_1213",
          "bg_event_1215",
          "bg_event_1216",
          "bg_event_1217",
          "bg_event_1218",
          "bg_event_1219",
          "bg_event_1220",
          "bg_event_1221",
          "bg_event_1222",
          "bg_event_1237",
          "bg_event_1238",
          "bg_event_1239",
          "bg_event_1240",
          "bg_event_1241",
          "bg_event_1242",
          "bg_event_1252",
          "bg_event_1253",
          "bg_event_1254",
          "bg_event_1255",
          "bg_event_1256",
          "bg_event_1257",
          "bg_event_1258",
          "bg_event_1259",
          "bg_event_126",
          "bg_event_1261",
          "bg_event_1262",
          "bg_event_1263",
          "bg_event_1264",
          "bg_event_1265",
          "bg_event_1266",
          "bg_event_1267",
          "bg_event_1268",
          "bg_event_1269",
          "bg_event_1270",
          "bg_event_1271",
          "bg_event_1276",
          "bg_event_129",
          "bg_event_1294",
          "bg_event_1296",
          "bg_event_1300",
          "bg_event_1306",
          "bg_event_1307",
          "bg_event_1308",
          "bg_event_1309",
          "bg_event_131",
          "bg_event_1310",
          "bg_event_1311",
          "bg_event_1316",
          "bg_event_1318",
          "bg_event_132",
          "bg_event_1320",
          "bg_event_1321",
          "bg_event_1322",
          "bg_event_1325",
          "bg_event_133",
          "bg_event_1336",
          "bg_event_1337",
          "bg_event_1338",
          "bg_event_1339",
          "bg_event_134",
          "bg_event_1344",
          "bg_event_135",
          "bg_event_1357",
          "bg_event_1359",
          "bg_event_136",
          "bg_event_1362",
          "bg_event_1363",
          "bg_event_1364",
          "bg_event_1365",
          "bg_event_1366",
          "bg_event_1368",
          "bg_event_137",
          "bg_event_138",
          "bg_event_1382",
          "bg_event_1385",
          "bg_event_1386",
          "bg_event_1387",
          "bg_event_1388",
          "bg_event_139",
          "bg_event_1390",
          "bg_event_1391",
          "bg_event_140",
          "bg_event_1401",
          "bg_event_1404",
          "bg_event_1405",
          "bg_event_1411",
          "bg_event_142",
          "bg_event_1421",
          "bg_event_1423",
          "bg_event_1424",
          "bg_event_1425",
          "bg_event_1426",
          "bg_event_1427",
          "bg_event_1431",
          "bg_event_1432",
          "bg_event_1435",
          "bg_event_1436",
          "bg_event_1438",
          "bg_event_1439",
          "bg_event_144",
          "bg_event_1440",
          "bg_event_1441",
          "bg_event_1442",
          "bg_event_1443",
          "bg_event_1444",
          "bg_event_1445",
          "bg_event_1447",
          "bg_event_1448",
          "bg_event_1449",
          "bg_event_1450",
          "bg_event_1451",
          "bg_event_1453",
          "bg_event_1455",
          "bg_event_1456",
          "bg_event_1457",
          "bg_event_146",
          "bg_event_147",
          "bg_event_1473",
          "bg_event_1479",
          "bg_event_148",
          "bg_event_1480",
          "bg_event_1484",
          "bg_event_1485",
          "bg_event_1486",
          "bg_event_1487",
          "bg_event_1488",
          "bg_event_149",
          "bg_event_1491",
          "bg_event_1496",
          "bg_event_1497",
          "bg_event_150",
          "bg_event_1501",
          "bg_event_1503",
          "bg_event_151",
          "bg_event_1524",
          "bg_event_1525",
          "bg_event_1526",
          "bg_event_1527",
          "bg_event_1528",
          "bg_event_1529",
          "bg_event_153",
          "bg_event_1530",
          "bg_event_1532",
          "bg_event_1533",
          "bg_event_1534",
          "bg_event_1537",
          "bg_event_1538",
          "bg_event_1539",
          "bg_event_154",
          "bg_event_1540",
          "bg_event_1541",
          "bg_event_1544",
          "bg_event_1545",
          "bg_event_1548",
          "bg_event_155",
          "bg_event_1552",
          "bg_event_1553",
          "bg_event_1559",
          "bg_event_156",
          "bg_event_1561",
          "bg_event_157",
          "bg_event_158",
          "bg_event_1582",
          "bg_event_1584",
          "bg_event_1585",
          "bg_event_1588",
          "bg_event_159",
          "bg_event_1591",
          "bg_event_1593",
          "bg_event_1598",
          "bg_event_1601",
          "bg_event_1605",
          "bg_event_1606",
          "bg_event_1607",
          "bg_event_1608",
          "bg_event_1609",
          "bg_event_161",
          "bg_event_1615",
          "bg_event_162",
          "bg_event_164",
          "bg_event_1647",
          "bg_event_165",
          "bg_event_166",
          "bg_event_1661",
          "bg_event_1695",
          "bg_event_1698",
          "bg_event_1699",
          "bg_event_1701",
          "bg_event_1720",
          "bg_event_1721",
          "bg_event_1722",
          "bg_event_1724",
          "bg_event_1727",
          "bg_event_1730",
          "bg_event_1735",
          "bg_event_1737",
          "bg_event_1738",
          "bg_event_1741",
          "bg_event_1742",
          "bg_event_1743",
          "bg_event_1745",
          "bg_event_175",
          "bg_event_1753",
          "bg_event_1756",
          "bg_event_1757",
          "bg_event_1758",
          "bg_event_177",
          "bg_event_1771",
          "bg_event_1772",
          "bg_event_1773",
          "bg_event_1774",
          "bg_event_178",
          "bg_event_1780",
          "bg_event_179",
          "bg_event_1791",
          "bg_event_1792",
          "bg_event_1795",
          "bg_event_180",
          "bg_event_181",
          "bg_event_182",
          "bg_event_183",
          "bg_event_184",
          "bg_event_185",
          "bg_event_186",
          "bg_event_188",
          "bg_event_189",
          "bg_event_191",
          "bg_event_194",
          "bg_event_195",
          "bg_event_197",
          "bg_event_198",
          "bg_event_199",
          "bg_event_200",
          "bg_event_201",
          "bg_event_202",
          "bg_event_203",
          "bg_event_204",
          "bg_event_205",
          "bg_event_206",
          "bg_event_215",
          "bg_event_216",
          "bg_event_218",
          "bg_event_222",
          "bg_event_223",
          "bg_event_224",
          "bg_event_225",
          "bg_event_226",
          "bg_event_227",
          "bg_event_228",
          "bg_event_232",
          "bg_event_233",
          "bg_event_239",
          "bg_event_240",
          "bg_event_241",
          "bg_event_242",
          "bg_event_243",
          "bg_event_247",
          "bg_event_249",
          "bg_event_250",
          "bg_event_251",
          "bg_event_252",
          "bg_event_253",
          "bg_event_254",
          "bg_event_255",
          "bg_event_256",
          "bg_event_257",
          "bg_event_258",
          "bg_event_259",
          "bg_event_260",
          "bg_event_261",
          "bg_event_262",
          "bg_event_263",
          "bg_event_264",
          "bg_event_265",
          "bg_event_266",
          "bg_event_267",
          "bg_event_308",
          "bg_event_322",
          "bg_event_325",
          "bg_event_326",
          "bg_event_328",
          "bg_event_329",
          "bg_event_330",
          "bg_event_331",
          "bg_event_332",
          "bg_event_333",
          "bg_event_334",
          "bg_event_335",
          "bg_event_336",
          "bg_event_337",
          "bg_event_338",
          "bg_event_339",
          "bg_event_341",
          "bg_event_342",
          "bg_event_343",
          "bg_event_344",
          "bg_event_345",
          "bg_event_359",
          "bg_event_363",
          "bg_event_365",
          "bg_event_366",
          "bg_event_367",
          "bg_event_368",
          "bg_event_369",
          "bg_event_370",
          "bg_event_371",
          "bg_event_373",
          "bg_event_374",
          "bg_event_375",
          "bg_event_376",
          "bg_event_377",
          "bg_event_379",
          "bg_event_380",
          "bg_event_381",
          "bg_event_382",
          "bg_event_384",
          "bg_event_385",
          "bg_event_386",
          "bg_event_387",
          "bg_event_388",
          "bg_event_390",
          "bg_event_391",
          "bg_event_392",
          "bg_event_393",
          "bg_event_394",
          "bg_event_395",
          "bg_event_396",
          "bg_event_397",
          "bg_event_398",
          "bg_event_399",
          "bg_event_400",
          "bg_event_401",
          "bg_event_402",
          "bg_event_403",
          "bg_event_404",
          "bg_event_405",
          "bg_event_406",
          "bg_event_407",
          "bg_event_408",
          "bg_event_409",
          "bg_event_410",
          "bg_event_411",
          "bg_event_412",
          "bg_event_413",
          "bg_event_414",
          "bg_event_415",
          "bg_event_416",
          "bg_event_417",
          "bg_event_418",
          "bg_event_419",
          "bg_event_420",
          "bg_event_421",
          "bg_event_422",
          "bg_event_423",
          "bg_event_424",
          "bg_event_425",
          "bg_event_426",
          "bg_event_427",
          "bg_event_428",
          "bg_event_429",
          "bg_event_430",
          "bg_event_431",
          "bg_event_432",
          "bg_event_433",
          "bg_event_434",
          "bg_event_435",
          "bg_event_436",
          "bg_event_437",
          "bg_event_438",
          "bg_event_439",
          "bg_event_440",
          "bg_event_441",
          "bg_event_442",
          "bg_event_443",
          "bg_event_444",
          "bg_event_445",
          "bg_event_446",
          "bg_event_447",
          "bg_event_448",
          "bg_event_449",
          "bg_event_450",
          "bg_event_451",
          "bg_event_452",
          "bg_event_453",
          "bg_event_455",
          "bg_event_456",
          "bg_event_457",
          "bg_event_458",
          "bg_event_459",
          "bg_event_460",
          "bg_event_461",
          "bg_event_463",
          "bg_event_464",
          "bg_event_465",
          "bg_event_466",
          "bg_event_467",
          "bg_event_468",
          "bg_event_469",
          "bg_event_470",
          "bg_event_471",
          "bg_event_472",
          "bg_event_473",
          "bg_event_474",
          "bg_event_475",
          "bg_event_476",
          "bg_event_477",
          "bg_event_478",
          "bg_event_479",
          "bg_event_480",
          "bg_event_481",
          "bg_event_482",
          "bg_event_483",
          "bg_event_484",
          "bg_event_485",
          "bg_event_486",
          "bg_event_487",
          "bg_event_488",
          "bg_event_489",
          "bg_event_490",
          "bg_event_491",
          "bg_event_492",
          "bg_event_493",
          "bg_event_494",
          "bg_event_495",
          "bg_event_496",
          "bg_event_497",
          "bg_event_498",
          "bg_event_499",
          "bg_event_500",
          "bg_event_501",
          "bg_event_502",
          "bg_event_503",
          "bg_event_504",
          "bg_event_505",
          "bg_event_506",
          "bg_event_507",
          "bg_event_508",
          "bg_event_509",
          "bg_event_510",
          "bg_event_511",
          "bg_event_512",
          "bg_event_513",
          "bg_event_514",
          "bg_event_515",
          "bg_event_516",
          "bg_event_517",
          "bg_event_518",
          "bg_event_519",
          "bg_event_520",
          "bg_event_521",
          "bg_event_522",
          "bg_event_523",
          "bg_event_524",
          "bg_event_527",
          "bg_event_528",
          "bg_event_529",
          "bg_event_530",
          "bg_event_531",
          "bg_event_532",
          "bg_event_533",
          "bg_event_534",
          "bg_event_535",
          "bg_event_536",
          "bg_event_539",
          "bg_event_540",
          "bg_event_541",
          "bg_event_542",
          "bg_event_543",
          "bg_event_544",
          "bg_event_545",
          "bg_event_546",
          "bg_event_547",
          "bg_event_548",
          "bg_event_549",
          "bg_event_550",
          "bg_event_551",
          "bg_event_552",
          "bg_event_553",
          "bg_event_554",
          "bg_event_555",
          "bg_event_556",
          "bg_event_562",
          "bg_event_563",
          "bg_event_564",
          "bg_event_568",
          "bg_event_571",
          "bg_event_572",
          "bg_event_573",
          "bg_event_574",
          "bg_event_575",
          "bg_event_578",
          "bg_event_579",
          "bg_event_580",
          "bg_event_581",
          "bg_event_582",
          "bg_event_584",
          "bg_event_591",
          "bg_event_592",
          "bg_event_593",
          "bg_event_595",
          "bg_event_596",
          "bg_event_597",
          "bg_event_598",
          "bg_event_599",
          "bg_event_600",
          "bg_event_613",
          "bg_event_617",
          "bg_event_618",
          "bg_event_640",
          "bg_event_641",
          "bg_event_645",
          "bg_event_652",
          "bg_event_659",
          "bg_event_660",
          "bg_event_662",
          "bg_event_663",
          "bg_event_664",
          "bg_event_665",
          "bg_event_681",
          "bg_event_688",
          "bg_event_689",
          "bg_event_690",
          "bg_event_691",
          "bg_event_692",
          "bg_event_694",
          "bg_event_705",
          "bg_event_724",
          "bg_event_727",
          "bg_event_728",
          "bg_event_730",
          "bg_event_731",
          "bg_event_732",
          "bg_event_734",
          "bg_event_740",
          "bg_event_741",
          "bg_event_743",
          "bg_event_744",
          "bg_event_745",
          "bg_event_746",
          "bg_event_748",
          "bg_event_749",
          "bg_event_751",
          "bg_event_752",
          "bg_event_753",
          "bg_event_754",
          "bg_event_755",
          "bg_event_756",
          "bg_event_759",
          "bg_event_760",
          "bg_event_761",
          "bg_event_762",
          "bg_event_767",
          "bg_event_773",
          "bg_event_776",
          "bg_event_777",
          "bg_event_779",
          "bg_event_781",
          "bg_event_794",
          "bg_event_813",
          "bg_event_827",
          "bg_event_828",
          "bg_event_829",
          "bg_event_830",
          "bg_event_832",
          "bg_event_833",
          "bg_event_834",
          "bg_event_835",
          "bg_event_836",
          "bg_event_844",
          "bg_event_847",
          "bg_event_848",
          "bg_event_849",
          "bg_event_850",
          "bg_event_851",
          "bg_event_852",
          "bg_event_856",
          "bg_event_866",
          "bg_event_880",
          "bg_event_881",
          "bg_event_887",
          "bg_event_892",
          "bg_event_897",
          "bg_event_898",
          "bg_event_899",
          "bg_event_900",
          "bg_event_902",
          "bg_event_903",
          "bg_event_904",
          "bg_event_905",
          "bg_event_906",
          "bg_event_921",
          "bg_event_928",
          "bg_event_935",
          "bg_event_936",
          "bg_event_940",
          "bg_event_945",
          "bg_event_954",
          "bg_event_960",
          "bg_event_981",
          "bg_event_982",
          "bg_event_983",
          "bg_event_985",
          "bg_event_986",
          "bg_event_988",
          "bg_event_990",
          "bg_event_998"
        ],
        "character_ids": [
          "a",
          "b",
          "chirs",
          "dr_d",
          "ent_012196a09e",
          "ent_0314d499b9",
          "ent_05b1ee1378",
          "ent_09b0ade3b9",
          "ent_0ad2def3f5",
          "ent_0ef3815d4c",
          "ent_1664829820",
          "ent_183a9c740e",
          "ent_1a9762c26d",
          "ent_1ad97dd7c0",
          "ent_1e7255557d",
          "ent_21ab52894b",
          "ent_2383b2fe64",
          "ent_24402a9d9b",
          "ent_29e170584c",
          "ent_2ce4d2d78f",
          "ent_31117c1763",
          "ent_31ac6572fc",
          "ent_334b5e9351",
          "ent_369e54e80b",
          "ent_3750ac570f",
          "ent_37d7cad85b",
          "ent_3c0413f11b",
          "ent_3cae31cbd2",
          "ent_3f7166ade6",
          "ent_3f7deb1b04",
          "ent_4375c8b3ed",
          "ent_448c9a5170",
          "ent_45614b45ad",
          "ent_4b04ca5989",
          "ent_4d0e14118a",
          "ent_4dab8c5d27",
          "ent_50c9d96121",
          "ent_50fa619f9c",
          "ent_53f26c0b70",
          "ent_549c40dcc7",
          "ent_554cb09848",
          "ent_595f718390",
          "ent_5b01a8d7ca",
          "ent_5b90563ebc",
          "ent_5d2c86cc3b",
          "ent_5f232da5fc",
          "ent_615cff537b",
          "ent_6c288e91c6",
          "ent_6e7ca1c485",
          "ent_6fe1672edb",
          "ent_71050c29a7",
          "ent_79879273ba",
          "ent_7c6543f83e",
          "ent_7ed34c8449",
          "ent_7f6734f51b",
          "ent_7f8138e1f9",
          "ent_82a21d93ae",
          "ent_8921c909f4",
          "ent_8a4980e068",
          "ent_8bceb3fcee",
          "ent_919935f818",
          "ent_92f5c87f6d",
          "ent_970c603b4f",
          "ent_9a4a48cbc9",
          "ent_a45e989d01",
          "ent_a7587dbd84",
          "ent_a8ee5e968d",
          "ent_ac57edddaa",
          "ent_b11ee807ef",
          "ent_b14b0605ce",
          "ent_b18b574748",
          "ent_b27fa767ce",
          "ent_b67166300b",
          "ent_b6ab37e537",
          "ent_b9773b2977",
          "ent_bb17f898b7",
          "ent_bd790f5e6b",
          "ent_bf77d33c5a",
          "ent_c18b6867f7",
          "ent_c4afb9384d",
          "ent_cd17e50f39",
          "ent_d3d1403505",
          "ent_d3e319e76e",
          "ent_d3e692abf5",
          "ent_d3f76d3c94",
          "ent_d460958c66",
          "ent_d61cc93d26",
          "ent_d6ccd3a865",
          "ent_d74f07ba79",
          "ent_d75fb4b1a9",
          "ent_d790ad77c3",
          "ent_da5ac3f022",
          "ent_dd034941ef",
          "ent_e0f7ae0d6d",
          "ent_e3d589126a",
          "ent_ee1180d7cb",
          "ent_ee809e7c96",
          "ent_f1a8b1595a",
          "ent_f3e81b3819",
          "ent_f7fba74a62",
          "ent_fac8556f94",
          "ent_fc17012e78",
          "f",
          "leo",
          "nina",
          "ricky"
        ],
        "member_location_ids": [
          "loc_0004",
          "loc_0005",
          "loc_0006",
          "loc_0007",
          "loc_0008",
          "loc_0012",
          "loc_0018",
          "loc_0022",
          "loc_0023",
          "loc_0024",
          "loc_0037",
          "loc_0038",
          "loc_0039",
          "loc_0040",
          "loc_0041",
          "loc_0042",
          "loc_0045",
          "loc_0046",
          "loc_0049",
          "loc_0051",
          "loc_0052",
          "loc_0062",
          "loc_0066",
          "loc_0067",
          "loc_0068",
          "loc_0069",
          "loc_0070",
          "loc_0071",
          "loc_0072",
          "loc_0074",
          "loc_0075",
          "loc_0076",
          "loc_0077",
          "loc_0078",
          "loc_0082",
          "loc_0085",
          "loc_0089",
          "loc_0090",
          "loc_0091",
          "loc_0092",
          "loc_0095",
          "loc_0096",
          "loc_0097",
          "loc_0099",
          "loc_0100",
          "loc_0101",
          "loc_0102",
          "loc_0103",
          "loc_0105",
          "loc_0106",
          "loc_0109",
          "loc_0113",
          "loc_0114",
          "loc_0115",
          "loc_0116",
          "loc_0117",
          "loc_0118",
          "loc_0119",
          "loc_0122",
          "loc_0123",
          "loc_0128",
          "loc_0132",
          "loc_0133",
          "loc_0137",
          "loc_0158",
          "loc_0159",
          "loc_0160",
          "loc_0161",
          "loc_0162",
          "loc_0163",
          "loc_0164",
          "loc_0165",
          "loc_0166",
          "loc_0167",
          "loc_0168",
          "loc_0169",
          "loc_0170",
          "loc_0171",
          "loc_0172",
          "loc_0173",
          "loc_0174",
          "loc_0176",
          "loc_0183",
          "loc_0187",
          "loc_0188",
          "loc_0189",
          "loc_0191",
          "loc_0192",
          "loc_0193",
          "loc_0194",
          "loc_0195",
          "loc_0198",
          "loc_0200",
          "loc_0201",
          "loc_0202",
          "loc_0207",
          "loc_0209",
          "loc_0211",
          "loc_0212",
          "loc_0213",
          "loc_0214",
          "loc_0215",
          "loc_0216",
          "loc_0217",
          "loc_0218",
          "loc_0219",
          "loc_0220",
          "loc_0222",
          "loc_0223",
          "loc_0224",
          "loc_0231",
          "loc_0232",
          "loc_0244",
          "loc_0247",
          "loc_0257",
          "loc_0267",
          "loc_0281",
          "loc_0290",
          "loc_0298",
          "loc_0301",
          "loc_0318",
          "loc_0321",
          "loc_0322",
          "loc_0330",
          "loc_0332",
          "loc_0349",
          "loc_0355",
          "loc_0356",
          "loc_0379",
          "loc_0383",
          "loc_0386",
          "loc_0388",
          "loc_0392",
          "loc_0407",
          "loc_0409",
          "loc_0423",
          "loc_0425",
          "loc_0463",
          "loc_0470",
          "loc_0477",
          "loc_0479",
          "loc_0491",
          "loc_0498",
          "loc_0509",
          "loc_0512",
          "loc_0530",
          "loc_0537",
          "loc_0538",
          "loc_0539",
          "loc_0540",
          "loc_0541",
          "loc_0542",
          "loc_0543",
          "loc_0544",
          "loc_0553",
          "loc_0556",
          "loc_0557",
          "loc_0558",
          "loc_0559",
          "loc_0560",
          "loc_0561",
          "loc_0562",
          "loc_0563",
          "loc_0564",
          "loc_0565",
          "loc_0566",
          "loc_0567",
          "loc_0568",
          "loc_0569",
          "loc_0570",
          "loc_0571",
          "loc_0572",
          "loc_0573",
          "loc_0575",
          "loc_0586",
          "loc_0592",
          "loc_0593",
          "loc_0594",
          "loc_0596",
          "loc_0597",
          "loc_0605",
          "loc_0611",
          "loc_0612",
          "loc_0613",
          "loc_0614",
          "loc_0615",
          "loc_0616",
          "loc_0617",
          "loc_0620",
          "loc_0669",
          "loc_0670",
          "loc_0681",
          "loc_0687",
          "loc_0691",
          "loc_0700",
          "loc_0701",
          "loc_0702",
          "loc_0703"
        ],
        "dossier_id": "dossier_24f0592ad1",
        "confidence": 0.87,
        "confidence_inputs": {
          "coord_score": 1.0,
          "dossier_score": 0.6667,
          "kind_score": 1.0
        },
        "review_status": "validated",
        "zone_review_status": "validated",
        "schema_version": 2,
        "aliases": [
          "病獵公會",
          "聖堂",
          "教堂"
        ],
        "chapters": [
          177,
          178,
          180,
          186,
          195
        ],
        "first_appearance": 177,
        "location_hint": "艾寶琳倖存區外面山區的不遠處，走過長長的樓梯才到達",
        "government": "由會長及幹部管理；會長白鯨失蹤後由賴桑、奎斯等成員維持運作",
        "leadership": [
          "白鯨（會長）",
          "賴桑",
          "奎斯",
          "Nina（秘書）"
        ],
        "social_structure": "成員同住於聖堂，地下室曾放雙人床，大家當對方是一家人；二樓可住人（犬京與狗曾住此）",
        "economy": "接受委託消滅病者（需先寄信過來）；皇室以免費宿舍和糧食吸引人加入公會",
        "defense": null,
        "population": null,
        "culture": "以消滅病者、追查真相為使命；重視傳承與同伴情誼",
        "notable_features": [
          "主聖堂",
          "地下室寢室",
          "白鯨的房間（保留兩年前面目）",
          "聖堂天台",
          "牆上高掛的鯨牙大劍"
        ],
        "threats": [
          "病者",
          "病者平權組織與病者和平協會的聯手反撲"
        ],
        "summary": "位於艾寶琳倖存區外山區、走過長石梯才到達的古老教堂，是病獵公會的根據地。會長白鯨失蹤後由賴桑、奎斯等成員維持，秘書為Nina。聖堂內有主聖堂、二樓與地下室寢室，成員互當一家人。白鯨的房間自他失蹤後一直保留兩年前的面目，放有白色小鯨魚玩具與大王鯨魚項鍊。公會亦是策劃進入病者之都的行動基地。",
        "radius_m": 468.0,
        "radius_source": "members",
        "coords_source": "locations",
        "coords_evidence": "由 8 個地點分佈推導（精確配對 1 + 同名前綴 7）",
        "range_evidence": "由 3 個成員地點嘅凸包 + 200 m 外擴",
        "coordinate_confidence": 0.95,
        "coordinate_source": "cross_chapter_evidence",
        "coordinate_review_status": "auto_corrected",
        "spatial_evidence_count": 4,
        "sources": [
          "A8"
        ],
        "source": "bing_gang"
      }
    },
    {
      "type": "Feature",
      "geometry": {
        "type": "Polygon",
        "coordinates": [
          [
            [
              114.260308,
              22.318249
            ],
            [
              114.26029,
              22.318509
            ],
            [
              114.260235,
              22.318764
            ],
            [
              114.260145,
              22.31901
            ],
            [
              114.260022,
              22.319244
            ],
            [
              114.259866,
              22.31946
            ],
            [
              114.259682,
              22.319656
            ],
            [
              114.259472,
              22.319828
            ],
            [
              114.259239,
              22.319972
            ],
            [
              114.258989,
              22.320087
            ],
            [
              114.258724,
              22.320171
            ],
            [
              114.25845,
              22.320222
            ],
            [
              114.258171,
              22.320239
            ],
            [
              114.257892,
              22.320222
            ],
            [
              114.257618,
              22.320171
            ],
            [
              114.257353,
              22.320087
            ],
            [
              114.257103,
              22.319972
            ],
            [
              114.25687,
              22.319828
            ],
            [
              114.25666,
              22.319656
            ],
            [
              114.256476,
              22.31946
            ],
            [
              114.25632,
              22.319244
            ],
            [
              114.256197,
              22.31901
            ],
            [
              114.256107,
              22.318764
            ],
            [
              114.256052,
              22.318509
            ],
            [
              114.256034,
              22.318249
            ],
            [
              114.256052,
              22.317989
            ],
            [
              114.256107,
              22.317734
            ],
            [
              114.256197,
              22.317488
            ],
            [
              114.25632,
              22.317254
            ],
            [
              114.256476,
              22.317038
            ],
            [
              114.25666,
              22.316842
            ],
            [
              114.25687,
              22.31667
            ],
            [
              114.257103,
              22.316526
            ],
            [
              114.257353,
              22.316411
            ],
            [
              114.257618,
              22.316327
            ],
            [
              114.257892,
              22.316276
            ],
            [
              114.258171,
              22.316259
            ],
            [
              114.25845,
              22.316276
            ],
            [
              114.258724,
              22.316327
            ],
            [
              114.258989,
              22.316411
            ],
            [
              114.259239,
              22.316526
            ],
            [
              114.259472,
              22.31667
            ],
            [
              114.259682,
              22.316842
            ],
            [
              114.259866,
              22.317038
            ],
            [
              114.260022,
              22.317254
            ],
            [
              114.260145,
              22.317488
            ],
            [
              114.260235,
              22.317734
            ],
            [
              114.26029,
              22.317989
            ],
            [
              114.260308,
              22.318249
            ]
          ]
        ]
      },
      "properties": {
        "id": "zone_d9659abe0c",
        "name": "靈實禮拜堂",
        "kind": "nest",
        "kind_votes": {
          "nest": 1
        },
        "zone_type": "infected_nest",
        "status": "unknown",
        "danger_level": 4,
        "spatial_precision": "approximate",
        "display_style": {
          "fill": "--zone-nest",
          "pattern": "hatch",
          "icon": "virus"
        },
        "chapter_refs": [
          178
        ],
        "event_ids": [],
        "character_ids": [],
        "member_location_ids": [],
        "dossier_id": "dossier_d9659abe0c",
        "confidence": 0.53,
        "confidence_inputs": {
          "coord_score": 0.5,
          "dossier_score": 0.3333,
          "kind_score": 1.0
        },
        "review_status": "needs_validation",
        "zone_review_status": "needs_validation",
        "schema_version": 2,
        "aliases": [],
        "chapters": [
          178
        ],
        "first_appearance": 178,
        "location_hint": null,
        "government": null,
        "leadership": [],
        "social_structure": null,
        "economy": null,
        "defense": null,
        "population": null,
        "culture": null,
        "notable_features": [],
        "threats": [],
        "summary": "「病者平權組織」的場所之一。犬京在此尋得一封以「病語」寫成的信件，信件雖經火災仍未被波及；信中內容經大BOSS翻譯後，指向寶康公園與白鯨失蹤的六月六號。",
        "radius_m": 220.0,
        "radius_source": "default",
        "coords_source": "locations",
        "coords_evidence": "由 1 個地點分佈推導（精確配對 1 + 同名前綴 0）",
        "range_evidence": "只有 1 個成員點，用按類型嘅預設半徑（估算）",
        "coordinate_confidence": 0.55,
        "coordinate_source": "zone_inference",
        "coordinate_review_status": "needs_validation",
        "spatial_evidence_count": 0,
        "sources": [
          "A8"
        ],
        "source": "bing_gang"
      }
    },
    {
      "type": "Feature",
      "geometry": {
        "type": "Polygon",
        "coordinates": [
          [
            [
              114.269551,
              22.31533
            ],
            [
              114.279633,
              22.317488
            ],
            [
              114.272273,
              22.318228
            ],
            [
              114.269551,
              22.31533
            ]
          ]
        ]
      },
      "properties": {
        "id": "zone_08f9447a47",
        "name": "西貢將軍澳政府綜合大樓",
        "kind": "nest",
        "kind_votes": {
          "nest": 1
        },
        "zone_type": "infected_nest",
        "status": "unknown",
        "danger_level": 4,
        "spatial_precision": "verified",
        "display_style": {
          "fill": "--zone-nest",
          "pattern": "hatch",
          "icon": "virus"
        },
        "chapter_refs": [
          180,
          181,
          182,
          183,
          184,
          185,
          186,
          187,
          188,
          189
        ],
        "event_ids": [
          "bg_event_1148",
          "bg_event_1173",
          "bg_event_1330",
          "bg_event_1331",
          "bg_event_1334",
          "bg_event_1340",
          "bg_event_1342",
          "bg_event_1418",
          "bg_event_1419",
          "bg_event_1624",
          "bg_event_1636",
          "bg_event_1637",
          "bg_event_1638",
          "bg_event_1642",
          "bg_event_1643",
          "bg_event_1644",
          "bg_event_1646",
          "bg_event_1648",
          "bg_event_1649",
          "bg_event_1650",
          "bg_event_1651",
          "bg_event_1652",
          "bg_event_1653",
          "bg_event_1654",
          "bg_event_1656",
          "bg_event_1657",
          "bg_event_1659",
          "bg_event_1660",
          "bg_event_1686",
          "bg_event_1693",
          "bg_event_1700",
          "bg_event_1704",
          "bg_event_1755",
          "bg_event_1760",
          "bg_event_1763",
          "bg_event_1764",
          "bg_event_1765",
          "bg_event_943"
        ],
        "character_ids": [
          "ent_05b1ee1378",
          "ent_1a9762c26d",
          "ent_21ab52894b",
          "ent_2ce4d2d78f",
          "ent_50c9d96121",
          "ent_5b01a8d7ca",
          "ent_64c25f2cd7",
          "ent_79879273ba",
          "ent_7c6543f83e",
          "ent_7f6734f51b",
          "ent_88267ba2de",
          "ent_970c603b4f",
          "ent_9a4a48cbc9",
          "ent_aeaf0c4ea9",
          "ent_b11ee807ef",
          "ent_b18b574748",
          "ent_b9773b2977",
          "ent_d460958c66",
          "ent_d61cc93d26",
          "ent_da5ac3f022",
          "ent_dd034941ef",
          "nina"
        ],
        "member_location_ids": [
          "loc_0141",
          "loc_0338",
          "loc_0397",
          "loc_0399",
          "loc_0402",
          "loc_0431",
          "loc_0459",
          "loc_0632",
          "loc_0639",
          "loc_0644",
          "loc_0660",
          "loc_0662",
          "loc_0663",
          "loc_0664",
          "loc_0666",
          "loc_0667",
          "loc_0668"
        ],
        "dossier_id": "dossier_08f9447a47",
        "confidence": 1.0,
        "confidence_inputs": {
          "coord_score": 1.0,
          "dossier_score": 1.0,
          "kind_score": 1.0
        },
        "review_status": "auto_inferred",
        "zone_review_status": "auto_inferred",
        "schema_version": 2,
        "aliases": [
          "希望塔",
          "將軍澳第44區綜合大樓",
          "政府綜合大樓"
        ],
        "chapters": [
          180,
          181,
          182,
          183,
          184,
          185,
          186,
          187,
          188,
          189
        ],
        "first_appearance": 180,
        "location_hint": "坑口３８號街；舊名將軍澳４４區綜合大樓",
        "government": null,
        "leadership": [
          "白鯨（病化後坐守十樓盡頭，看守背後的門）"
        ],
        "social_structure": "共十層：八樓為政府官員辦公樓，九樓滿佈男孩屍體與病翼巢穴，十樓盡頭為改裝的秘密研究室；十樓會被白鯨幻化成病獵公會聖堂的模樣",
        "economy": null,
        "defense": "整座大樓被幻覺（永遠上不到的第九層）保護；外有南愚的火牆與北賢的雷電包圍",
        "population": "十樓有二十多名「病獵」幻影（實為病童）",
        "culture": null,
        "notable_features": [
          "十樓改裝研究室",
          "圓柱狀大型實驗器皿（余三村）",
          "九樓病翼巢穴",
          "鎖上的大鐵門",
          "白鯨的屍體"
        ],
        "threats": [
          "白鯨（病化）",
          "病童",
          "病翼",
          "南愚",
          "北賢",
          "余智海"
        ],
        "summary": "位於坑口３８號街（舊稱將軍澳４４區綜合大樓），共十層，即所謂的「希望塔」。九樓滿佈男孩屍體與病翼巢穴，十樓為余智海改裝的秘密研究室，收藏著被注入病者血液、成為實驗對象的女兒余三村。白鯨病化後坐守十樓盡頭，以幻覺與意識入侵守護背後那道門。最終白鯨在此被殺，研究室被王達尼破壞、文件被帶走。",
        "radius_m": 600.8,
        "radius_source": "members",
        "coords_source": "locations",
        "coords_evidence": "由 3 個地點分佈推導（精確配對 1 + 同名前綴 2）",
        "range_evidence": "由 3 個成員地點嘅凸包 + 200 m 外擴",
        "coordinate_confidence": 0.95,
        "coordinate_source": "cross_chapter_evidence",
        "coordinate_review_status": "auto_corrected",
        "spatial_evidence_count": 19,
        "sources": [
          "A8"
        ],
        "source": "bing_gang"
      }
    },
    {
      "type": "Feature",
      "geometry": {
        "type": "Polygon",
        "coordinates": [
          [
            [
              114.265115,
              22.332174
            ],
            [
              114.265093,
              22.332481
            ],
            [
              114.265029,
              22.332783
            ],
            [
              114.264922,
              22.333074
            ],
            [
              114.264776,
              22.33335
            ],
            [
              114.264593,
              22.333605
            ],
            [
              114.264375,
              22.333837
            ],
            [
              114.264127,
              22.334039
            ],
            [
              114.263852,
              22.33421
            ],
            [
              114.263556,
              22.334346
            ],
            [
              114.263243,
              22.334445
            ],
            [
              114.262919,
              22.334505
            ],
            [
              114.262589,
              22.334525
            ],
            [
              114.26226,
              22.334505
            ],
            [
              114.261936,
              22.334445
            ],
            [
              114.261623,
              22.334346
            ],
            [
              114.261326,
              22.33421
            ],
            [
              114.261052,
              22.334039
            ],
            [
              114.260803,
              22.333837
            ],
            [
              114.260586,
              22.333605
            ],
            [
              114.260402,
              22.33335
            ],
            [
              114.260256,
              22.333074
            ],
            [
              114.26015,
              22.332783
            ],
            [
              114.260085,
              22.332481
            ],
            [
              114.260064,
              22.332174
            ],
            [
              114.260085,
              22.331867
            ],
            [
              114.26015,
              22.331565
            ],
            [
              114.260256,
              22.331274
            ],
            [
              114.260402,
              22.330998
            ],
            [
              114.260586,
              22.330742
            ],
            [
              114.260803,
              22.330511
            ],
            [
              114.261052,
              22.330308
            ],
            [
              114.261326,
              22.330138
            ],
            [
              114.261623,
              22.330001
            ],
            [
              114.261936,
              22.329903
            ],
            [
              114.26226,
              22.329843
            ],
            [
              114.262589,
              22.329823
            ],
            [
              114.262919,
              22.329843
            ],
            [
              114.263243,
              22.329903
            ],
            [
              114.263556,
              22.330001
            ],
            [
              114.263852,
              22.330138
            ],
            [
              114.264127,
              22.330308
            ],
            [
              114.264375,
              22.330511
            ],
            [
              114.264593,
              22.330742
            ],
            [
              114.264776,
              22.330998
            ],
            [
              114.264922,
              22.331274
            ],
            [
              114.265029,
              22.331565
            ],
            [
              114.265093,
              22.331867
            ],
            [
              114.265115,
              22.332174
            ]
          ]
        ]
      },
      "properties": {
        "id": "zone_cb2e712257",
        "name": "魔鬼山碉堡",
        "kind": "outpost",
        "kind_votes": {
          "outpost": 1
        },
        "zone_type": "contested",
        "status": "unknown",
        "danger_level": 3,
        "spatial_precision": "approximate",
        "display_style": {
          "fill": "--zone-contested",
          "pattern": "contour",
          "icon": "crossed-swords"
        },
        "chapter_refs": [
          188,
          193,
          194,
          196
        ],
        "event_ids": [
          "bg_event_046",
          "bg_event_051",
          "bg_event_069",
          "bg_event_119",
          "bg_event_1355",
          "bg_event_1583",
          "bg_event_1706",
          "bg_event_1751",
          "bg_event_1754",
          "bg_event_1768",
          "bg_event_349",
          "bg_event_997"
        ],
        "character_ids": [
          "ent_05b1ee1378",
          "ent_1a9762c26d",
          "ent_24402a9d9b",
          "ent_3c0413f11b",
          "ent_47a73fb582",
          "ent_50c9d96121",
          "ent_615cff537b",
          "ent_65a576755a",
          "ent_7f6734f51b",
          "ent_82a21d93ae",
          "ent_8921c909f4",
          "ent_92f5c87f6d",
          "ent_ac57edddaa",
          "ent_b11ee807ef",
          "ent_b14b0605ce",
          "ent_b9773b2977",
          "ent_dd034941ef"
        ],
        "member_location_ids": [
          "loc_0175",
          "loc_0264",
          "loc_0277",
          "loc_0699"
        ],
        "dossier_id": "dossier_cb2e712257",
        "confidence": 0.67,
        "confidence_inputs": {
          "coord_score": 0.5,
          "dossier_score": 0.6667,
          "kind_score": 1.0
        },
        "review_status": "auto_inferred",
        "zone_review_status": "auto_inferred",
        "schema_version": 2,
        "aliases": [
          "魔鬼山",
          "碉堡"
        ],
        "chapters": [
          188,
          193,
          194,
          196
        ],
        "first_appearance": 188,
        "location_hint": "魔鬼山，可望見山下的大本營與將軍澳海濱；對海有岩石沿崖",
        "government": "由Dr.D控制",
        "leadership": [
          "Dr.D"
        ],
        "social_structure": "「活體營養儲存站」：把綁架回來的活人以病嘴黏液封住全身，餵食由蠹魚人搜捕的昆蟲漿，再由蠹魚攝取他們的養份",
        "economy": null,
        "defense": "古舊碉堡，入口隱蔽；有被控制的蠹魚人與病獵看守",
        "population": "少說也有四十多具活人營養供應體",
        "culture": null,
        "notable_features": [
          "碉堡（相傳為海盜或抗日遺跡）",
          "手術室",
          "被倒吊的人類屍體",
          "專業醫療器材"
        ],
        "threats": [
          "Dr.D",
          "蠹魚",
          "被控制的病獵"
        ],
        "summary": "魔鬼山上的古舊碉堡，被Dr.D用作「活體營養儲存站」。他把綁架回來的活人以病嘴黏液封住全身，餵食由蠹魚人在山上搜捕的昆蟲漿，再派蠹魚攝取他們的養份，以延續自己的性命和能量。碉堡內有手術室與被倒吊的人類屍體。魔鬼山對海的沿崖亦是M最終帶著余智海飛入龍捲風的地點。",
        "radius_m": 260.0,
        "radius_source": "default",
        "coords_source": "locations",
        "coords_evidence": "由 1 個地點分佈推導（精確配對 1 + 同名前綴 0）",
        "range_evidence": "只有 1 個成員點，用按類型嘅預設半徑（估算）",
        "coordinate_confidence": 0.55,
        "coordinate_source": "zone_inference",
        "coordinate_review_status": "needs_validation",
        "spatial_evidence_count": 4,
        "sources": [
          "A8"
        ],
        "source": "bing_gang"
      }
    },
    {
      "type": "Feature",
      "geometry": {
        "type": "Polygon",
        "coordinates": [
          [
            [
              114.25145,
              22.3195
            ],
            [
              114.251429,
              22.319807
            ],
            [
              114.251364,
              22.320109
            ],
            [
              114.251258,
              22.3204
            ],
            [
              114.251112,
              22.320676
            ],
            [
              114.250929,
              22.320931
            ],
            [
              114.250711,
              22.321163
            ],
            [
              114.250462,
              22.321366
            ],
            [
              114.250188,
              22.321536
            ],
            [
              114.249891,
              22.321672
            ],
            [
              114.249579,
              22.321771
            ],
            [
              114.249255,
              22.321831
            ],
            [
              114.248925,
              22.321851
            ],
            [
              114.248595,
              22.321831
            ],
            [
              114.248271,
              22.321771
            ],
            [
              114.247959,
              22.321672
            ],
            [
              114.247662,
              22.321536
            ],
            [
              114.247388,
              22.321366
            ],
            [
              114.247139,
              22.321163
            ],
            [
              114.246921,
              22.320931
            ],
            [
              114.246738,
              22.320676
            ],
            [
              114.246592,
              22.3204
            ],
            [
              114.246486,
              22.320109
            ],
            [
              114.246421,
              22.319807
            ],
            [
              114.2464,
              22.3195
            ],
            [
              114.246421,
              22.319193
            ],
            [
              114.246486,
              22.318891
            ],
            [
              114.246592,
              22.3186
            ],
            [
              114.246738,
              22.318324
            ],
            [
              114.246921,
              22.318069
            ],
            [
              114.247139,
              22.317837
            ],
            [
              114.247388,
              22.317634
            ],
            [
              114.247662,
              22.317464
            ],
            [
              114.247959,
              22.317328
            ],
            [
              114.248271,
              22.317229
            ],
            [
              114.248595,
              22.317169
            ],
            [
              114.248925,
              22.317149
            ],
            [
              114.249255,
              22.317169
            ],
            [
              114.249579,
              22.317229
            ],
            [
              114.249891,
              22.317328
            ],
            [
              114.250188,
              22.317464
            ],
            [
              114.250462,
              22.317634
            ],
            [
              114.250711,
              22.317837
            ],
            [
              114.250929,
              22.318069
            ],
            [
              114.251112,
              22.318324
            ],
            [
              114.251258,
              22.3186
            ],
            [
              114.251364,
              22.318891
            ],
            [
              114.251429,
              22.319193
            ],
            [
              114.25145,
              22.3195
            ]
          ]
        ]
      },
      "properties": {
        "id": "zone_9b5dfc356f",
        "name": "鼠窩",
        "kind": "outpost",
        "kind_votes": {
          "outpost": 1
        },
        "zone_type": "contested",
        "status": "unknown",
        "danger_level": 3,
        "spatial_precision": "approximate",
        "display_style": {
          "fill": "--zone-contested",
          "pattern": "contour",
          "icon": "crossed-swords"
        },
        "chapter_refs": [
          197
        ],
        "event_ids": [],
        "character_ids": [],
        "member_location_ids": [
          "loc_0345",
          "loc_0405",
          "loc_0711"
        ],
        "dossier_id": "dossier_9b5dfc356f",
        "confidence": 0.53,
        "confidence_inputs": {
          "coord_score": 0.5,
          "dossier_score": 0.3333,
          "kind_score": 1.0
        },
        "review_status": "auto_inferred",
        "zone_review_status": "auto_inferred",
        "schema_version": 2,
        "aliases": [],
        "chapters": [
          197
        ],
        "first_appearance": 197,
        "location_hint": null,
        "government": "由黑鼠商團控制，首領為王達尼",
        "leadership": [
          "王達尼",
          "貪鼠"
        ],
        "social_structure": "黑鼠商團成員穿黑色連衣帽、口罩只露雙目，以「什麼什麼鼠」為代號",
        "economy": null,
        "defense": null,
        "population": null,
        "culture": null,
        "notable_features": [],
        "threats": [],
        "summary": "黑鼠商團關押、教訓生事者的地方。黑鼠商團是艾寶琳最強大的地下勢力之一，首領為王達尼；其手下在晚上進行的非法事情，只要不涉及皇室或過份的人命傷亡，守衛們向來都會視而不見。",
        "radius_m": 260.0,
        "radius_source": "default",
        "coords_source": "locations",
        "coords_evidence": "由 1 個地點分佈推導（精確配對 1 + 同名前綴 0）",
        "range_evidence": "只有 1 個成員點，用按類型嘅預設半徑（估算）",
        "coordinate_confidence": 0.55,
        "coordinate_source": "zone_inference",
        "coordinate_review_status": "needs_validation",
        "spatial_evidence_count": 0,
        "sources": [
          "A8"
        ],
        "source": "bing_gang"
      }
    },
    {
      "type": "Feature",
      "geometry": {
        "type": "Polygon",
        "coordinates": [
          [
            [
              114.176423,
              22.248547
            ],
            [
              114.176405,
              22.248807
            ],
            [
              114.17635,
              22.249062
            ],
            [
              114.17626,
              22.249308
            ],
            [
              114.176137,
              22.249542
            ],
            [
              114.175981,
              22.249758
            ],
            [
              114.175797,
              22.249954
            ],
            [
              114.175587,
              22.250126
            ],
            [
              114.175354,
              22.25027
            ],
            [
              114.175104,
              22.250385
            ],
            [
              114.174839,
              22.250469
            ],
            [
              114.174565,
              22.25052
            ],
            [
              114.174286,
              22.250537
            ],
            [
              114.174007,
              22.25052
            ],
            [
              114.173733,
              22.250469
            ],
            [
              114.173468,
              22.250385
            ],
            [
              114.173218,
              22.25027
            ],
            [
              114.172985,
              22.250126
            ],
            [
              114.172775,
              22.249954
            ],
            [
              114.172591,
              22.249758
            ],
            [
              114.172435,
              22.249542
            ],
            [
              114.172312,
              22.249308
            ],
            [
              114.172222,
              22.249062
            ],
            [
              114.172167,
              22.248807
            ],
            [
              114.172149,
              22.248547
            ],
            [
              114.172167,
              22.248287
            ],
            [
              114.172222,
              22.248032
            ],
            [
              114.172312,
              22.247786
            ],
            [
              114.172435,
              22.247552
            ],
            [
              114.172591,
              22.247336
            ],
            [
              114.172775,
              22.24714
            ],
            [
              114.172985,
              22.246968
            ],
            [
              114.173218,
              22.246824
            ],
            [
              114.173468,
              22.246709
            ],
            [
              114.173733,
              22.246625
            ],
            [
              114.174007,
              22.246574
            ],
            [
              114.174286,
              22.246557
            ],
            [
              114.174565,
              22.246574
            ],
            [
              114.174839,
              22.246625
            ],
            [
              114.175104,
              22.246709
            ],
            [
              114.175354,
              22.246824
            ],
            [
              114.175587,
              22.246968
            ],
            [
              114.175797,
              22.24714
            ],
            [
              114.175981,
              22.247336
            ],
            [
              114.176137,
              22.247552
            ],
            [
              114.17626,
              22.247786
            ],
            [
              114.17635,
              22.248032
            ],
            [
              114.176405,
              22.248287
            ],
            [
              114.176423,
              22.248547
            ]
          ]
        ]
      },
      "properties": {
        "id": "zone_5305022f5e",
        "name": "海洋公園",
        "kind": "nest",
        "kind_votes": {
          "nest": 1
        },
        "zone_type": "infected_nest",
        "status": "active",
        "danger_level": 4,
        "spatial_precision": "approximate",
        "display_style": {
          "fill": "--zone-nest",
          "pattern": "hatch",
          "icon": "virus"
        },
        "chapter_refs": [
          198
        ],
        "event_ids": [
          "bg_event_1794"
        ],
        "character_ids": [],
        "member_location_ids": [
          "loc_0712"
        ],
        "dossier_id": "dossier_5305022f5e",
        "confidence": 0.8,
        "confidence_inputs": {
          "coord_score": 0.5,
          "dossier_score": 1.0,
          "kind_score": 1.0
        },
        "review_status": "auto_inferred",
        "zone_review_status": "auto_inferred",
        "schema_version": 2,
        "aliases": [],
        "chapters": [
          198
        ],
        "first_appearance": 198,
        "location_hint": "港島區",
        "government": null,
        "leadership": [
          "穿聖誕老人衣服的高智商病腦"
        ],
        "social_structure": "被病腦佔據；有病者穿上海獅布偶服在園中徘徊，園內精品店仍有大量禮物",
        "economy": null,
        "defense": null,
        "population": null,
        "culture": "喇叭播放沙啞、斷續的詭異音樂，如十九世紀的馬戲團",
        "notable_features": [
          "旋轉木馬",
          "小丑過山車",
          "精品店",
          "被改造成「鹿車」的過山車"
        ],
        "threats": [
          "病腦",
          "大眼"
        ],
        "summary": "位於港島區的舊主題樂園，早已荒廢。園內被一隻穿聖誕老人衣服的高智商病腦佔據，他把過山車拆下改造成「鹿車」，以舌女代替聖誕鹿、數十隻病翼拉動飛行。園內有病者穿上海獅布偶服徘徊，喇叭播放著沙啞斷續、如十九世紀馬戲團的詭異音樂。M在此向病腦查問Dr.D的下落，並代為挑選禮物。",
        "radius_m": 220.0,
        "radius_source": "default",
        "coords_source": "locations",
        "coords_evidence": "由 1 個地點分佈推導（精確配對 1 + 同名前綴 0）",
        "range_evidence": "只有 1 個成員點，用按類型嘅預設半徑（估算）",
        "coordinate_confidence": 0.55,
        "coordinate_source": "zone_inference",
        "coordinate_review_status": "needs_validation",
        "spatial_evidence_count": 1,
        "sources": [
          "A8"
        ],
        "source": "bing_gang"
      }
    },
    {
      "type": "Feature",
      "geometry": {
        "type": "Polygon",
        "coordinates": [
          [
            [
              114.254969,
              22.303205
            ],
            [
              114.254951,
              22.303465
            ],
            [
              114.254896,
              22.30372
            ],
            [
              114.254806,
              22.303966
            ],
            [
              114.254683,
              22.3042
            ],
            [
              114.254527,
              22.304416
            ],
            [
              114.254343,
              22.304612
            ],
            [
              114.254133,
              22.304784
            ],
            [
              114.2539,
              22.304928
            ],
            [
              114.25365,
              22.305043
            ],
            [
              114.253385,
              22.305127
            ],
            [
              114.253111,
              22.305178
            ],
            [
              114.252832,
              22.305195
            ],
            [
              114.252553,
              22.305178
            ],
            [
              114.252279,
              22.305127
            ],
            [
              114.252014,
              22.305043
            ],
            [
              114.251764,
              22.304928
            ],
            [
              114.251531,
              22.304784
            ],
            [
              114.251321,
              22.304612
            ],
            [
              114.251137,
              22.304416
            ],
            [
              114.250981,
              22.3042
            ],
            [
              114.250858,
              22.303966
            ],
            [
              114.250768,
              22.30372
            ],
            [
              114.250713,
              22.303465
            ],
            [
              114.250695,
              22.303205
            ],
            [
              114.250713,
              22.302945
            ],
            [
              114.250768,
              22.30269
            ],
            [
              114.250858,
              22.302444
            ],
            [
              114.250981,
              22.30221
            ],
            [
              114.251137,
              22.301994
            ],
            [
              114.251321,
              22.301798
            ],
            [
              114.251531,
              22.301626
            ],
            [
              114.251764,
              22.301482
            ],
            [
              114.252014,
              22.301367
            ],
            [
              114.252279,
              22.301283
            ],
            [
              114.252553,
              22.301232
            ],
            [
              114.252832,
              22.301215
            ],
            [
              114.253111,
              22.301232
            ],
            [
              114.253385,
              22.301283
            ],
            [
              114.25365,
              22.301367
            ],
            [
              114.2539,
              22.301482
            ],
            [
              114.254133,
              22.301626
            ],
            [
              114.254343,
              22.301798
            ],
            [
              114.254527,
              22.301994
            ],
            [
              114.254683,
              22.30221
            ],
            [
              114.254806,
              22.302444
            ],
            [
              114.254896,
              22.30269
            ],
            [
              114.254951,
              22.302945
            ],
            [
              114.254969,
              22.303205
            ]
          ]
        ]
      },
      "properties": {
        "id": "zone_21f011edeb",
        "name": "病者國度",
        "kind": "nest",
        "kind_votes": {
          "nest": 1
        },
        "zone_type": "infected_nest",
        "status": "active",
        "danger_level": 4,
        "spatial_precision": "approximate",
        "display_style": {
          "fill": "--zone-nest",
          "pattern": "hatch",
          "icon": "virus"
        },
        "chapter_refs": [
          198
        ],
        "event_ids": [
          "bg_event_1032",
          "bg_event_1034",
          "bg_event_1039",
          "bg_event_1040",
          "bg_event_1796",
          "bg_event_383",
          "bg_event_789",
          "bg_event_798",
          "bg_event_803",
          "bg_event_860",
          "bg_event_889",
          "bg_event_893",
          "bg_event_894",
          "bg_event_895",
          "bg_event_896",
          "bg_event_914",
          "bg_event_915",
          "bg_event_916",
          "bg_event_917",
          "bg_event_918",
          "bg_event_919",
          "bg_event_957",
          "bg_event_958",
          "bg_event_961",
          "bg_event_962",
          "bg_event_963",
          "bg_event_964",
          "bg_event_965",
          "bg_event_966",
          "bg_event_977"
        ],
        "character_ids": [
          "ent_05b1ee1378",
          "ent_0ad2def3f5",
          "ent_21ab52894b",
          "ent_2ce4d2d78f",
          "ent_37d7cad85b",
          "ent_3f7166ade6",
          "ent_4013eff37f",
          "ent_4b04ca5989",
          "ent_5b01a8d7ca",
          "ent_6c288e91c6",
          "ent_7f6734f51b",
          "ent_82a21d93ae",
          "ent_8921c909f4",
          "ent_b6ab37e537",
          "ent_d61cc93d26",
          "ent_dfa7138ebd"
        ],
        "member_location_ids": [
          "loc_0011",
          "loc_0111",
          "loc_0129",
          "loc_0285",
          "loc_0307",
          "loc_0311",
          "loc_0315",
          "loc_0316",
          "loc_0350",
          "loc_0358",
          "loc_0689",
          "loc_0714"
        ],
        "dossier_id": "dossier_21f011edeb",
        "confidence": 0.8,
        "confidence_inputs": {
          "coord_score": 0.5,
          "dossier_score": 1.0,
          "kind_score": 1.0
        },
        "review_status": "auto_inferred",
        "zone_review_status": "auto_inferred",
        "schema_version": 2,
        "aliases": [
          "嘎嘎戈咕圭"
        ],
        "chapters": [
          198
        ],
        "first_appearance": 198,
        "location_hint": "病腦以病者語「嘎嘎戈咕圭」所指、位於西面的地方；連空氣都充滿腥葷葷的血臭",
        "government": "由「天腦」統治",
        "leadership": [
          "天腦"
        ],
        "social_structure": "不屬於人類的國度；大門正中央有身高達十六米的特殊病獸，以六條柱的鐵鏈連繫",
        "economy": null,
        "defense": "有城牆和鐵門；十六米特殊病獸守門；會以無法抵抗的思想入侵驅逐入侵者",
        "population": null,
        "culture": null,
        "notable_features": [
          "城牆",
          "鐵門",
          "六條柱",
          "十六米特殊病獸"
        ],
        "threats": [
          "天腦",
          "特殊病獸"
        ],
        "summary": "病腦以病者語「嘎嘎戈咕圭」所指、位於西面的地方。那是一個人為興建的領地，有城牆和鐵門，入口正中央以六條柱的鐵鏈連繫著一頭身高達十六米的特殊病獸。M一踏足地面，即被一股無法抵抗的思想入侵腦髓，被迫逃走。他由此得知病者背後仍有智慧更高的存在——「天腦」。",
        "radius_m": 220.0,
        "radius_source": "default",
        "coords_source": "locations",
        "coords_evidence": "由 1 個地點分佈推導（精確配對 1 + 同名前綴 0）",
        "range_evidence": "只有 1 個成員點，用按類型嘅預設半徑（估算）",
        "coordinate_confidence": 0.55,
        "coordinate_source": "zone_inference",
        "coordinate_review_status": "needs_validation",
        "spatial_evidence_count": 1,
        "sources": [
          "A8"
        ],
        "source": "bing_gang"
      }
    }
  ],
  "schema_version": 2
}
