{
  "type": "FeatureCollection",
  "features": [
    {
      "type": "Feature",
      "geometry": {
        "type": "Point",
        "coordinates": [
          114.26412117189288,
          22.31721432822156
        ]
      },
      "properties": {
        "id": "loc_0001",
        "name": "荒廢商場",
        "display_name": "荒廢商場（參考位置）",
        "location_type": "district",
        "fictional": false,
        "location_precision": "approximate",
        "story_position": {
          "x": 0.69,
          "y": 0.371
        },
        "first_appearance": 2,
        "chapters": [
          2,
          4
        ],
        "characters": [],
        "description": "主角與夏晴躲藏於一所暗淡無光、只靠窗外陽光照明的荒廢商場，每個角落都佈滿蜘蛛絲網與塵埃。",
        "confidence": 0.95,
        "review_status": "reviewed",
        "source": "bing_gang",
        "aliases": [
          "廢荒商場"
        ]
      }
    },
    {
      "type": "Feature",
      "geometry": {
        "type": "Point",
        "coordinates": [
          114.25999262989242,
          22.31609242389563
        ]
      },
      "properties": {
        "id": "loc_0002",
        "name": "高級衣店（商場內）",
        "display_name": "高級衣店（商場內）（參考位置）",
        "location_type": "district",
        "fictional": false,
        "location_precision": "approximate",
        "story_position": {
          "x": 0.683,
          "y": 0.368
        },
        "first_appearance": 2,
        "chapters": [
          2
        ],
        "characters": [],
        "description": "商場內一間高級衣店的假人模特以真人殘肢拼成，越入內血腥味越濃，疑為怪物堆放獵物之地。",
        "confidence": 0.9,
        "review_status": "reviewed",
        "source": "bing_gang"
      }
    },
    {
      "type": "Feature",
      "geometry": {
        "type": "Point",
        "coordinates": [
          114.262,
          22.329
        ]
      },
      "properties": {
        "id": "loc_0003",
        "name": "香港知專設計學院",
        "display_name": "香港知專設計學院（參考位置）",
        "location_type": "district",
        "fictional": false,
        "location_precision": "district",
        "story_position": {
          "x": 0.687,
          "y": 0.403
        },
        "first_appearance": 2,
        "chapters": [
          2
        ],
        "characters": [],
        "description": "夏晴指出大本營位於過兩個街口的香港知專設計學院內，是一座約八層高、七樓為落地玻璃窗並連接各大樓的學術大樓。",
        "confidence": 0.95,
        "review_status": "reviewed",
        "source": "bing_gang"
      }
    },
    {
      "type": "Feature",
      "geometry": {
        "type": "Point",
        "coordinates": [
          114.25343,
          22.30581
        ]
      },
      "properties": {
        "id": "loc_0004",
        "name": "大本營",
        "display_name": "大本營（推斷位置）",
        "location_type": "district",
        "fictional": false,
        "location_precision": "approximate",
        "story_position": {
          "x": 0.457,
          "y": 0.811
        },
        "first_appearance": 2,
        "chapters": [
          2
        ],
        "characters": [
          "夏晴",
          "大舊",
          "阿明",
          "首領",
          "M",
          "老賢",
          "阿登",
          "M（主角「我」）",
          "送葬隊",
          "病腦",
          "推車手",
          "漢森",
          "天明",
          "M（主角）",
          "少佐",
          "天明的妻子",
          "肥西",
          "A隊",
          "B隊",
          "間諜"
        ],
        "description": "大本營是設於香港知專設計學院內的生還者據點，佔地極大有五幢大樓、七樓互通，中央有大營火，兩側有買賣武器食物等的倖存者攤位。",
        "confidence": 0.95,
        "review_status": "reviewed",
        "source": "bing_gang",
        "inferred_from": "inf_loc_0004"
      }
    },
    {
      "type": "Feature",
      "geometry": {
        "type": "Point",
        "coordinates": [
          114.25311,
          22.3059
        ]
      },
      "properties": {
        "id": "loc_0005",
        "name": "A大樓",
        "display_name": "A大樓（推斷位置）",
        "location_type": "landmark",
        "fictional": false,
        "location_precision": "exact",
        "story_position": {
          "x": 0.515,
          "y": 0.571
        },
        "first_appearance": 2,
        "chapters": [
          2
        ],
        "characters": [],
        "description": "大舊帶M從大本營的A大樓沿樓梯行上去見首領。",
        "confidence": 0.85,
        "review_status": "reviewed",
        "source": "bing_gang",
        "inferred_from": "inf_loc_0005"
      }
    },
    {
      "type": "Feature",
      "geometry": {
        "type": "Point",
        "coordinates": [
          114.25343,
          22.30581
        ]
      },
      "properties": {
        "id": "loc_0006",
        "name": "醫療室",
        "display_name": "醫療室（推斷位置）",
        "location_type": "district",
        "fictional": false,
        "location_precision": "approximate",
        "story_position": {
          "x": 0.197,
          "y": 0.817
        },
        "first_appearance": 2,
        "chapters": [
          2
        ],
        "characters": [
          "夏晴",
          "阿登嘅妹妹",
          "醫療室職員",
          "白魂",
          "大舊",
          "醫療姑娘",
          "Sona"
        ],
        "description": "大舌吩咐站崗的人扶受驚的夏晴到大本營的醫療室。",
        "confidence": 0.85,
        "review_status": "reviewed",
        "source": "bing_gang",
        "inferred_from": "inf_loc_0006"
      }
    },
    {
      "type": "Feature",
      "geometry": {
        "type": "Point",
        "coordinates": [
          114.25343,
          22.30581
        ]
      },
      "properties": {
        "id": "loc_0007",
        "name": "圖書館",
        "display_name": "圖書館（推斷位置）",
        "location_type": "district",
        "fictional": false,
        "location_precision": "approximate",
        "story_position": {
          "x": 0.792,
          "y": 0.366
        },
        "first_appearance": 3,
        "chapters": [
          3
        ],
        "characters": [
          "玲玲",
          "老賢",
          "阿玲",
          "賴三老師",
          "王達尼"
        ],
        "description": "位於大本營七樓，採用落地大玻璃、可看到海景，是居民休息的地方，盡頭的房間為首領老賢的辦公室。",
        "confidence": 0.92,
        "review_status": "reviewed",
        "source": "bing_gang",
        "inferred_from": "inf_loc_0007"
      }
    },
    {
      "type": "Feature",
      "geometry": {
        "type": "Point",
        "coordinates": [
          114.25343,
          22.30581
        ]
      },
      "properties": {
        "id": "loc_0008",
        "name": "李惠利大樓",
        "display_name": "李惠利大樓（推斷位置）",
        "location_type": "district",
        "fictional": false,
        "location_precision": "approximate",
        "story_position": {
          "x": 0.681,
          "y": 0.413
        },
        "first_appearance": 3,
        "chapters": [
          3
        ],
        "characters": [
          "阿登",
          "王達尼"
        ],
        "description": "大本營其中一幢大樓，四樓為食物分配層，五樓儲放食物並有人看守。",
        "confidence": 0.85,
        "review_status": "reviewed",
        "source": "bing_gang",
        "inferred_from": "inf_loc_0008"
      }
    },
    {
      "type": "Feature",
      "geometry": {
        "type": "Point",
        "coordinates": [
          114.249417,
          22.306256
        ]
      },
      "properties": {
        "id": "loc_0009",
        "name": "學生休息室",
        "display_name": "學生休息室（虛構）",
        "location_type": "fictional",
        "fictional": true,
        "location_precision": "fictional",
        "story_position": {
          "x": 0.638,
          "y": 0.47
        },
        "first_appearance": 3,
        "chapters": [
          3
        ],
        "characters": [
          "玲玲"
        ],
        "description": "位於B樓、長期被窗簾遮擋陽光的休息房間，M在此遇到玲玲和阿登。",
        "confidence": 0.92,
        "review_status": "reviewed",
        "source": "bing_gang",
        "position_source": "同章（[3]）嘅 3 個已解析地點質心附近（環形偏移，id hash 決定）"
      }
    },
    {
      "type": "Feature",
      "geometry": {
        "type": "Point",
        "coordinates": [
          114.253006,
          22.307535
        ]
      },
      "properties": {
        "id": "loc_0010",
        "name": "A樓地下活動房",
        "display_name": "A樓地下活動房（虛構）",
        "location_type": "fictional",
        "fictional": true,
        "location_precision": "fictional",
        "story_position": {
          "x": 0.534,
          "y": 0.822
        },
        "first_appearance": 3,
        "chapters": [
          3
        ],
        "characters": [],
        "description": "A樓地下層的活動室，一群年輕人在此學習與怪物對戰的技巧，導師是大舊。",
        "confidence": 0.92,
        "review_status": "reviewed",
        "source": "bing_gang",
        "position_source": "同章（[3]）嘅 3 個已解析地點質心附近（環形偏移，id hash 決定）"
      }
    },
    {
      "type": "Feature",
      "geometry": {
        "type": "Point",
        "coordinates": [
          114.251943,
          22.30375
        ]
      },
      "properties": {
        "id": "loc_0011",
        "name": "C大樓裁衣部",
        "display_name": "C大樓裁衣部（虛構）",
        "location_type": "fictional",
        "fictional": true,
        "location_precision": "fictional",
        "story_position": {
          "x": 0.644,
          "y": 0.735
        },
        "first_appearance": 3,
        "chapters": [
          3
        ],
        "characters": [],
        "description": "M利用此處的裁衣機在小鐵片上鑽洞穿繩，製成攀爬用的抓勾。",
        "confidence": 0.88,
        "review_status": "reviewed",
        "source": "bing_gang",
        "position_source": "同章（[3]）嘅 3 個已解析地點質心附近（環形偏移，id hash 決定）"
      }
    },
    {
      "type": "Feature",
      "geometry": {
        "type": "Point",
        "coordinates": [
          114.25343,
          22.30581
        ]
      },
      "properties": {
        "id": "loc_0012",
        "name": "中央廣場",
        "display_name": "中央廣場（推斷位置）",
        "location_type": "district",
        "fictional": false,
        "location_precision": "approximate",
        "story_position": {
          "x": 0.416,
          "y": 0.417
        },
        "first_appearance": 3,
        "chapters": [
          3
        ],
        "characters": [],
        "description": "大本營中央設有大營火的地方，翌日居民在廣場上議論爆窗偷食物的事件。",
        "confidence": 0.85,
        "review_status": "reviewed",
        "source": "bing_gang",
        "inferred_from": "inf_loc_0012"
      }
    },
    {
      "type": "Feature",
      "geometry": {
        "type": "Point",
        "coordinates": [
          114.253304,
          22.308495
        ]
      },
      "properties": {
        "id": "loc_0013",
        "name": "病窩",
        "display_name": "病窩（虛構）",
        "location_type": "fictional",
        "fictional": true,
        "location_precision": "fictional",
        "story_position": {
          "x": 0.683,
          "y": 0.211
        },
        "first_appearance": 3,
        "chapters": [
          3
        ],
        "characters": [
          "病腦",
          "M",
          "夏晴",
          "天明",
          "舌女",
          "漢森",
          "Dr.D",
          "大廚",
          "奎斯",
          "賴桑",
          "公仔"
        ],
        "description": "病腦憑高智力會佔據荒廢建築物作為自己的巢穴，簡稱「病窩」，入面可能擺放詭異裝飾品。",
        "confidence": 0.9,
        "review_status": "reviewed",
        "source": "bing_gang",
        "position_source": "同章（[3]）嘅 3 個已解析地點質心附近（環形偏移，id hash 決定）"
      }
    },
    {
      "type": "Feature",
      "geometry": {
        "type": "Point",
        "coordinates": [
          114.1694,
          22.3193
        ]
      },
      "properties": {
        "id": "loc_0014",
        "name": "香港",
        "display_name": "香港（參考位置）",
        "location_type": "district",
        "fictional": false,
        "location_precision": "district",
        "story_position": {
          "x": 0.532,
          "y": 0.376
        },
        "first_appearance": 1,
        "chapters": [
          1
        ],
        "characters": [
          "馬德梵",
          "不破尚",
          "飛虎部隊"
        ],
        "description": "故事舞台位於香港，病毒爆發後第一個星期過去，整個香港就好像停止了運作一樣。",
        "confidence": 1.0,
        "review_status": "reviewed",
        "source": "bing_gang",
        "map_hidden": true,
        "position_source": "由地圖排除：「香港」係整個故事嘅**舞台設定**，唔係一個具體地點。喺地圖上標一個點冇意義。"
      }
    },
    {
      "type": "Feature",
      "geometry": {
        "type": "Point",
        "coordinates": [
          114.268291,
          22.32326
        ]
      },
      "properties": {
        "id": "loc_0015",
        "name": "主角的安全屋大廈",
        "display_name": "主角的安全屋大廈（虛構）",
        "location_type": "fictional",
        "fictional": true,
        "location_precision": "fictional",
        "story_position": {
          "x": 0.461,
          "y": 0.278
        },
        "first_appearance": 1,
        "chapters": [
          1
        ],
        "characters": [],
        "description": "主角所住的單位位於大廈十二樓，他離開時不乘沾滿乾涸血跡的升降機，改為沿樓梯落到地下，沿途滿是血臭味。",
        "confidence": 1.0,
        "review_status": "reviewed",
        "source": "bing_gang",
        "position_source": "同章（[1]）嘅 1 個已解析地點質心附近（環形偏移，id hash 決定）；已排除 1 個區域外錨點"
      }
    },
    {
      "type": "Feature",
      "geometry": {
        "type": "Point",
        "coordinates": [
          114.271501,
          22.320326
        ]
      },
      "properties": {
        "id": "loc_0016",
        "name": "鄰近的便利店",
        "display_name": "鄰近的便利店（虛構）",
        "location_type": "fictional",
        "fictional": true,
        "location_precision": "fictional",
        "story_position": {
          "x": 0.261,
          "y": 0.758
        },
        "first_appearance": 1,
        "chapters": [
          1
        ],
        "characters": [],
        "description": "主角逃出大廈後躲進鄰近一間似被搶購一空的便利店，並藏身於裝有只能由內望外之特製玻璃門的員工休息室，目擊夏晴一行人進店。",
        "confidence": 1.0,
        "review_status": "reviewed",
        "source": "bing_gang",
        "position_source": "同章（[1]）嘅 1 個已解析地點質心附近（環形偏移，id hash 決定）；已排除 1 個區域外錨點"
      }
    },
    {
      "type": "Feature",
      "geometry": {
        "type": "Point",
        "coordinates": [
          114.26775037766079,
          22.321380590524146
        ]
      },
      "properties": {
        "id": "loc_0017",
        "name": "荒廢已久的商場",
        "display_name": "荒廢已久的商場（參考位置）",
        "location_type": "district",
        "fictional": false,
        "location_precision": "approximate",
        "story_position": {
          "x": 0.696,
          "y": 0.382
        },
        "first_appearance": 1,
        "chapters": [
          1
        ],
        "characters": [],
        "description": "M與夏晴逃離便利店後，到附近一間荒廢已久的商場停下喘氣休息，夏晴在此質問M殺死阿明一事。",
        "confidence": 1.0,
        "review_status": "reviewed",
        "source": "bing_gang"
      }
    },
    {
      "type": "Feature",
      "geometry": {
        "type": "Point",
        "coordinates": [
          114.25355,
          22.30613
        ]
      },
      "properties": {
        "id": "loc_0018",
        "name": "B樓醫療室",
        "display_name": "B樓醫療室（推斷位置）",
        "location_type": "landmark",
        "fictional": false,
        "location_precision": "exact",
        "story_position": {
          "x": 0.564,
          "y": 0.743
        },
        "first_appearance": 4,
        "chapters": [
          4
        ],
        "characters": [],
        "description": "大本營B樓差唔多成幢用作醫療用途，內部雜亂，醫療人員忙於照顧病人，亦有葬屍隊待命，當地死亡率異常地高。",
        "confidence": 0.92,
        "review_status": "reviewed",
        "source": "bing_gang",
        "inferred_from": "inf_loc_0018"
      }
    },
    {
      "type": "Feature",
      "geometry": {
        "type": "Point",
        "coordinates": [
          114.26701611352712,
          22.319209384298468
        ]
      },
      "properties": {
        "id": "loc_0020",
        "name": "小公園",
        "display_name": "小公園（參考位置）",
        "location_type": "district",
        "fictional": false,
        "location_precision": "approximate",
        "story_position": {
          "x": 0.695,
          "y": 0.376
        },
        "first_appearance": 4,
        "chapters": [
          4
        ],
        "characters": [],
        "description": "送葬隊推住載滿屍袋嘅大推車途中，喺一處小公園稍作休息後再繼續出發。",
        "confidence": 0.75,
        "review_status": "reviewed",
        "source": "bing_gang"
      }
    },
    {
      "type": "Feature",
      "geometry": {
        "type": "Point",
        "coordinates": [
          114.2670560311284,
          22.32225584802014
        ]
      },
      "properties": {
        "id": "loc_0021",
        "name": "商場（病腦嘅病窩）",
        "display_name": "商場（病腦嘅病窩）（參考位置）",
        "location_type": "district",
        "fictional": false,
        "location_precision": "approximate",
        "story_position": {
          "x": 0.695,
          "y": 0.384
        },
        "first_appearance": 5,
        "chapters": [
          5
        ],
        "characters": [],
        "description": "一座商場係病腦嘅病窩，大本營以運送屍體做貢品，換取搜索隊入內尋找食物同水。",
        "confidence": 0.95,
        "review_status": "reviewed",
        "source": "bing_gang",
        "zone_ids": [
          "zone_0ea1df95d6"
        ]
      }
    },
    {
      "type": "Feature",
      "geometry": {
        "type": "Point",
        "coordinates": [
          114.25343,
          22.30581
        ]
      },
      "properties": {
        "id": "loc_0022",
        "name": "大本營市場",
        "display_name": "大本營市場（推斷位置）",
        "location_type": "district",
        "fictional": false,
        "location_precision": "approximate",
        "story_position": {
          "x": 0.312,
          "y": 0.331
        },
        "first_appearance": 5,
        "chapters": [
          5
        ],
        "characters": [],
        "description": "大本營內嘅市場採用以物易物方式交易，並非共享制。",
        "confidence": 0.9,
        "review_status": "reviewed",
        "source": "bing_gang",
        "inferred_from": "inf_loc_0022"
      }
    },
    {
      "type": "Feature",
      "geometry": {
        "type": "Point",
        "coordinates": [
          114.25343,
          22.30581
        ]
      },
      "properties": {
        "id": "loc_0023",
        "name": "三樓儲物室",
        "display_name": "三樓儲物室（推斷位置）",
        "location_type": "district",
        "fictional": false,
        "location_precision": "approximate",
        "story_position": {
          "x": 0.539,
          "y": 0.337
        },
        "first_appearance": 5,
        "chapters": [
          5
        ],
        "characters": [],
        "description": "大本營三樓有一間堆放建築廢料嘅細築廢料嘅細儲物室，夠靜，主角喺度獨自進食。",
        "confidence": 0.9,
        "review_status": "reviewed",
        "source": "bing_gang",
        "inferred_from": "inf_loc_0023"
      }
    },
    {
      "type": "Feature",
      "geometry": {
        "type": "Point",
        "coordinates": [
          114.25343,
          22.30581
        ]
      },
      "properties": {
        "id": "loc_0024",
        "name": "大本營市集",
        "display_name": "大本營市集（推斷位置）",
        "location_type": "district",
        "fictional": false,
        "location_precision": "approximate",
        "story_position": {
          "x": 0.778,
          "y": 0.366
        },
        "first_appearance": 6,
        "chapters": [
          6
        ],
        "characters": [
          "間諜"
        ],
        "description": "大本營內的市集，主角在此發現並換購了音樂盒。",
        "confidence": 0.9,
        "review_status": "reviewed",
        "source": "bing_gang",
        "inferred_from": "inf_loc_0024"
      }
    },
    {
      "type": "Feature",
      "geometry": {
        "type": "Point",
        "coordinates": [
          114.26441176470588,
          22.321784710460058
        ]
      },
      "properties": {
        "id": "loc_0025",
        "name": "病窩商場",
        "display_name": "病窩商場（參考位置）",
        "location_type": "district",
        "fictional": false,
        "location_precision": "approximate",
        "story_position": {
          "x": 0.691,
          "y": 0.383
        },
        "first_appearance": 6,
        "chapters": [
          6
        ],
        "characters": [],
        "description": "送葬隊搬運屍體進入的陰沉商場，被視為病腦的地頭，M與阿登在此鎖上入口與送葬隊對峙。",
        "confidence": 0.95,
        "review_status": "reviewed",
        "source": "bing_gang"
      }
    },
    {
      "type": "Feature",
      "geometry": {
        "type": "Point",
        "coordinates": [
          114.256409,
          22.316716
        ]
      },
      "properties": {
        "id": "loc_0026",
        "name": "演講廳",
        "display_name": "演講廳（虛構）",
        "location_type": "fictional",
        "fictional": true,
        "location_precision": "fictional",
        "story_position": {
          "x": 0.463,
          "y": 0.317
        },
        "first_appearance": 6,
        "chapters": [
          6
        ],
        "characters": [],
        "description": "位於一樓、觀眾席約容納百多人的演講廳，講台上擺放鋼琴，當日有女性彈奏演出。",
        "confidence": 0.9,
        "review_status": "reviewed",
        "source": "bing_gang",
        "position_source": "同章（[6]）嘅 2 個已解析地點質心附近（環形偏移，id hash 決定）"
      }
    },
    {
      "type": "Feature",
      "geometry": {
        "type": "Point",
        "coordinates": [
          114.256796,
          22.315734
        ]
      },
      "properties": {
        "id": "loc_0027",
        "name": "雜物房",
        "display_name": "雜物房（虛構）",
        "location_type": "fictional",
        "fictional": true,
        "location_precision": "fictional",
        "story_position": {
          "x": 0.531,
          "y": 0.527
        },
        "first_appearance": 6,
        "chapters": [
          6
        ],
        "characters": [],
        "description": "M自行從雜物房找來一條索帶備用。",
        "confidence": 0.85,
        "review_status": "reviewed",
        "source": "bing_gang",
        "position_source": "同章（[6]）嘅 2 個已解析地點質心附近（環形偏移，id hash 決定）"
      }
    },
    {
      "type": "Feature",
      "geometry": {
        "type": "Point",
        "coordinates": [
          114.257616,
          22.31222
        ]
      },
      "properties": {
        "id": "loc_0028",
        "name": "休息室",
        "display_name": "休息室（虛構）",
        "location_type": "fictional",
        "fictional": true,
        "location_precision": "fictional",
        "story_position": {
          "x": 0.292,
          "y": 0.666
        },
        "first_appearance": 6,
        "chapters": [
          6
        ],
        "characters": [
          "玲玲",
          "阿登",
          "娃娃",
          "老師（敘述者）"
        ],
        "description": "M睡覺休息之處，大舉推門進來在此找到他。",
        "confidence": 0.85,
        "review_status": "reviewed",
        "source": "bing_gang",
        "position_source": "同章（[6]）嘅 2 個已解析地點質心附近（環形偏移，id hash 決定）"
      }
    },
    {
      "type": "Feature",
      "geometry": {
        "type": "Point",
        "coordinates": [
          114.265,
          22.317
        ]
      },
      "properties": {
        "id": "loc_0029",
        "name": "商場",
        "display_name": "商場（參考位置）",
        "location_type": "district",
        "fictional": false,
        "location_precision": "district",
        "story_position": {
          "x": 0.692,
          "y": 0.37
        },
        "first_appearance": 7,
        "chapters": [
          7
        ],
        "characters": [
          "夏晴",
          "M（主角「我」）",
          "送葬隊",
          "病腦",
          "M",
          "少佐",
          "舌女",
          "漢森",
          "大鼻",
          "大舊",
          "王",
          "犬京",
          "傑仔",
          "老賢",
          "我（主角）",
          "病爪",
          "Leo",
          "阿宇",
          "大耳",
          "病童"
        ],
        "description": "故事主要場景之一，M承諾解決病腦後將商場一半物資分給送葬隊三人，眾人其後結伴深入商場。",
        "confidence": 0.9,
        "review_status": "reviewed",
        "source": "bing_gang"
      }
    },
    {
      "type": "Feature",
      "geometry": {
        "type": "Point",
        "coordinates": [
          114.26054872968643,
          22.311484504463262
        ]
      },
      "properties": {
        "id": "loc_0030",
        "name": "百貨超市（商場三樓）",
        "display_name": "百貨超市（商場三樓）（參考位置）",
        "location_type": "district",
        "fictional": false,
        "location_precision": "approximate",
        "story_position": {
          "x": 0.684,
          "y": 0.355
        },
        "first_appearance": 7,
        "chapters": [
          7
        ],
        "characters": [],
        "description": "位於商場三樓的百貨超市，內有食物、煙酒等物資；阿陳在此被舌女拖入深處，透明捲閘隨即落下。",
        "confidence": 0.92,
        "review_status": "reviewed",
        "source": "bing_gang"
      }
    },
    {
      "type": "Feature",
      "geometry": {
        "type": "Point",
        "coordinates": [
          114.264663,
          22.314057
        ]
      },
      "properties": {
        "id": "loc_0031",
        "name": "寵物店",
        "display_name": "寵物店（虛構）",
        "location_type": "fictional",
        "fictional": true,
        "location_precision": "fictional",
        "story_position": {
          "x": 0.193,
          "y": 0.726
        },
        "first_appearance": 7,
        "chapters": [
          7
        ],
        "characters": [
          "推車手",
          "舌女"
        ],
        "description": "商場內一間寵物店，四人逃入其中以狗鏈及防咬圈設陷阱對付舌女，店內散發死去倉鼠腐爛的屍臭。",
        "confidence": 0.93,
        "review_status": "reviewed",
        "source": "bing_gang",
        "position_source": "同章（[7]）嘅 2 個已解析地點質心附近（環形偏移，id hash 決定）"
      }
    },
    {
      "type": "Feature",
      "geometry": {
        "type": "Point",
        "coordinates": [
          114.2705653009842,
          22.31699075303273
        ]
      },
      "properties": {
        "id": "loc_0032",
        "name": "商場四樓",
        "display_name": "商場四樓（參考位置）",
        "location_type": "district",
        "fictional": false,
        "location_precision": "approximate",
        "story_position": {
          "x": 0.701,
          "y": 0.37
        },
        "first_appearance": 8,
        "chapters": [
          8
        ],
        "characters": [],
        "description": "商場四樓整層幾乎被改頭換面佈置成病腦的婚禮會場，鋪有紅地毯，腐臭極重，並散落沙發、木桌、雪櫃等傢俱。",
        "confidence": 0.9,
        "review_status": "reviewed",
        "source": "bing_gang"
      }
    },
    {
      "type": "Feature",
      "geometry": {
        "type": "Point",
        "coordinates": [
          114.26781666285191,
          22.31103662165255
        ]
      },
      "properties": {
        "id": "loc_0033",
        "name": "商場（病窩）",
        "display_name": "商場（病窩）（參考位置）",
        "location_type": "district",
        "fictional": false,
        "location_precision": "approximate",
        "story_position": {
          "x": 0.696,
          "y": 0.354
        },
        "first_appearance": 9,
        "chapters": [
          9
        ],
        "characters": [],
        "description": "故事主場景係一座多層商場（即病窩），設有電梯、自動灑水系統、後樓梯及各類店舖，眾人需喺天黑前搜刮物資離開。",
        "confidence": 0.9,
        "review_status": "reviewed",
        "source": "bing_gang",
        "zone_ids": [
          "zone_0ea1df95d6"
        ]
      }
    },
    {
      "type": "Feature",
      "geometry": {
        "type": "Point",
        "coordinates": [
          114.261186,
          22.310366
        ]
      },
      "properties": {
        "id": "loc_0034",
        "name": "玩具反斗城",
        "display_name": "玩具反斗城（虛構）",
        "location_type": "fictional",
        "fictional": true,
        "location_precision": "fictional",
        "story_position": {
          "x": 0.792,
          "y": 0.578
        },
        "first_appearance": 9,
        "chapters": [
          9
        ],
        "characters": [],
        "description": "商場三樓盡頭有一間面積很大嘅玩具反斗城商店，地圖板顯示佢有兩個出入口，其中一個有樓梯可以落到二樓下面。",
        "confidence": 0.9,
        "review_status": "reviewed",
        "source": "bing_gang",
        "position_source": "同章（[9]）嘅 2 個已解析地點質心附近（環形偏移，id hash 決定）"
      }
    },
    {
      "type": "Feature",
      "geometry": {
        "type": "Point",
        "coordinates": [
          114.258685,
          22.307034
        ]
      },
      "properties": {
        "id": "loc_0035",
        "name": "後樓梯",
        "display_name": "後樓梯（虛構）",
        "location_type": "fictional",
        "fictional": true,
        "location_precision": "fictional",
        "story_position": {
          "x": 0.208,
          "y": 0.562
        },
        "first_appearance": 9,
        "chapters": [
          9
        ],
        "characters": [
          "病腦",
          "Sona嘅爺爺"
        ],
        "description": "商場左面設有後樓梯，係眾人二樓上嚟時行過嘅路徑；病腦實際藏身喺左面後樓梯間窺視眾人。",
        "confidence": 0.88,
        "review_status": "reviewed",
        "source": "bing_gang",
        "position_source": "同章（[9]）嘅 2 個已解析地點質心附近（環形偏移，id hash 決定）"
      }
    },
    {
      "type": "Feature",
      "geometry": {
        "type": "Point",
        "coordinates": [
          114.259612,
          22.305822
        ]
      },
      "properties": {
        "id": "loc_0036",
        "name": "電器鋪",
        "display_name": "電器鋪（虛構）",
        "location_type": "fictional",
        "fictional": true,
        "location_precision": "fictional",
        "story_position": {
          "x": 0.522,
          "y": 0.82
        },
        "first_appearance": 9,
        "chapters": [
          9
        ],
        "characters": [],
        "description": "商場內一間電器鋪嘅電視仍未關掉，重複播放美劇男女主角結婚嘅畫面，與四周婚禮佈置呼應。",
        "confidence": 0.9,
        "review_status": "reviewed",
        "source": "bing_gang",
        "position_source": "同章（[9]）嘅 2 個已解析地點質心附近（環形偏移，id hash 決定）"
      }
    },
    {
      "type": "Feature",
      "geometry": {
        "type": "Point",
        "coordinates": [
          114.25343,
          22.30581
        ]
      },
      "properties": {
        "id": "loc_0037",
        "name": "學校",
        "display_name": "學校（推斷位置）",
        "location_type": "district",
        "fictional": false,
        "location_precision": "approximate",
        "story_position": {
          "x": 0.692,
          "y": 0.397
        },
        "first_appearance": 9,
        "chapters": [
          9
        ],
        "characters": [
          "班尼",
          "我（主角）",
          "少佐",
          "大舊Sir",
          "瑜小六",
          "阿玲",
          "賴三老師",
          "說書人",
          "賴桑",
          "王達尼",
          "女兒（一家四口）"
        ],
        "description": "大本營一支四人小隊曾喺學校遇到大鼻，攻擊無效後全數嚴重昏迷，其中兩人嚴重中毒。",
        "confidence": 0.88,
        "review_status": "reviewed",
        "source": "bing_gang",
        "inferred_from": "inf_loc_0037"
      }
    },
    {
      "type": "Feature",
      "geometry": {
        "type": "Point",
        "coordinates": [
          114.25343,
          22.30581
        ]
      },
      "properties": {
        "id": "loc_0038",
        "name": "大本營A樓七樓０４號活動室",
        "display_name": "大本營A樓七樓０４號活動室（推斷位置）",
        "location_type": "district",
        "fictional": false,
        "location_precision": "approximate",
        "story_position": {
          "x": 0.445,
          "y": 0.761
        },
        "first_appearance": 10,
        "chapters": [
          10
        ],
        "characters": [
          "天明"
        ],
        "description": "天明與老婆居住的私人宿舍，由活動室改裝而成，眾人一星期後在此聚餐。",
        "confidence": 0.95,
        "review_status": "reviewed",
        "source": "bing_gang",
        "inferred_from": "inf_loc_0038"
      }
    },
    {
      "type": "Feature",
      "geometry": {
        "type": "Point",
        "coordinates": [
          114.25343,
          22.30581
        ]
      },
      "properties": {
        "id": "loc_0039",
        "name": "老賢的房間",
        "display_name": "老賢的房間（推斷位置）",
        "location_type": "district",
        "fictional": false,
        "location_precision": "approximate",
        "story_position": {
          "x": 0.704,
          "y": 0.443
        },
        "first_appearance": 10,
        "chapters": [
          10,
          18
        ],
        "characters": [],
        "description": "首領老賢在大本營的房間，開門傳來糖果味，桌上放有一罐果汁糖。",
        "confidence": 0.85,
        "review_status": "reviewed",
        "source": "bing_gang",
        "inferred_from": "inf_loc_0039",
        "aliases": [
          "老賢房間"
        ]
      }
    },
    {
      "type": "Feature",
      "geometry": {
        "type": "Point",
        "coordinates": [
          114.25311,
          22.3059
        ]
      },
      "properties": {
        "id": "loc_0040",
        "name": "A橦五樓",
        "display_name": "A橦五樓（推斷位置）",
        "location_type": "landmark",
        "fictional": false,
        "location_precision": "exact",
        "story_position": {
          "x": 0.211,
          "y": 0.519
        },
        "first_appearance": 11,
        "chapters": [
          11
        ],
        "characters": [],
        "description": "大本營內的一處建築，少佐約主角翌日到五樓見面，其角落房間成為商議機密之地。",
        "confidence": 0.95,
        "review_status": "reviewed",
        "source": "bing_gang",
        "inferred_from": "inf_loc_0040"
      }
    },
    {
      "type": "Feature",
      "geometry": {
        "type": "Point",
        "coordinates": [
          114.25343,
          22.30581
        ]
      },
      "properties": {
        "id": "loc_0041",
        "name": "大本營市集區",
        "display_name": "大本營市集區（推斷位置）",
        "location_type": "district",
        "fictional": false,
        "location_precision": "approximate",
        "story_position": {
          "x": 0.679,
          "y": 0.382
        },
        "first_appearance": 11,
        "chapters": [
          11
        ],
        "characters": [],
        "description": "大本營內的市集，攤販以「貢獻度」出售物品，包括槍械；沖涼等服務亦需以貢獻度支付。",
        "confidence": 0.95,
        "review_status": "reviewed",
        "source": "bing_gang",
        "inferred_from": "inf_loc_0041"
      }
    },
    {
      "type": "Feature",
      "geometry": {
        "type": "Point",
        "coordinates": [
          114.25343,
          22.30581
        ]
      },
      "properties": {
        "id": "loc_0042",
        "name": "露天泳池更衣室",
        "display_name": "露天泳池更衣室（推斷位置）",
        "location_type": "district",
        "fictional": false,
        "location_precision": "approximate",
        "story_position": {
          "x": 0.583,
          "y": 0.383
        },
        "first_appearance": 11,
        "chapters": [
          11
        ],
        "characters": [],
        "description": "大本營內原為露天泳池的更衣室，現改作付費淋浴用途，一粒貢獻度可沖一分鐘涼。",
        "confidence": 0.9,
        "review_status": "reviewed",
        "source": "bing_gang",
        "inferred_from": "inf_loc_0042"
      }
    },
    {
      "type": "Feature",
      "geometry": {
        "type": "Point",
        "coordinates": [
          114.272,
          22.332
        ]
      },
      "properties": {
        "id": "loc_0043",
        "name": "將軍澳",
        "display_name": "將軍澳（參考位置）",
        "location_type": "district",
        "fictional": false,
        "location_precision": "district",
        "story_position": {
          "x": 0.703,
          "y": 0.411
        },
        "first_appearance": 11,
        "chapters": [
          11
        ],
        "characters": [
          "M",
          "陌生少年",
          "病腦",
          "北賢",
          "小六",
          "我（主角・學堂老師）",
          "病童",
          "聽不破尚",
          "不破尚",
          "我（敘事者）",
          "鳥嘴老師",
          "W",
          "白鯨",
          "明雲"
        ],
        "description": "少佐房間長桌上放有一副將軍澳區的城市規劃圖，標示下水道位置、餐廳超市等物資地點及馬路方向。",
        "confidence": 0.9,
        "review_status": "reviewed",
        "source": "bing_gang"
      }
    },
    {
      "type": "Feature",
      "geometry": {
        "type": "Point",
        "coordinates": [
          114.27798571755551,
          22.327311970702677
        ]
      },
      "properties": {
        "id": "loc_0044",
        "name": "將軍澳區",
        "display_name": "將軍澳區（參考位置）",
        "location_type": "district",
        "fictional": false,
        "location_precision": "approximate",
        "story_position": {
          "x": 0.713,
          "y": 0.398
        },
        "first_appearance": 12,
        "chapters": [
          12
        ],
        "characters": [
          "不破尚",
          "W",
          "病童"
        ],
        "description": "組織嘅最終目標係喺將軍澳區建立一個小型文明社會體系。",
        "confidence": 0.95,
        "review_status": "reviewed",
        "source": "bing_gang"
      }
    },
    {
      "type": "Feature",
      "geometry": {
        "type": "Point",
        "coordinates": [
          114.25343,
          22.30581
        ]
      },
      "properties": {
        "id": "loc_0045",
        "name": "佛教志蓮小學",
        "display_name": "佛教志蓮小學（推斷位置）",
        "location_type": "district",
        "fictional": false,
        "location_precision": "approximate",
        "story_position": {
          "x": 0.66,
          "y": 0.473
        },
        "first_appearance": 12,
        "chapters": [
          12
        ],
        "characters": [
          "不良人"
        ],
        "description": "佛教志蓮小學係一間與大本營相隔幾條街嘅小學，被自稱「不良人」嘅倖存者團隊佔領。",
        "confidence": 0.95,
        "review_status": "reviewed",
        "source": "bing_gang",
        "inferred_from": "inf_loc_0045"
      }
    },
    {
      "type": "Feature",
      "geometry": {
        "type": "Point",
        "coordinates": [
          114.25343,
          22.30581
        ]
      },
      "properties": {
        "id": "loc_0046",
        "name": "安區",
        "display_name": "安區（推斷位置）",
        "location_type": "district",
        "fictional": false,
        "location_precision": "approximate",
        "story_position": {
          "x": 0.523,
          "y": 0.61
        },
        "first_appearance": 12,
        "chapters": [
          12
        ],
        "characters": [
          "阿玲",
          "老賢",
          "少佐",
          "賴三"
        ],
        "description": "大本營係一個名為「安區」嘅秘密組織基地。",
        "confidence": 0.95,
        "review_status": "reviewed",
        "source": "bing_gang",
        "inferred_from": "inf_loc_0046"
      }
    },
    {
      "type": "Feature",
      "geometry": {
        "type": "Point",
        "coordinates": [
          114.264544,
          22.315108
        ]
      },
      "properties": {
        "id": "loc_0047",
        "name": "七樓圖書館",
        "display_name": "七樓圖書館（虛構）",
        "location_type": "fictional",
        "fictional": true,
        "location_precision": "fictional",
        "story_position": {
          "x": 0.362,
          "y": 0.282
        },
        "first_appearance": 12,
        "chapters": [
          12
        ],
        "characters": [
          "王達尼"
        ],
        "description": "大本營七樓圖書館係核心成員上堂學習對付病者嘅地方。",
        "confidence": 0.9,
        "review_status": "reviewed",
        "source": "bing_gang",
        "position_source": "同章（[12]）嘅 3 個已解析地點質心附近（環形偏移，id hash 決定）"
      }
    },
    {
      "type": "Feature",
      "geometry": {
        "type": "Point",
        "coordinates": [
          114.264547,
          22.311265
        ]
      },
      "properties": {
        "id": "loc_0048",
        "name": "巴士站",
        "display_name": "巴士站（虛構）",
        "location_type": "fictional",
        "fictional": true,
        "location_precision": "fictional",
        "story_position": {
          "x": 0.702,
          "y": 0.337
        },
        "first_appearance": 12,
        "chapters": [
          12
        ],
        "characters": [
          "病爪"
        ],
        "description": "搜尋隊喺距離幾條街之外嘅一個巴士站發現咗新型病者「病爪」。",
        "confidence": 0.85,
        "review_status": "reviewed",
        "source": "bing_gang",
        "position_source": "同章（[12]）嘅 3 個已解析地點質心附近（環形偏移，id hash 決定）"
      }
    },
    {
      "type": "Feature",
      "geometry": {
        "type": "Point",
        "coordinates": [
          114.25343,
          22.30581
        ]
      },
      "properties": {
        "id": "loc_0049",
        "name": "飯堂",
        "display_name": "飯堂（推斷位置）",
        "location_type": "district",
        "fictional": false,
        "location_precision": "approximate",
        "story_position": {
          "x": 0.679,
          "y": 0.719
        },
        "first_appearance": 13,
        "chapters": [
          13
        ],
        "characters": [
          "瑜小六"
        ],
        "description": "志願軍學生下課後會一起到大本營的飯堂進食；該日職員因材料不足且要留給其他人，每人只奉上一碗菜湯。",
        "confidence": 0.9,
        "review_status": "reviewed",
        "source": "bing_gang",
        "inferred_from": "inf_loc_0049"
      }
    },
    {
      "type": "Feature",
      "geometry": {
        "type": "Point",
        "coordinates": [
          114.257059,
          22.306854
        ]
      },
      "properties": {
        "id": "loc_0050",
        "name": "將軍澳中心",
        "display_name": "將軍澳中心（推斷位置）",
        "location_type": "landmark",
        "fictional": false,
        "location_precision": "exact",
        "story_position": {
          "x": 0.713,
          "y": 0.409
        },
        "first_appearance": 14,
        "chapters": [
          14
        ],
        "characters": [
          "M",
          "陌生少年",
          "病腦",
          "小六"
        ],
        "description": "故事中大本營指示的新人搜索地點，與大本營距離很近，該區商場的病者基本上已被殺絕。",
        "confidence": 0.9,
        "review_status": "reviewed",
        "source": "bing_gang",
        "inferred_from": "inf_loc_0050"
      }
    },
    {
      "type": "Feature",
      "geometry": {
        "type": "Point",
        "coordinates": [
          114.25343,
          22.30581
        ]
      },
      "properties": {
        "id": "loc_0051",
        "name": "天台",
        "display_name": "天台（推斷位置）",
        "location_type": "district",
        "fictional": false,
        "location_precision": "approximate",
        "story_position": {
          "x": 0.196,
          "y": 0.618
        },
        "first_appearance": 14,
        "chapters": [
          14
        ],
        "characters": [
          "瑜小六",
          "銘凱",
          "我（敘事者）",
          "奎斯",
          "陸軒",
          "我（敘事者／鳥嘴兄）"
        ],
        "description": "大本營的天台，主角喜歡在雨天到此觀望天空，並曾與少佐在此長談。",
        "confidence": 0.85,
        "review_status": "reviewed",
        "source": "bing_gang",
        "inferred_from": "inf_loc_0051"
      }
    },
    {
      "type": "Feature",
      "geometry": {
        "type": "Point",
        "coordinates": [
          114.25343,
          22.30581
        ]
      },
      "properties": {
        "id": "loc_0052",
        "name": "市集",
        "display_name": "市集（推斷位置）",
        "location_type": "district",
        "fictional": false,
        "location_precision": "approximate",
        "story_position": {
          "x": 0.498,
          "y": 0.249
        },
        "first_appearance": 14,
        "chapters": [
          14
        ],
        "characters": [
          "八字鬍老闆",
          "間諜",
          "阿文",
          "奧迪",
          "老師（敘述者）",
          "愛紗"
        ],
        "description": "大本營內的市集，物資可在此換取靚武器；阿登其後亦到市場替主角找武器。",
        "confidence": 0.75,
        "review_status": "reviewed",
        "source": "bing_gang",
        "inferred_from": "inf_loc_0052"
      }
    },
    {
      "type": "Feature",
      "geometry": {
        "type": "Point",
        "coordinates": [
          114.257059,
          22.306854
        ]
      },
      "properties": {
        "id": "loc_0053",
        "name": "超市",
        "display_name": "超市（推斷位置）",
        "location_type": "district",
        "fictional": false,
        "location_precision": "approximate",
        "story_position": {
          "x": 0.84,
          "y": 0.749
        },
        "first_appearance": 15,
        "chapters": [
          15
        ],
        "characters": [
          "阿陳",
          "舌女",
          "少佐",
          "公仔",
          "病童"
        ],
        "description": "大直路隔離有路通向將軍澳中心嘅超市，被少佐標記為安全物資搜索區，三人為避開病者而穿過，貨架早已空空如也。",
        "confidence": 0.85,
        "review_status": "reviewed",
        "source": "bing_gang",
        "inferred_from": "inf_loc_0053"
      }
    },
    {
      "type": "Feature",
      "geometry": {
        "type": "Point",
        "coordinates": [
          114.254636,
          22.308925
        ]
      },
      "properties": {
        "id": "loc_0054",
        "name": "二樓欄邊",
        "display_name": "二樓欄邊（虛構）",
        "location_type": "fictional",
        "fictional": true,
        "location_precision": "fictional",
        "story_position": {
          "x": 0.414,
          "y": 0.506
        },
        "first_appearance": 16,
        "chapters": [
          16
        ],
        "characters": [
          "犬京"
        ],
        "description": "犬京與其狗Ricky停留的位置，位於某建築物的二樓欄杆旁。",
        "confidence": 0.75,
        "review_status": "reviewed",
        "source": "bing_gang",
        "position_source": "冇同章（區內）錨點，用故事主場景（將軍澳校園一帶）"
      }
    },
    {
      "type": "Feature",
      "geometry": {
        "type": "Point",
        "coordinates": [
          114.250062,
          22.306363
        ]
      },
      "properties": {
        "id": "loc_0055",
        "name": "呢一區",
        "display_name": "呢一區（虛構）",
        "location_type": "fictional",
        "fictional": true,
        "location_precision": "fictional",
        "story_position": {
          "x": 0.186,
          "y": 0.484
        },
        "first_appearance": 16,
        "chapters": [
          16
        ],
        "characters": [],
        "description": "犬京警告M等人不要再返回的區域，由被稱為「王」的新型病者盤踞。",
        "confidence": 0.7,
        "review_status": "reviewed",
        "source": "bing_gang",
        "position_source": "冇同章（區內）錨點，用故事主場景（將軍澳校園一帶）"
      }
    },
    {
      "type": "Feature",
      "geometry": {
        "type": "Point",
        "coordinates": [
          114.251995,
          22.307933
        ]
      },
      "properties": {
        "id": "loc_0056",
        "name": "少佐辦公室",
        "display_name": "少佐辦公室（虛構）",
        "location_type": "fictional",
        "fictional": true,
        "location_precision": "fictional",
        "story_position": {
          "x": 0.832,
          "y": 0.32
        },
        "first_appearance": 17,
        "chapters": [
          17
        ],
        "characters": [
          "小六",
          "啤酒佬"
        ],
        "description": "位於五樓的少佐私人辦公室，門外有看守把守，亦是少佐拷問及處決間諜的地方。",
        "confidence": 0.95,
        "review_status": "reviewed",
        "source": "bing_gang",
        "position_source": "冇同章（區內）錨點，用故事主場景（將軍澳校園一帶）"
      }
    },
    {
      "type": "Feature",
      "geometry": {
        "type": "Point",
        "coordinates": [
          114.251047,
          22.306915
        ]
      },
      "properties": {
        "id": "loc_0057",
        "name": "圖書館私人房間",
        "display_name": "圖書館私人房間（虛構）",
        "location_type": "fictional",
        "fictional": true,
        "location_precision": "fictional",
        "story_position": {
          "x": 0.728,
          "y": 0.361
        },
        "first_appearance": 17,
        "chapters": [
          17
        ],
        "characters": [
          "老賢"
        ],
        "description": "老賢在圖書館設有私人房間，因大舊失蹤事件召見主角與少佐到此相見。",
        "confidence": 0.9,
        "review_status": "reviewed",
        "source": "bing_gang",
        "position_source": "冇同章（區內）錨點，用故事主場景（將軍澳校園一帶）"
      }
    },
    {
      "type": "Feature",
      "geometry": {
        "type": "Point",
        "coordinates": [
          114.252757,
          22.307982
        ]
      },
      "properties": {
        "id": "loc_0058",
        "name": "大舊宿舍",
        "display_name": "大舊宿舍（虛構）",
        "location_type": "fictional",
        "fictional": true,
        "location_precision": "fictional",
        "story_position": {
          "x": 0.598,
          "y": 0.176
        },
        "first_appearance": 17,
        "chapters": [
          17
        ],
        "characters": [],
        "description": "大舊的宿舍內可用物資在其失蹤時全被帶走，包括打火機、消防斧、鬧鐘和食物。",
        "confidence": 0.9,
        "review_status": "reviewed",
        "source": "bing_gang",
        "position_source": "冇同章（區內）錨點，用故事主場景（將軍澳校園一帶）"
      }
    },
    {
      "type": "Feature",
      "geometry": {
        "type": "Point",
        "coordinates": [
          114.2620141451133,
          22.314159349965667
        ]
      },
      "properties": {
        "id": "loc_0059",
        "name": "popcorn商場",
        "display_name": "popcorn商場（參考位置）",
        "location_type": "district",
        "fictional": false,
        "location_precision": "approximate",
        "story_position": {
          "x": 0.687,
          "y": 0.363
        },
        "first_appearance": 18,
        "chapters": [
          18
        ],
        "characters": [
          "我（主角）",
          "病爪"
        ],
        "description": "popcorn商場是一條會通往地鐵站的商場，眾人在其中央發現屍山，並於戲院旁及UNIQLO等位置活動。",
        "confidence": 0.95,
        "review_status": "reviewed",
        "source": "bing_gang"
      }
    },
    {
      "type": "Feature",
      "geometry": {
        "type": "Point",
        "coordinates": [
          114.255902,
          22.310704
        ]
      },
      "properties": {
        "id": "loc_0060",
        "name": "安全區北門",
        "display_name": "安全區北門（虛構）",
        "location_type": "fictional",
        "fictional": true,
        "location_precision": "fictional",
        "story_position": {
          "x": 0.815,
          "y": 0.328
        },
        "first_appearance": 18,
        "chapters": [
          18
        ],
        "characters": [],
        "description": "少佐約定M五分鐘後在安全區樓下的北門集合出發。",
        "confidence": 0.9,
        "review_status": "reviewed",
        "source": "bing_gang",
        "position_source": "同章（[18]）嘅 2 個已解析地點質心附近（環形偏移，id hash 決定）"
      }
    },
    {
      "type": "Feature",
      "geometry": {
        "type": "Point",
        "coordinates": [
          114.258125,
          22.31269
        ]
      },
      "properties": {
        "id": "loc_0061",
        "name": "廣播室",
        "display_name": "廣播室（虛構）",
        "location_type": "fictional",
        "fictional": true,
        "location_precision": "fictional",
        "story_position": {
          "x": 0.664,
          "y": 0.375
        },
        "first_appearance": 18,
        "chapters": [
          18
        ],
        "characters": [
          "地中海大叔"
        ],
        "description": "M強行闖入廣播室使用廣播系統呼叫瑜小六，其後被一名地中海大叔拉出去。",
        "confidence": 0.92,
        "review_status": "reviewed",
        "source": "bing_gang",
        "position_source": "同章（[18]）嘅 2 個已解析地點質心附近（環形偏移，id hash 決定）"
      }
    },
    {
      "type": "Feature",
      "geometry": {
        "type": "Point",
        "coordinates": [
          114.259646,
          22.308988
        ]
      },
      "properties": {
        "id": "loc_0062",
        "name": "UNIQLO大型衣店",
        "display_name": "UNIQLO大型衣店（虛構）",
        "location_type": "fictional",
        "fictional": true,
        "location_precision": "fictional",
        "story_position": {
          "x": 0.658,
          "y": 0.677
        },
        "first_appearance": 18,
        "chapters": [
          18
        ],
        "characters": [],
        "description": "四人躲入廣場中的UNIQLO大型衣店暫時喘息，並在店內撕衣服包紮傷口。",
        "confidence": 0.93,
        "review_status": "reviewed",
        "source": "bing_gang",
        "position_source": "同章（[18]）嘅 2 個已解析地點質心附近（環形偏移，id hash 決定）"
      }
    },
    {
      "type": "Feature",
      "geometry": {
        "type": "Point",
        "coordinates": [
          114.255134,
          22.311827
        ]
      },
      "properties": {
        "id": "loc_0063",
        "name": "志蓮小學",
        "display_name": "志蓮小學（虛構）",
        "location_type": "fictional",
        "fictional": true,
        "location_precision": "fictional",
        "story_position": {
          "x": 0.216,
          "y": 0.314
        },
        "first_appearance": 18,
        "chapters": [
          18
        ],
        "characters": [
          "不良人"
        ],
        "description": "據犬京所說，隔一條街之外的志蓮小學是「不良人」的根據地。",
        "confidence": 0.85,
        "review_status": "reviewed",
        "source": "bing_gang",
        "position_source": "同章（[18]）嘅 2 個已解析地點質心附近（環形偏移，id hash 決定）"
      }
    },
    {
      "type": "Feature",
      "geometry": {
        "type": "Point",
        "coordinates": [
          114.256521,
          22.312287
        ]
      },
      "properties": {
        "id": "loc_0065",
        "name": "安全區",
        "display_name": "安全區（虛構）",
        "location_type": "fictional",
        "fictional": true,
        "location_precision": "fictional",
        "story_position": {
          "x": 0.802,
          "y": 0.548
        },
        "first_appearance": 18,
        "chapters": [
          18
        ],
        "characters": [
          "M",
          "王達尼"
        ],
        "description": "Bomi所屬嘅倖存團體有一個安全區，犬京曾答應大霧散去後送佢返去。",
        "confidence": 0.9,
        "review_status": "reviewed",
        "source": "bing_gang",
        "position_source": "同章（[18]）嘅 2 個已解析地點質心附近（環形偏移，id hash 決定）"
      }
    },
    {
      "type": "Feature",
      "geometry": {
        "type": "Point",
        "coordinates": [
          114.257582,
          22.308171
        ]
      },
      "properties": {
        "id": "loc_0066",
        "name": "廣場中心處",
        "display_name": "廣場中心處（虛構）",
        "location_type": "fictional",
        "fictional": true,
        "location_precision": "fictional",
        "story_position": {
          "x": 0.72,
          "y": 0.805
        },
        "first_appearance": 18,
        "chapters": [
          18
        ],
        "characters": [],
        "description": "Bomi亂跑嘅雙腳最後喺廣場中心處停低，並喺嗰度由哭泣轉為怪笑、開始異變。",
        "confidence": 0.95,
        "review_status": "reviewed",
        "source": "bing_gang",
        "position_source": "同章（[18]）嘅 2 個已解析地點質心附近（環形偏移，id hash 決定）"
      }
    },
    {
      "type": "Feature",
      "geometry": {
        "type": "Point",
        "coordinates": [
          114.253431,
          22.30581
        ]
      },
      "properties": {
        "id": "loc_0067",
        "name": "廣場",
        "display_name": "廣場（推斷位置）",
        "location_type": "district",
        "fictional": false,
        "location_precision": "approximate",
        "story_position": {
          "x": 0.686,
          "y": 0.372
        },
        "first_appearance": 19,
        "chapters": [
          19
        ],
        "characters": [
          "不良人",
          "犬京",
          "大舊",
          "電鋸男",
          "少佐",
          "小佐",
          "Dr.D",
          "我（敘事者）",
          "董倫",
          "天明",
          "我（主角・學堂老師）",
          "病童",
          "聽不破尚",
          "不破尚",
          "哨兵哥",
          "余智海",
          "公仔",
          "奎斯",
          "愛紗"
        ],
        "description": "本章主要場景，內有銀行、玩具店、衣店等鋪頭，與將軍澳中心相隔一條街距離。",
        "confidence": 0.85,
        "review_status": "reviewed",
        "source": "bing_gang",
        "inferred_from": "inf_loc_0067"
      }
    },
    {
      "type": "Feature",
      "geometry": {
        "type": "Point",
        "coordinates": [
          114.253431,
          22.30581
        ]
      },
      "properties": {
        "id": "loc_0068",
        "name": "中國銀行",
        "display_name": "中國銀行（推斷位置）",
        "location_type": "district",
        "fictional": false,
        "location_precision": "approximate",
        "story_position": {
          "x": 0.687,
          "y": 0.517
        },
        "first_appearance": 19,
        "chapters": [
          19
        ],
        "characters": [],
        "description": "廣場內有一間中銀，大閘一直長開，因防彈玻璃同大閘被選為困住病爪嘅地點，三名不良人其後被落閘困於入面。",
        "confidence": 0.9,
        "review_status": "reviewed",
        "source": "bing_gang",
        "inferred_from": "inf_loc_0068"
      }
    },
    {
      "type": "Feature",
      "geometry": {
        "type": "Point",
        "coordinates": [
          114.253431,
          22.30581
        ]
      },
      "properties": {
        "id": "loc_0069",
        "name": "玩具店",
        "display_name": "玩具店（推斷位置）",
        "location_type": "district",
        "fictional": false,
        "location_precision": "approximate",
        "story_position": {
          "x": 0.184,
          "y": 0.533
        },
        "first_appearance": 19,
        "chapters": [
          19
        ],
        "characters": [],
        "description": "廣場內一間未被大規模搜索掠奪過、出奇地整齊嘅玩具店，M同犬京喺度搵遙控車同鬧鐘，並發現會播「救我」聲嘅錄音人偶。",
        "confidence": 0.85,
        "review_status": "reviewed",
        "source": "bing_gang",
        "inferred_from": "inf_loc_0069"
      }
    },
    {
      "type": "Feature",
      "geometry": {
        "type": "Point",
        "coordinates": [
          114.25343,
          22.30581
        ]
      },
      "properties": {
        "id": "loc_0070",
        "name": "醫療室大樓（D樓）",
        "display_name": "醫療室大樓（D樓）（推斷位置）",
        "location_type": "district",
        "fictional": false,
        "location_precision": "approximate",
        "story_position": {
          "x": 0.266,
          "y": 0.352
        },
        "first_appearance": 19,
        "chapters": [
          19
        ],
        "characters": [],
        "description": "大本營內嘅醫療設施，成幢D樓嘅醫療研究室由Dr.D控制主導，最高最深處有面海房間。",
        "confidence": 0.9,
        "review_status": "reviewed",
        "source": "bing_gang",
        "inferred_from": "inf_loc_0070"
      }
    },
    {
      "type": "Feature",
      "geometry": {
        "type": "Point",
        "coordinates": [
          114.25343,
          22.30581
        ]
      },
      "properties": {
        "id": "loc_0071",
        "name": "大本營北門外街道",
        "display_name": "大本營北門外街道（推斷位置）",
        "location_type": "district",
        "fictional": false,
        "location_precision": "approximate",
        "story_position": {
          "x": 0.59,
          "y": 0.588
        },
        "first_appearance": 19,
        "chapters": [
          19
        ],
        "characters": [],
        "description": "有人喺大本營北門外嘅街道上放置咗數個裝住人頭嘅籃球袋。",
        "confidence": 0.95,
        "review_status": "reviewed",
        "source": "bing_gang",
        "inferred_from": "inf_loc_0071"
      }
    },
    {
      "type": "Feature",
      "geometry": {
        "type": "Point",
        "coordinates": [
          114.25343,
          22.30581
        ]
      },
      "properties": {
        "id": "loc_0072",
        "name": "少佐宿舍",
        "display_name": "少佐宿舍（推斷位置）",
        "location_type": "district",
        "fictional": false,
        "location_precision": "approximate",
        "story_position": {
          "x": 0.568,
          "y": 0.799
        },
        "first_appearance": 19,
        "chapters": [
          19
        ],
        "characters": [],
        "description": "少佐叫敘述者上佢嘅宿舍一齊飲酒並講述大本營收到人頭一事。",
        "confidence": 0.9,
        "review_status": "reviewed",
        "source": "bing_gang",
        "inferred_from": "inf_loc_0072"
      }
    },
    {
      "type": "Feature",
      "geometry": {
        "type": "Point",
        "coordinates": [
          114.262,
          22.317
        ]
      },
      "properties": {
        "id": "loc_0073",
        "name": "尚德商場",
        "display_name": "尚德商場（推斷位置）",
        "location_type": "district",
        "fictional": false,
        "location_precision": "district",
        "story_position": {
          "x": 0.691,
          "y": 0.361
        },
        "first_appearance": 20,
        "chapters": [
          20
        ],
        "characters": [
          "少佐",
          "老賢"
        ],
        "description": "尚德商場係香港真實商場，故事中少佐所屬嘅不良人小隊喺嗰度同八隻舌女血戰，少佐重傷垂死時被老賢救起。",
        "confidence": 0.9,
        "review_status": "reviewed",
        "source": "bing_gang",
        "inferred_from": "inf_loc_0073"
      }
    },
    {
      "type": "Feature",
      "geometry": {
        "type": "Point",
        "coordinates": [
          114.25343,
          22.30581
        ]
      },
      "properties": {
        "id": "loc_0074",
        "name": "圖書館（大本營內）",
        "display_name": "圖書館（大本營內）（推斷位置）",
        "location_type": "district",
        "fictional": false,
        "location_precision": "approximate",
        "story_position": {
          "x": 0.766,
          "y": 0.512
        },
        "first_appearance": 20,
        "chapters": [
          20
        ],
        "characters": [],
        "description": "大本營內有圖書館，老賢日日坐喺圖書館自己間房。",
        "confidence": 0.85,
        "review_status": "reviewed",
        "source": "bing_gang",
        "inferred_from": "inf_loc_0074"
      }
    },
    {
      "type": "Feature",
      "geometry": {
        "type": "Point",
        "coordinates": [
          114.25332,
          22.30547
        ]
      },
      "properties": {
        "id": "loc_0075",
        "name": "D座大樓",
        "display_name": "D座大樓（推斷位置）",
        "location_type": "landmark",
        "fictional": false,
        "location_precision": "exact",
        "story_position": {
          "x": 0.834,
          "y": 0.312
        },
        "first_appearance": 21,
        "chapters": [
          21
        ],
        "characters": [],
        "description": "大本營內的D座大樓（文中亦寫作D橦大樓），其六樓608號房為Dr.D約見M的地方。",
        "confidence": 0.95,
        "review_status": "reviewed",
        "source": "bing_gang",
        "inferred_from": "inf_loc_0075"
      }
    },
    {
      "type": "Feature",
      "geometry": {
        "type": "Point",
        "coordinates": [
          114.25332,
          22.30547
        ]
      },
      "properties": {
        "id": "loc_0076",
        "name": "608號房",
        "display_name": "608號房（推斷位置）",
        "location_type": "district",
        "fictional": false,
        "location_precision": "approximate",
        "story_position": {
          "x": 0.462,
          "y": 0.652
        },
        "first_appearance": 21,
        "chapters": [
          21
        ],
        "characters": [
          "M",
          "Dr.D"
        ],
        "description": "位於D橦大樓六樓的608號房，房內播著英文歌、煎牛排，佈置成白色格調的西餐空間，Dr.D在此宴請M。",
        "confidence": 0.92,
        "review_status": "reviewed",
        "source": "bing_gang",
        "inferred_from": "inf_loc_0076"
      }
    },
    {
      "type": "Feature",
      "geometry": {
        "type": "Point",
        "coordinates": [
          114.25343,
          22.30581
        ]
      },
      "properties": {
        "id": "loc_0077",
        "name": "醫護大樓",
        "display_name": "醫護大樓（推斷位置）",
        "location_type": "district",
        "fictional": false,
        "location_precision": "approximate",
        "story_position": {
          "x": 0.703,
          "y": 0.72
        },
        "first_appearance": 21,
        "chapters": [
          21
        ],
        "characters": [
          "Dr.D",
          "馬姑娘"
        ],
        "description": "大本營的醫護大樓整座由Dr.D掌控，夏晴曾在其醫療室被當死人運出。",
        "confidence": 0.9,
        "review_status": "reviewed",
        "source": "bing_gang",
        "inferred_from": "inf_loc_0077"
      }
    },
    {
      "type": "Feature",
      "geometry": {
        "type": "Point",
        "coordinates": [
          114.25343,
          22.30581
        ]
      },
      "properties": {
        "id": "loc_0078",
        "name": "宿舍",
        "display_name": "宿舍（推斷位置）",
        "location_type": "district",
        "fictional": false,
        "location_precision": "approximate",
        "story_position": {
          "x": 0.31,
          "y": 0.759
        },
        "first_appearance": 21,
        "chapters": [
          21
        ],
        "characters": [
          "天明",
          "阿登",
          "大舊",
          "少佐",
          "Dr.D",
          "南愚",
          "獵手"
        ],
        "description": "少佐在大本營的宿舍內醉酒睡在地板上，M離開時替他關上門。",
        "confidence": 0.85,
        "review_status": "reviewed",
        "source": "bing_gang",
        "inferred_from": "inf_loc_0078"
      }
    },
    {
      "type": "Feature",
      "geometry": {
        "type": "Point",
        "coordinates": [
          114.258232,
          22.311043
        ]
      },
      "properties": {
        "id": "loc_0079",
        "name": "公眾休息室",
        "display_name": "公眾休息室（虛構）",
        "location_type": "fictional",
        "fictional": true,
        "location_precision": "fictional",
        "story_position": {
          "x": 0.513,
          "y": 0.783
        },
        "first_appearance": 21,
        "chapters": [
          21
        ],
        "characters": [],
        "description": "M在連日細雨下感到疲倦，到公眾休息室睡了一覺，並在該處收到無名卡片。",
        "confidence": 0.9,
        "review_status": "reviewed",
        "source": "bing_gang",
        "position_source": "同章（[21]）嘅 5 個已解析地點質心附近（環形偏移，id hash 決定）"
      }
    },
    {
      "type": "Feature",
      "geometry": {
        "type": "Point",
        "coordinates": [
          114.26684600595102,
          22.331238315403983
        ]
      },
      "properties": {
        "id": "loc_0080",
        "name": "學校鬼樹",
        "display_name": "學校鬼樹（參考位置）",
        "location_type": "district",
        "fictional": false,
        "location_precision": "approximate",
        "story_position": {
          "x": 0.695,
          "y": 0.409
        },
        "first_appearance": 21,
        "chapters": [
          21
        ],
        "characters": [],
        "description": "M學生時代常躲到學校一棵長得酷似鬼樹的樹下休息，並在該處初次遇見被欺負的阿晴。",
        "confidence": 0.85,
        "review_status": "reviewed",
        "source": "bing_gang"
      }
    },
    {
      "type": "Feature",
      "geometry": {
        "type": "Point",
        "coordinates": [
          114.26304875257496,
          22.321015472648202
        ]
      },
      "properties": {
        "id": "loc_0081",
        "name": "尚德巴士站",
        "display_name": "尚德巴士站（參考位置）",
        "location_type": "district",
        "fictional": false,
        "location_precision": "approximate",
        "story_position": {
          "x": 0.688,
          "y": 0.381
        },
        "first_appearance": 22,
        "chapters": [
          22
        ],
        "characters": [],
        "description": "天明提到最近尚德巴士站附近病者增多，提醒M外出要小心。",
        "confidence": 0.9,
        "review_status": "reviewed",
        "source": "bing_gang"
      }
    },
    {
      "type": "Feature",
      "geometry": {
        "type": "Point",
        "coordinates": [
          114.25343,
          22.30581
        ]
      },
      "properties": {
        "id": "loc_0082",
        "name": "李惠利大樓下小型垃圾站",
        "display_name": "李惠利大樓下小型垃圾站（推斷位置）",
        "location_type": "district",
        "fictional": false,
        "location_precision": "approximate",
        "story_position": {
          "x": 0.328,
          "y": 0.205
        },
        "first_appearance": 22,
        "chapters": [
          22
        ],
        "characters": [],
        "description": "該小型垃圾站被大本營當作垃圾場使用，臭氣熏天無人逗留，是黑商日落後進行交易的秘密地點。",
        "confidence": 0.85,
        "review_status": "reviewed",
        "source": "bing_gang",
        "inferred_from": "inf_loc_0082"
      }
    },
    {
      "type": "Feature",
      "geometry": {
        "type": "Point",
        "coordinates": [
          114.255773,
          22.313054
        ]
      },
      "properties": {
        "id": "loc_0083",
        "name": "Dr.D嘅房間",
        "display_name": "Dr.D嘅房間（虛構）",
        "location_type": "fictional",
        "fictional": true,
        "location_precision": "fictional",
        "story_position": {
          "x": 0.166,
          "y": 0.818
        },
        "first_appearance": 22,
        "chapters": [
          22
        ],
        "characters": [],
        "description": "Dr.D的房間設有密碼門鎖，密碼為8520，M其後憑密碼自行開門入內。",
        "confidence": 0.95,
        "review_status": "reviewed",
        "source": "bing_gang",
        "position_source": "同章（[22]）嘅 3 個已解析地點質心附近（環形偏移，id hash 決定）"
      }
    },
    {
      "type": "Feature",
      "geometry": {
        "type": "Point",
        "coordinates": [
          114.254282,
          22.312106
        ]
      },
      "properties": {
        "id": "loc_0084",
        "name": "天明宿舍",
        "display_name": "天明宿舍（虛構）",
        "location_type": "fictional",
        "fictional": true,
        "location_precision": "fictional",
        "story_position": {
          "x": 0.611,
          "y": 0.806
        },
        "first_appearance": 22,
        "chapters": [
          22
        ],
        "characters": [],
        "description": "M敲門探訪天明宿舍，實際上是想向天明夫婦打探關於Dr.D的情報。",
        "confidence": 0.95,
        "review_status": "reviewed",
        "source": "bing_gang",
        "aliases": [
          "天明的宿舍"
        ],
        "position_source": "同章（[22]）嘅 3 個已解析地點質心附近（環形偏移，id hash 決定）"
      }
    },
    {
      "type": "Feature",
      "geometry": {
        "type": "Point",
        "coordinates": [
          114.25375,
          22.30573
        ]
      },
      "properties": {
        "id": "loc_0085",
        "name": "C橦與A橦",
        "display_name": "C橦與A橦（推斷位置）",
        "location_type": "landmark",
        "fictional": false,
        "location_precision": "exact",
        "story_position": {
          "x": 0.703,
          "y": 0.828
        },
        "first_appearance": 22,
        "chapters": [
          22
        ],
        "characters": [],
        "description": "M隔天被跟蹤時，由C橦一路走到A橦，對方一直緊跟，最後他在樓梯間轉角位埋伏。",
        "confidence": 0.9,
        "review_status": "reviewed",
        "source": "bing_gang",
        "inferred_from": "inf_loc_0085"
      }
    },
    {
      "type": "Feature",
      "geometry": {
        "type": "Point",
        "coordinates": [
          114.25976,
          22.30921
        ]
      },
      "properties": {
        "id": "loc_0086",
        "name": "垃圾場",
        "display_name": "垃圾場（虛構）",
        "location_type": "fictional",
        "fictional": true,
        "location_precision": "fictional",
        "story_position": {
          "x": 0.65,
          "y": 0.374
        },
        "first_appearance": 22,
        "chapters": [
          22
        ],
        "characters": [
          "王達尼",
          "垃圾場黑商",
          "瑜小六"
        ],
        "description": "主角在垃圾場與王達尼完成香煙換電池的交易後離開。",
        "confidence": 0.85,
        "review_status": "reviewed",
        "source": "bing_gang",
        "position_source": "同章（[22]）嘅 3 個已解析地點質心附近（環形偏移，id hash 決定）"
      }
    },
    {
      "type": "Feature",
      "geometry": {
        "type": "Point",
        "coordinates": [
          114.253262,
          22.310181
        ]
      },
      "properties": {
        "id": "loc_0088",
        "name": "幼稚園",
        "display_name": "幼稚園（虛構）",
        "location_type": "fictional",
        "fictional": true,
        "location_precision": "fictional",
        "story_position": {
          "x": 0.357,
          "y": 0.713
        },
        "first_appearance": 22,
        "chapters": [
          22
        ],
        "characters": [],
        "description": "主角從天台觀看四周風景時，望見附近一間幼稚園的暗角窗口有一隻舌女凝視著他。",
        "confidence": 0.85,
        "review_status": "reviewed",
        "source": "bing_gang",
        "position_source": "同章（[22]）嘅 3 個已解析地點質心附近（環形偏移，id hash 決定）"
      }
    },
    {
      "type": "Feature",
      "geometry": {
        "type": "Point",
        "coordinates": [
          114.25343,
          22.30581
        ]
      },
      "properties": {
        "id": "loc_0089",
        "name": "行人隧道",
        "display_name": "行人隧道（推斷位置）",
        "location_type": "district",
        "fictional": false,
        "location_precision": "approximate",
        "story_position": {
          "x": 0.846,
          "y": 0.555
        },
        "first_appearance": 23,
        "chapters": [
          23
        ],
        "characters": [
          "賴桑"
        ],
        "description": "主角與瑜小六步出大本營後不久要穿過的一條行人隧道，二人於此遇上大耳並將其擊殺。",
        "confidence": 0.85,
        "review_status": "reviewed",
        "source": "bing_gang",
        "inferred_from": "inf_loc_0089"
      }
    },
    {
      "type": "Feature",
      "geometry": {
        "type": "Point",
        "coordinates": [
          114.25343,
          22.30581
        ]
      },
      "properties": {
        "id": "loc_0090",
        "name": "大本營D橦隔離病房",
        "display_name": "大本營D橦隔離病房（推斷位置）",
        "location_type": "district",
        "fictional": false,
        "location_precision": "approximate",
        "story_position": {
          "x": 0.531,
          "y": 0.694
        },
        "first_appearance": 24,
        "chapters": [
          24
        ],
        "characters": [],
        "description": "主角吞下D-1藥丸昏迷後醒來，發現自己身處大本營D橦的一間隔離病房。",
        "confidence": 0.95,
        "review_status": "reviewed",
        "source": "bing_gang",
        "inferred_from": "inf_loc_0090"
      }
    },
    {
      "type": "Feature",
      "geometry": {
        "type": "Point",
        "coordinates": [
          114.245824,
          22.315473
        ]
      },
      "properties": {
        "id": "loc_0091",
        "name": "隔離病房",
        "display_name": "隔離病房（虛構）",
        "location_type": "fictional",
        "fictional": true,
        "location_precision": "fictional",
        "story_position": {
          "x": 0.737,
          "y": 0.443
        },
        "first_appearance": 25,
        "chapters": [
          25
        ],
        "characters": [
          "M"
        ],
        "description": "M在大本營醫療部的密封隔離病房內養傷，病房完全沒有窗戶觀望外面世界。",
        "confidence": 0.95,
        "review_status": "reviewed",
        "source": "bing_gang",
        "position_source": "同章（[25]）嘅 2 個已解析地點質心附近（環形偏移，id hash 決定）"
      }
    },
    {
      "type": "Feature",
      "geometry": {
        "type": "Point",
        "coordinates": [
          114.25332,
          22.30547
        ]
      },
      "properties": {
        "id": "loc_0092",
        "name": "D橦大樓",
        "display_name": "D橦大樓（推斷位置）",
        "location_type": "landmark",
        "fictional": false,
        "location_precision": "exact",
        "story_position": {
          "x": 0.562,
          "y": 0.521
        },
        "first_appearance": 25,
        "chapters": [
          25
        ],
        "characters": [
          "M",
          "Dr.D",
          "大舊",
          "第二任助手（半人半怪）"
        ],
        "description": "M養傷的隔離病房位於內部複雜的D橦大樓，他康復後跟隨馬姑娘從該大樓步出。",
        "confidence": 0.9,
        "review_status": "reviewed",
        "source": "bing_gang",
        "inferred_from": "inf_loc_0092"
      }
    },
    {
      "type": "Feature",
      "geometry": {
        "type": "Point",
        "coordinates": [
          114.2415,
          22.3229
        ]
      },
      "properties": {
        "id": "loc_0093",
        "name": "寶琳",
        "display_name": "寶琳（參考位置）",
        "location_type": "district",
        "fictional": false,
        "location_precision": "district",
        "story_position": {
          "x": 0.653,
          "y": 0.386
        },
        "first_appearance": 25,
        "chapters": [
          25
        ],
        "characters": [
          "賴三",
          "病翼",
          "喪伯",
          "王白蛋",
          "小女孩",
          "國王",
          "星宇",
          "寶琳王國公主",
          "寶琳倖存區公主",
          "寶琳公主",
          "病者平權組織",
          "三名年輕成員",
          "艾匡",
          "董倫",
          "鳥嘴兄",
          "寶琳柒拾老闆",
          "貴華",
          "主角（我）",
          "W",
          "白鯨"
        ],
        "description": "安區老前輩賴三領隊出外搜索時，意外在近寶琳一帶發現一個由倖存者暫建、供人質易和休息的中立物資倖存點。",
        "confidence": 0.9,
        "review_status": "reviewed",
        "source": "bing_gang"
      }
    },
    {
      "type": "Feature",
      "geometry": {
        "type": "Point",
        "coordinates": [
          114.24501,
          22.314648
        ]
      },
      "properties": {
        "id": "loc_0094",
        "name": "歐洲拍賣會",
        "display_name": "歐洲拍賣會（虛構）",
        "location_type": "fictional",
        "fictional": true,
        "location_precision": "fictional",
        "story_position": {
          "x": 0.525,
          "y": 0.407
        },
        "first_appearance": 25,
        "chapters": [
          25
        ],
        "characters": [],
        "description": "Dr.D稱那套瘟疫醫生套裝是他之前在歐洲一個拍賣會以幾百萬歐羅買回來收藏的寶物。",
        "confidence": 0.9,
        "review_status": "reviewed",
        "source": "bing_gang",
        "position_source": "同章（[25]）嘅 2 個已解析地點質心附近（環形偏移，id hash 決定）"
      }
    },
    {
      "type": "Feature",
      "geometry": {
        "type": "Point",
        "coordinates": [
          114.25343,
          22.30581
        ]
      },
      "properties": {
        "id": "loc_0095",
        "name": "李惠利大樓小型垃圾場",
        "display_name": "李惠利大樓小型垃圾場（推斷位置）",
        "location_type": "district",
        "fictional": false,
        "location_precision": "approximate",
        "story_position": {
          "x": 0.582,
          "y": 0.433
        },
        "first_appearance": 26,
        "chapters": [
          26
        ],
        "characters": [
          "王達尼"
        ],
        "description": "黑商王達尼每到夜晚就會待在李惠利大樓的小型垃圾場中擺賣貨品。",
        "confidence": 0.9,
        "review_status": "reviewed",
        "source": "bing_gang",
        "inferred_from": "inf_loc_0095"
      }
    },
    {
      "type": "Feature",
      "geometry": {
        "type": "Point",
        "coordinates": [
          114.25343,
          22.30581
        ]
      },
      "properties": {
        "id": "loc_0096",
        "name": "大本營中央廣場",
        "display_name": "大本營中央廣場（推斷位置）",
        "location_type": "district",
        "fictional": false,
        "location_precision": "approximate",
        "story_position": {
          "x": 0.522,
          "y": 0.689
        },
        "first_appearance": 26,
        "chapters": [
          26
        ],
        "characters": [],
        "description": "大本營中央廣場是露天的地方，落雨時途人會被雨沾濕。",
        "confidence": 0.9,
        "review_status": "reviewed",
        "source": "bing_gang",
        "inferred_from": "inf_loc_0096"
      }
    },
    {
      "type": "Feature",
      "geometry": {
        "type": "Point",
        "coordinates": [
          114.25343,
          22.30581
        ]
      },
      "properties": {
        "id": "loc_0097",
        "name": "孤兒所",
        "display_name": "孤兒所（推斷位置）",
        "location_type": "district",
        "fictional": false,
        "location_precision": "approximate",
        "story_position": {
          "x": 0.406,
          "y": 0.394
        },
        "first_appearance": 26,
        "chapters": [
          26
        ],
        "characters": [
          "阿寶",
          "阿玲",
          "董倫",
          "M",
          "阿玲姑娘"
        ],
        "description": "位於七樓圖書館其中一處玻璃房自修室，光線充足、空間足有幾個班房大，收容一群無家可歸的孩子。",
        "confidence": 0.95,
        "review_status": "reviewed",
        "source": "bing_gang",
        "inferred_from": "inf_loc_0097"
      }
    },
    {
      "type": "Feature",
      "geometry": {
        "type": "Point",
        "coordinates": [
          114.255822,
          22.304719
        ]
      },
      "properties": {
        "id": "loc_0098",
        "name": "露天停車場",
        "display_name": "露天停車場（虛構）",
        "location_type": "fictional",
        "fictional": true,
        "location_precision": "fictional",
        "story_position": {
          "x": 0.165,
          "y": 0.676
        },
        "first_appearance": 26,
        "chapters": [
          26
        ],
        "characters": [],
        "description": "主角步出小型垃圾場後，在露天停車場發現獨坐雨中的阿寶。",
        "confidence": 0.9,
        "review_status": "reviewed",
        "source": "bing_gang",
        "position_source": "同章（[26]）嘅 3 個已解析地點質心附近（環形偏移，id hash 決定）"
      }
    },
    {
      "type": "Feature",
      "geometry": {
        "type": "Point",
        "coordinates": [
          114.25343,
          22.30581
        ]
      },
      "properties": {
        "id": "loc_0099",
        "name": "孤兒所（七樓）",
        "display_name": "孤兒所（七樓）（推斷位置）",
        "location_type": "district",
        "fictional": false,
        "location_precision": "approximate",
        "story_position": {
          "x": 0.427,
          "y": 0.81
        },
        "first_appearance": 27,
        "chapters": [
          27
        ],
        "characters": [],
        "description": "位於大本營七樓、由阿玲照顧一班小朋友的孤兒所，最終被議決改建為「董倫私人會所」。",
        "confidence": 0.95,
        "review_status": "reviewed",
        "source": "bing_gang",
        "inferred_from": "inf_loc_0099"
      }
    },
    {
      "type": "Feature",
      "geometry": {
        "type": "Point",
        "coordinates": [
          114.255792,
          22.306334
        ]
      },
      "properties": {
        "id": "loc_0100",
        "name": "圖書館４號會議室",
        "display_name": "圖書館４號會議室（虛構）",
        "location_type": "fictional",
        "fictional": true,
        "location_precision": "fictional",
        "story_position": {
          "x": 0.834,
          "y": 0.22
        },
        "first_appearance": 27,
        "chapters": [
          27
        ],
        "characters": [],
        "description": "老賢約M於三日後夜晚十一點到此發言，大本營高層會議在此舉行。",
        "confidence": 0.95,
        "review_status": "reviewed",
        "source": "bing_gang",
        "position_source": "同章（[27]）嘅 1 個已解析地點質心附近（環形偏移，id hash 決定）"
      }
    },
    {
      "type": "Feature",
      "geometry": {
        "type": "Point",
        "coordinates": [
          114.254023,
          22.303046
        ]
      },
      "properties": {
        "id": "loc_0101",
        "name": "六樓６０１室至６０６室",
        "display_name": "六樓６０１室至６０６室（虛構）",
        "location_type": "fictional",
        "fictional": true,
        "location_precision": "fictional",
        "story_position": {
          "x": 0.774,
          "y": 0.305
        },
        "first_appearance": 27,
        "chapters": [
          27
        ],
        "characters": [],
        "description": "會議決定將六樓的６０１室至６０６室改建為學堂，並派出兩名老師教育十六歲以下孩童。",
        "confidence": 0.95,
        "review_status": "reviewed",
        "source": "bing_gang",
        "position_source": "同章（[27]）嘅 1 個已解析地點質心附近（環形偏移，id hash 決定）"
      }
    },
    {
      "type": "Feature",
      "geometry": {
        "type": "Point",
        "coordinates": [
          114.25343,
          22.30581
        ]
      },
      "properties": {
        "id": "loc_0102",
        "name": "大本營八樓",
        "display_name": "大本營八樓（推斷位置）",
        "location_type": "district",
        "fictional": false,
        "location_precision": "approximate",
        "story_position": {
          "x": 0.415,
          "y": 0.564
        },
        "first_appearance": 28,
        "chapters": [
          28
        ],
        "characters": [
          "馬德梵",
          "不良人",
          "董倫",
          "瓦禮"
        ],
        "description": "大本營八樓是鋪有地毯、牆上裝燈架掛名畫的貴族樓層，入口設有一道鐵閘，由持伸縮棍的西裝看守把守，需邀請卡方可進入。",
        "confidence": 0.95,
        "review_status": "reviewed",
        "source": "bing_gang",
        "inferred_from": "inf_loc_0102"
      }
    },
    {
      "type": "Feature",
      "geometry": {
        "type": "Point",
        "coordinates": [
          114.25343,
          22.30581
        ]
      },
      "properties": {
        "id": "loc_0103",
        "name": "大本營九樓",
        "display_name": "大本營九樓（推斷位置）",
        "location_type": "district",
        "fictional": false,
        "location_precision": "approximate",
        "story_position": {
          "x": 0.429,
          "y": 0.475
        },
        "first_appearance": 28,
        "chapters": [
          28
        ],
        "characters": [],
        "description": "九樓與八樓同屬上層區域，平民需憑董倫製作的邀請卡方可進入。",
        "confidence": 0.9,
        "review_status": "reviewed",
        "source": "bing_gang",
        "inferred_from": "inf_loc_0103"
      }
    },
    {
      "type": "Feature",
      "geometry": {
        "type": "Point",
        "coordinates": [
          114.262,
          22.328
        ]
      },
      "properties": {
        "id": "loc_0104",
        "name": "學堂",
        "display_name": "學堂（參考位置）",
        "location_type": "district",
        "fictional": false,
        "location_precision": "district",
        "story_position": {
          "x": 0.687,
          "y": 0.4
        },
        "first_appearance": 28,
        "chapters": [
          28
        ],
        "characters": [
          "M",
          "阿寶",
          "夏晴",
          "阿玲",
          "老賢",
          "瑜小六",
          "大舊",
          "賴三",
          "金美娜",
          "Ann",
          "阿登",
          "公仔",
          "主角（我）",
          "Chirs",
          "老師（敘事者）",
          "少佐",
          "Chris",
          "娃娃",
          "冰",
          "老師（敘事者「我」）"
        ],
        "description": "學堂是議案新通過興建的設施，孤兒們現時被安排在該處走廊及室內等候。",
        "confidence": 0.9,
        "review_status": "reviewed",
        "source": "bing_gang"
      }
    },
    {
      "type": "Feature",
      "geometry": {
        "type": "Point",
        "coordinates": [
          114.25343,
          22.30581
        ]
      },
      "properties": {
        "id": "loc_0105",
        "name": "補給分配站",
        "display_name": "補給分配站（推斷位置）",
        "location_type": "district",
        "fictional": false,
        "location_precision": "approximate",
        "story_position": {
          "x": 0.664,
          "y": 0.799
        },
        "first_appearance": 28,
        "chapters": [
          28
        ],
        "characters": [],
        "description": "大本營設有補給分配站，由職員向倖存者分配食糧與食水，需排隊領取。",
        "confidence": 0.9,
        "review_status": "reviewed",
        "source": "bing_gang",
        "inferred_from": "inf_loc_0105"
      }
    },
    {
      "type": "Feature",
      "geometry": {
        "type": "Point",
        "coordinates": [
          114.25343,
          22.30581
        ]
      },
      "properties": {
        "id": "loc_0106",
        "name": "玻璃房酒吧",
        "display_name": "玻璃房酒吧（推斷位置）",
        "location_type": "district",
        "fictional": false,
        "location_precision": "approximate",
        "story_position": {
          "x": 0.356,
          "y": 0.633
        },
        "first_appearance": 29,
        "chapters": [
          29
        ],
        "characters": [],
        "description": "大本營附近有一間由玻璃房改造成的酒吧，內有女人跳舞、其他人喝酒消閒，主角與王達尼曾在此打探情報。",
        "confidence": 0.95,
        "review_status": "reviewed",
        "source": "bing_gang",
        "inferred_from": "inf_loc_0106"
      }
    },
    {
      "type": "Feature",
      "geometry": {
        "type": "Point",
        "coordinates": [
          114.254575,
          22.307634
        ]
      },
      "properties": {
        "id": "loc_0108",
        "name": "大型活動室",
        "display_name": "大型活動室（虛構）",
        "location_type": "fictional",
        "fictional": true,
        "location_precision": "fictional",
        "story_position": {
          "x": 0.454,
          "y": 0.31
        },
        "first_appearance": 29,
        "chapters": [
          29
        ],
        "characters": [],
        "description": "董倫慶祝會開始時，八樓大多數人都去了某間大型活動室慶祝。",
        "confidence": 0.9,
        "review_status": "reviewed",
        "source": "bing_gang",
        "position_source": "同章（[29]）嘅 2 個已解析地點質心附近（環形偏移，id hash 決定）"
      }
    },
    {
      "type": "Feature",
      "geometry": {
        "type": "Point",
        "coordinates": [
          114.25343,
          22.30581
        ]
      },
      "properties": {
        "id": "loc_0109",
        "name": "董倫的大宅",
        "display_name": "董倫的大宅（推斷位置）",
        "location_type": "district",
        "fictional": false,
        "location_precision": "approximate",
        "story_position": {
          "x": 0.678,
          "y": 0.562
        },
        "first_appearance": 30,
        "chapters": [
          29,
          30
        ],
        "characters": [
          "阿玲"
        ],
        "description": "董倫位於大本營上層的住所，佈置成歐洲古典格調，連第二層計約1500呎，主角在此救出被綁架的阿玲。",
        "confidence": 0.95,
        "review_status": "reviewed",
        "source": "bing_gang",
        "inferred_from": "inf_loc_0109",
        "aliases": [
          "董倫大宅"
        ]
      }
    },
    {
      "type": "Feature",
      "geometry": {
        "type": "Point",
        "coordinates": [
          114.253035,
          22.308531
        ]
      },
      "properties": {
        "id": "loc_0110",
        "name": "會場活動室",
        "display_name": "會場活動室（虛構）",
        "location_type": "fictional",
        "fictional": true,
        "location_precision": "fictional",
        "story_position": {
          "x": 0.454,
          "y": 0.32
        },
        "first_appearance": 30,
        "chapters": [
          30
        ],
        "characters": [],
        "description": "董倫舉行慶祝會及「地獄轉盤遊戲」的活動室，設有用木板搭建的高台，四方是高達五米的木板牆。",
        "confidence": 0.9,
        "review_status": "reviewed",
        "source": "bing_gang",
        "position_source": "同章（[30]）嘅 1 個已解析地點質心附近（環形偏移，id hash 決定）"
      }
    },
    {
      "type": "Feature",
      "geometry": {
        "type": "Point",
        "coordinates": [
          114.254441,
          22.304024
        ]
      },
      "properties": {
        "id": "loc_0111",
        "name": "董倫私人會所",
        "display_name": "董倫私人會所（虛構）",
        "location_type": "fictional",
        "fictional": true,
        "location_precision": "fictional",
        "story_position": {
          "x": 0.6,
          "y": 0.369
        },
        "first_appearance": 30,
        "chapters": [
          30
        ],
        "characters": [
          "少佐",
          "馬德梵"
        ],
        "description": "董倫剛開張的私人會所，他原打算迫阿玲在開張時招待客人。",
        "confidence": 0.85,
        "review_status": "reviewed",
        "source": "bing_gang",
        "position_source": "同章（[30]）嘅 1 個已解析地點質心附近（環形偏移，id hash 決定）"
      }
    },
    {
      "type": "Feature",
      "geometry": {
        "type": "Point",
        "coordinates": [
          114.250165,
          22.303762
        ]
      },
      "properties": {
        "id": "loc_0112",
        "name": "圓形競技空間",
        "display_name": "圓形競技空間（虛構）",
        "location_type": "fictional",
        "fictional": true,
        "location_precision": "fictional",
        "story_position": {
          "x": 0.262,
          "y": 0.678
        },
        "first_appearance": 31,
        "chapters": [
          31
        ],
        "characters": [],
        "description": "眾人被困喺一個設有大轉盤、可拉開嘅大木板同未知閘門通道嘅圓形空間入面進行遊戲。",
        "confidence": 0.85,
        "review_status": "reviewed",
        "source": "bing_gang",
        "position_source": "冇同章（區內）錨點，用故事主場景（將軍澳校園一帶）"
      }
    },
    {
      "type": "Feature",
      "geometry": {
        "type": "Point",
        "coordinates": [
          114.255993,
          22.303721
        ]
      },
      "properties": {
        "id": "loc_0113",
        "name": "八樓",
        "display_name": "八樓（虛構）",
        "location_type": "fictional",
        "fictional": true,
        "location_precision": "fictional",
        "story_position": {
          "x": 0.236,
          "y": 0.569
        },
        "first_appearance": 32,
        "chapters": [
          32
        ],
        "characters": [
          "王達尼",
          "董倫",
          "阿玲",
          "馬德梵",
          "少佐",
          "不良人",
          "Chris",
          "公仔",
          "冰",
          "瓦禮"
        ],
        "description": "董倫舉行轉盤遊戲嘅樓層，主角同王達尼最後一齊逃出八樓。",
        "confidence": 0.9,
        "review_status": "reviewed",
        "source": "bing_gang",
        "position_source": "冇同章（區內）錨點，用故事主場景（將軍澳校園一帶）"
      }
    },
    {
      "type": "Feature",
      "geometry": {
        "type": "Point",
        "coordinates": [
          114.253572,
          22.308383
        ]
      },
      "properties": {
        "id": "loc_0114",
        "name": "圖書館辦公室",
        "display_name": "圖書館辦公室（虛構）",
        "location_type": "fictional",
        "fictional": true,
        "location_precision": "fictional",
        "story_position": {
          "x": 0.807,
          "y": 0.503
        },
        "first_appearance": 32,
        "chapters": [
          32
        ],
        "characters": [
          "老賢"
        ],
        "description": "老賢喺圖書館辦公室接見阿玲同主角並作出指示。",
        "confidence": 0.9,
        "review_status": "reviewed",
        "source": "bing_gang",
        "position_source": "冇同章（區內）錨點，用故事主場景（將軍澳校園一帶）"
      }
    },
    {
      "type": "Feature",
      "geometry": {
        "type": "Point",
        "coordinates": [
          114.250509,
          22.306256
        ]
      },
      "properties": {
        "id": "loc_0115",
        "name": "D橦醫療室",
        "display_name": "D橦醫療室（虛構）",
        "location_type": "fictional",
        "fictional": true,
        "location_precision": "fictional",
        "story_position": {
          "x": 0.571,
          "y": 0.223
        },
        "first_appearance": 32,
        "chapters": [
          32
        ],
        "characters": [],
        "description": "主角將病爪頭交俾Dr.D嘅醫療室。",
        "confidence": 0.9,
        "review_status": "reviewed",
        "source": "bing_gang",
        "position_source": "冇同章（區內）錨點，用故事主場景（將軍澳校園一帶）"
      }
    },
    {
      "type": "Feature",
      "geometry": {
        "type": "Point",
        "coordinates": [
          114.25332,
          22.30547
        ]
      },
      "properties": {
        "id": "loc_0116",
        "name": "D大樓",
        "display_name": "D大樓（推斷位置）",
        "location_type": "landmark",
        "fictional": false,
        "location_precision": "exact",
        "story_position": {
          "x": 0.428,
          "y": 0.813
        },
        "first_appearance": 33,
        "chapters": [
          33
        ],
        "characters": [],
        "description": "大本營內嘅一座大樓，「我」步出時營中人都以猜疑不安嘅眼神望住佢。",
        "confidence": 0.9,
        "review_status": "reviewed",
        "source": "bing_gang",
        "inferred_from": "inf_loc_0116"
      }
    },
    {
      "type": "Feature",
      "geometry": {
        "type": "Point",
        "coordinates": [
          114.25343,
          22.30581
        ]
      },
      "properties": {
        "id": "loc_0117",
        "name": "拘留所",
        "display_name": "拘留所（推斷位置）",
        "location_type": "district",
        "fictional": false,
        "location_precision": "approximate",
        "story_position": {
          "x": 0.758,
          "y": 0.722
        },
        "first_appearance": 33,
        "chapters": [
          33
        ],
        "characters": [],
        "description": "位於大本營A橦一樓，用嚟監禁喺營內犯法嘅人；「我」因攜帶病者身體入營嘅罪名被暫時收押，應該係第一人。",
        "confidence": 0.95,
        "review_status": "reviewed",
        "source": "bing_gang",
        "inferred_from": "inf_loc_0117"
      }
    },
    {
      "type": "Feature",
      "geometry": {
        "type": "Point",
        "coordinates": [
          114.256775,
          22.305384
        ]
      },
      "properties": {
        "id": "loc_0118",
        "name": "Dr.D嘅608號房間",
        "display_name": "Dr.D嘅608號房間（虛構）",
        "location_type": "fictional",
        "fictional": true,
        "location_precision": "fictional",
        "story_position": {
          "x": 0.541,
          "y": 0.217
        },
        "first_appearance": 34,
        "chapters": [
          34
        ],
        "characters": [],
        "description": "Dr.D喺608號房間接見主角M，並向佢提出搜集新型病者嘅任務。",
        "confidence": 0.95,
        "review_status": "reviewed",
        "source": "bing_gang",
        "position_source": "同章（[34]）嘅 1 個已解析地點質心附近（環形偏移，id hash 決定）"
      }
    },
    {
      "type": "Feature",
      "geometry": {
        "type": "Point",
        "coordinates": [
          114.25375,
          22.30573
        ]
      },
      "properties": {
        "id": "loc_0119",
        "name": "C座攝影大樓",
        "display_name": "C座攝影大樓（推斷位置）",
        "location_type": "landmark",
        "fictional": false,
        "location_precision": "exact",
        "story_position": {
          "x": 0.713,
          "y": 0.405
        },
        "first_appearance": 34,
        "chapters": [
          34
        ],
        "characters": [],
        "description": "大本營內C座一樓嘅攝影大樓存放大量城市建築街道照片同病者照片，由賴三掌管，Dr.D指入面有人可以幫主角搜集情報。",
        "confidence": 0.95,
        "review_status": "reviewed",
        "source": "bing_gang",
        "inferred_from": "inf_loc_0119"
      }
    },
    {
      "type": "Feature",
      "geometry": {
        "type": "Point",
        "coordinates": [
          114.27008551155872,
          22.331738246738386
        ]
      },
      "properties": {
        "id": "loc_0120",
        "name": "將軍澳華人永遠墳場",
        "display_name": "將軍澳華人永遠墳場（參考位置）",
        "location_type": "district",
        "fictional": false,
        "location_precision": "approximate",
        "story_position": {
          "x": 0.7,
          "y": 0.41
        },
        "first_appearance": 35,
        "chapters": [
          35
        ],
        "characters": [
          "北賢"
        ],
        "description": "賴三指點主角到海皮附近的將軍澳華人永遠墳場，找一名情報靈通、名叫北賢的人。",
        "confidence": 0.98,
        "review_status": "reviewed",
        "source": "bing_gang"
      }
    },
    {
      "type": "Feature",
      "geometry": {
        "type": "Point",
        "coordinates": [
          114.267973,
          22.331817
        ]
      },
      "properties": {
        "id": "loc_0121",
        "name": "孤兒院",
        "display_name": "孤兒院（虛構）",
        "location_type": "fictional",
        "fictional": true,
        "location_precision": "fictional",
        "story_position": {
          "x": 0.196,
          "y": 0.31
        },
        "first_appearance": 35,
        "chapters": [
          35
        ],
        "characters": [
          "夏晴",
          "阿玲",
          "男教主"
        ],
        "description": "夏晴和阿玲任教的班上，學生都是來自孤兒院的孩子。",
        "confidence": 0.95,
        "review_status": "reviewed",
        "source": "bing_gang",
        "position_source": "同章（[35]）嘅 1 個已解析地點質心附近（環形偏移，id hash 決定）"
      }
    },
    {
      "type": "Feature",
      "geometry": {
        "type": "Point",
        "coordinates": [
          114.25343,
          22.30581
        ]
      },
      "properties": {
        "id": "loc_0122",
        "name": "四樓活動室",
        "display_name": "四樓活動室（推斷位置）",
        "location_type": "district",
        "fictional": false,
        "location_precision": "approximate",
        "story_position": {
          "x": 0.792,
          "y": 0.56
        },
        "first_appearance": 37,
        "chapters": [
          37
        ],
        "characters": [],
        "description": "公仔一家喺大本營四樓租咗一間活動室，窗戶面向遠方大海，用嚟設宴招待主角晚餐。",
        "confidence": 0.9,
        "review_status": "reviewed",
        "source": "bing_gang",
        "inferred_from": "inf_loc_0122"
      }
    },
    {
      "type": "Feature",
      "geometry": {
        "type": "Point",
        "coordinates": [
          114.25343,
          22.30581
        ]
      },
      "properties": {
        "id": "loc_0123",
        "name": "老賢嘅辦公室",
        "display_name": "老賢嘅辦公室（推斷位置）",
        "location_type": "district",
        "fictional": false,
        "location_precision": "approximate",
        "story_position": {
          "x": 0.817,
          "y": 0.334
        },
        "first_appearance": 38,
        "chapters": [
          38,
          65
        ],
        "characters": [],
        "description": "老賢喺大本營入面嘅辦公室，「我」食完T骨排後去到該處同老賢傾馬德梵嘅事情。",
        "confidence": 0.9,
        "review_status": "reviewed",
        "source": "bing_gang",
        "inferred_from": "inf_loc_0123",
        "aliases": [
          "老賢的辦公室"
        ]
      }
    },
    {
      "type": "Feature",
      "geometry": {
        "type": "Point",
        "coordinates": [
          114.250993,
          22.306868
        ]
      },
      "properties": {
        "id": "loc_0124",
        "name": "東門",
        "display_name": "東門（虛構）",
        "location_type": "fictional",
        "fictional": true,
        "location_precision": "fictional",
        "story_position": {
          "x": 0.313,
          "y": 0.668
        },
        "first_appearance": 38,
        "chapters": [
          38
        ],
        "characters": [],
        "description": "安全區嘅東面出口，「我」出發去將軍澳華人墳場時先從東門出去，再一直向北走到海旁附近。",
        "confidence": 0.85,
        "review_status": "reviewed",
        "source": "bing_gang",
        "position_source": "同章（[38]）嘅 1 個已解析地點質心附近（環形偏移，id hash 決定）"
      }
    },
    {
      "type": "Feature",
      "geometry": {
        "type": "Point",
        "coordinates": [
          114.245,
          22.302
        ]
      },
      "properties": {
        "id": "loc_0125",
        "name": "靈實醫院",
        "display_name": "靈實醫院（參考位置）",
        "location_type": "district",
        "fictional": false,
        "location_precision": "district",
        "story_position": {
          "x": 0.658,
          "y": 0.33
        },
        "first_appearance": 39,
        "chapters": [
          39
        ],
        "characters": [
          "南愚",
          "大舊",
          "王達尼",
          "老師（敘述者）",
          "攻擊學老師（敘事者）",
          "滿天",
          "大BOSS",
          "北賢",
          "余智海博士",
          "公仔",
          "娃娃"
        ],
        "description": "南愚要求主角前往區內附近的靈實醫院五樓宿舍，從抽屜中找回一張有南愚樣貌的相片。",
        "confidence": 0.97,
        "review_status": "reviewed",
        "source": "bing_gang"
      }
    },
    {
      "type": "Feature",
      "geometry": {
        "type": "Point",
        "coordinates": [
          114.250792,
          22.306105
        ]
      },
      "properties": {
        "id": "loc_0126",
        "name": "北門",
        "display_name": "北門（虛構）",
        "location_type": "fictional",
        "fictional": true,
        "location_precision": "fictional",
        "story_position": {
          "x": 0.743,
          "y": 0.384
        },
        "first_appearance": 40,
        "chapters": [
          40
        ],
        "characters": [
          "瑜小六",
          "看守",
          "王達尼"
        ],
        "description": "瑜小六在近北門位置的地方被找到，該處有一個小型垃圾場。",
        "confidence": 0.9,
        "review_status": "reviewed",
        "source": "bing_gang",
        "position_source": "冇同章（區內）錨點，用故事主場景（將軍澳校園一帶）"
      }
    },
    {
      "type": "Feature",
      "geometry": {
        "type": "Point",
        "coordinates": [
          114.253829,
          22.307853
        ]
      },
      "properties": {
        "id": "loc_0127",
        "name": "王達尼的店子",
        "display_name": "王達尼的店子（虛構）",
        "location_type": "fictional",
        "fictional": true,
        "location_precision": "fictional",
        "story_position": {
          "x": 0.516,
          "y": 0.36
        },
        "first_appearance": 40,
        "chapters": [
          40
        ],
        "characters": [],
        "description": "王達尼的店子位於北門附近的小型垃圾場內，設有鐵捲門。",
        "confidence": 0.92,
        "review_status": "reviewed",
        "source": "bing_gang",
        "position_source": "冇同章（區內）錨點，用故事主場景（將軍澳校園一帶）"
      }
    },
    {
      "type": "Feature",
      "geometry": {
        "type": "Point",
        "coordinates": [
          114.25375,
          22.30573
        ]
      },
      "properties": {
        "id": "loc_0128",
        "name": "C橦００４活動室",
        "display_name": "C橦００４活動室（推斷位置）",
        "location_type": "district",
        "fictional": false,
        "location_precision": "approximate",
        "story_position": {
          "x": 0.489,
          "y": 0.664
        },
        "first_appearance": 41,
        "chapters": [
          41
        ],
        "characters": [],
        "description": "瑜小六約定眾人翌日準時十點在C橦００４活動室集合練習武器操作。",
        "confidence": 0.95,
        "review_status": "reviewed",
        "source": "bing_gang",
        "inferred_from": "inf_loc_0128"
      }
    },
    {
      "type": "Feature",
      "geometry": {
        "type": "Point",
        "coordinates": [
          114.254427,
          22.30279
        ]
      },
      "properties": {
        "id": "loc_0129",
        "name": "小型垃圾場",
        "display_name": "小型垃圾場（虛構）",
        "location_type": "fictional",
        "fictional": true,
        "location_precision": "fictional",
        "story_position": {
          "x": 0.767,
          "y": 0.817
        },
        "first_appearance": 41,
        "chapters": [
          41
        ],
        "characters": [
          "王達尼"
        ],
        "description": "主角與王達尼在小型垃圾場進行短劍和圓盾的交易。",
        "confidence": 0.85,
        "review_status": "reviewed",
        "source": "bing_gang",
        "position_source": "同章（[41]）嘅 1 個已解析地點質心附近（環形偏移，id hash 決定）"
      }
    },
    {
      "type": "Feature",
      "geometry": {
        "type": "Point",
        "coordinates": [
          114.254977,
          22.307862
        ]
      },
      "properties": {
        "id": "loc_0130",
        "name": "Dr.D嘅宿舍",
        "display_name": "Dr.D嘅宿舍（虛構）",
        "location_type": "fictional",
        "fictional": true,
        "location_precision": "fictional",
        "story_position": {
          "x": 0.673,
          "y": 0.596
        },
        "first_appearance": 42,
        "chapters": [
          42
        ],
        "characters": [],
        "description": "Dr.D嘅宿舍由數間房子連貫而成，其中一間特別陰涼幽暗、面積約一個普通課室大小嘅私人房間，放住工作桌、手札、英文書籍，以及被大黑布包住、透出藍光嘅長方形玻璃箱（魚缸）。",
        "confidence": 0.9,
        "review_status": "reviewed",
        "source": "bing_gang",
        "position_source": "冇同章（區內）錨點，用故事主場景（將軍澳校園一帶）"
      }
    },
    {
      "type": "Feature",
      "geometry": {
        "type": "Point",
        "coordinates": [
          114.250737,
          22.305431
        ]
      },
      "properties": {
        "id": "loc_0131",
        "name": "六樓６１４室",
        "display_name": "六樓６１４室（虛構）",
        "location_type": "fictional",
        "fictional": true,
        "location_precision": "fictional",
        "story_position": {
          "x": 0.221,
          "y": 0.598
        },
        "first_appearance": 42,
        "chapters": [
          42
        ],
        "characters": [
          "Dick Grayson"
        ],
        "description": "六樓６１４室係Dr.D照片背面寫住嘅地點，與Dick Grayson嘅名字及日期一同出現。",
        "confidence": 0.85,
        "review_status": "reviewed",
        "source": "bing_gang",
        "position_source": "冇同章（區內）錨點，用故事主場景（將軍澳校園一帶）"
      }
    },
    {
      "type": "Feature",
      "geometry": {
        "type": "Point",
        "coordinates": [
          114.253857,
          22.304072
        ]
      },
      "properties": {
        "id": "loc_0132",
        "name": "地下層多媒體攝影棚",
        "display_name": "地下層多媒體攝影棚（虛構）",
        "location_type": "fictional",
        "fictional": true,
        "location_precision": "fictional",
        "story_position": {
          "x": 0.803,
          "y": 0.532
        },
        "first_appearance": 42,
        "chapters": [
          42
        ],
        "characters": [
          "Jason Todd",
          "Dr.D"
        ],
        "description": "地下層多媒體攝影棚係Dr.D照片背面寫住嘅地點，與Jason Todd嘅名字及日期一同出現。",
        "confidence": 0.85,
        "review_status": "reviewed",
        "source": "bing_gang",
        "position_source": "冇同章（區內）錨點，用故事主場景（將軍澳校園一帶）"
      }
    },
    {
      "type": "Feature",
      "geometry": {
        "type": "Point",
        "coordinates": [
          114.25332,
          22.30547
        ]
      },
      "properties": {
        "id": "loc_0133",
        "name": "D橦大樓醫療室",
        "display_name": "D橦大樓醫療室（推斷位置）",
        "location_type": "landmark",
        "fictional": false,
        "location_precision": "exact",
        "story_position": {
          "x": 0.826,
          "y": 0.654
        },
        "first_appearance": 43,
        "chapters": [
          43
        ],
        "characters": [],
        "description": "主角原本猜測Dr.D工作室所在之處，但被老賢搖頭否定。",
        "confidence": 0.85,
        "review_status": "reviewed",
        "source": "bing_gang",
        "inferred_from": "inf_loc_0133"
      }
    },
    {
      "type": "Feature",
      "geometry": {
        "type": "Point",
        "coordinates": [
          114.255,
          22.315
        ]
      },
      "properties": {
        "id": "loc_0134",
        "name": "寶順路",
        "display_name": "寶順路（參考位置）",
        "location_type": "district",
        "fictional": false,
        "location_precision": "district",
        "story_position": {
          "x": 0.675,
          "y": 0.365
        },
        "first_appearance": 43,
        "chapters": [
          43
        ],
        "characters": [],
        "description": "主角原定按此路出發前往靈實醫院的道路。",
        "confidence": 0.95,
        "review_status": "reviewed",
        "source": "bing_gang"
      }
    },
    {
      "type": "Feature",
      "geometry": {
        "type": "Point",
        "coordinates": [
          114.23639704737927,
          22.32329139391165
        ]
      },
      "properties": {
        "id": "loc_0135",
        "name": "寶琳南路",
        "display_name": "寶琳南路（參考位置）",
        "location_type": "district",
        "fictional": false,
        "location_precision": "approximate",
        "story_position": {
          "x": 0.644,
          "y": 0.387
        },
        "first_appearance": 43,
        "chapters": [
          43
        ],
        "characters": [],
        "description": "為避開危險區域，一行人改行此山路前往靈實醫院，路兩旁都是草叢。",
        "confidence": 0.95,
        "review_status": "reviewed",
        "source": "bing_gang"
      }
    },
    {
      "type": "Feature",
      "geometry": {
        "type": "Point",
        "coordinates": [
          114.249914,
          22.315915
        ]
      },
      "properties": {
        "id": "loc_0136",
        "name": "圓玄第三中學",
        "display_name": "圓玄第三中學（虛構）",
        "location_type": "fictional",
        "fictional": true,
        "location_precision": "fictional",
        "story_position": {
          "x": 0.221,
          "y": 0.212
        },
        "first_appearance": 43,
        "chapters": [
          43,
          44
        ],
        "characters": [],
        "description": "地圖上標示為「危險區域」的學校，是舌女主要出沒的地盤，上空有烏鴉盤旋。",
        "confidence": 0.85,
        "review_status": "reviewed",
        "source": "bing_gang",
        "aliases": [
          "玄圓第三中學"
        ],
        "position_source": "同章（[43, 44]）嘅 4 個已解析地點質心附近（環形偏移，id hash 決定）"
      }
    },
    {
      "type": "Feature",
      "geometry": {
        "type": "Point",
        "coordinates": [
          114.25343,
          22.30581
        ]
      },
      "properties": {
        "id": "loc_0137",
        "name": "大本營南門",
        "display_name": "大本營南門（推斷位置）",
        "location_type": "district",
        "fictional": false,
        "location_precision": "approximate",
        "story_position": {
          "x": 0.328,
          "y": 0.434
        },
        "first_appearance": 43,
        "chapters": [
          43
        ],
        "characters": [],
        "description": "學生出發的集合點，有職員看守，需以機關拉開沉厚鐵門並穿過充滿障礙物的滯留室才能步出營外。",
        "confidence": 0.9,
        "review_status": "reviewed",
        "source": "bing_gang",
        "inferred_from": "inf_loc_0137"
      }
    },
    {
      "type": "Feature",
      "geometry": {
        "type": "Point",
        "coordinates": [
          114.254744,
          22.302533
        ]
      },
      "properties": {
        "id": "loc_0139",
        "name": "停屍間（地下層）",
        "display_name": "停屍間（地下層）（虛構）",
        "location_type": "fictional",
        "fictional": true,
        "location_precision": "fictional",
        "story_position": {
          "x": 0.394,
          "y": 0.615
        },
        "first_appearance": 45,
        "chapters": [
          45
        ],
        "characters": [],
        "description": "靈實醫院G樓之下的地下層是停屍間，內有多間停屍房，是本章怪聲及新型病者的來源。",
        "confidence": 0.95,
        "review_status": "reviewed",
        "source": "bing_gang",
        "position_source": "冇同章（區內）錨點，用故事主場景（將軍澳校園一帶）"
      }
    },
    {
      "type": "Feature",
      "geometry": {
        "type": "Point",
        "coordinates": [
          114.251244,
          22.303317
        ]
      },
      "properties": {
        "id": "loc_0140",
        "name": "醫療大堂入口旁辦公室",
        "display_name": "醫療大堂入口旁辦公室（虛構）",
        "location_type": "fictional",
        "fictional": true,
        "location_precision": "fictional",
        "story_position": {
          "x": 0.158,
          "y": 0.799
        },
        "first_appearance": 45,
        "chapters": [
          45
        ],
        "characters": [],
        "description": "眾人轉移到醫療大堂入口一旁的辦公室暫避，裡面沒有死屍或病者，約半間課室大。",
        "confidence": 0.9,
        "review_status": "reviewed",
        "source": "bing_gang",
        "position_source": "冇同章（區內）錨點，用故事主場景（將軍澳校園一帶）"
      }
    },
    {
      "type": "Feature",
      "geometry": {
        "type": "Point",
        "coordinates": [
          114.27195,
          22.3156
        ]
      },
      "properties": {
        "id": "loc_0141",
        "name": "G層",
        "display_name": "G層（虛構）",
        "location_type": "fictional",
        "fictional": true,
        "location_precision": "fictional",
        "story_position": {
          "x": 0.295,
          "y": 0.217
        },
        "first_appearance": 46,
        "chapters": [
          46
        ],
        "characters": [
          "老師"
        ],
        "description": "G層是故事中醫院的其中一層，敘事者與公仔上到G層後返回瑜小六等四人所在的辦公室。",
        "confidence": 0.9,
        "review_status": "reviewed",
        "source": "bing_gang",
        "position_source": "同章（[46]）嘅 1 個已解析地點質心附近（環形偏移，id hash 決定）"
      }
    },
    {
      "type": "Feature",
      "geometry": {
        "type": "Point",
        "coordinates": [
          114.271993,
          22.316015
        ]
      },
      "properties": {
        "id": "loc_0142",
        "name": "大堂辦公室",
        "display_name": "大堂辦公室（虛構）",
        "location_type": "fictional",
        "fictional": true,
        "location_precision": "fictional",
        "story_position": {
          "x": 0.749,
          "y": 0.18
        },
        "first_appearance": 46,
        "chapters": [
          46
        ],
        "characters": [
          "大眼"
        ],
        "description": "大堂辦公室位於G層，是瑜小六等四人原先躲藏之處；敘事者趕到時四人已不見蹤影。",
        "confidence": 0.9,
        "review_status": "reviewed",
        "source": "bing_gang",
        "position_source": "同章（[46]）嘅 1 個已解析地點質心附近（環形偏移，id hash 決定）"
      }
    },
    {
      "type": "Feature",
      "geometry": {
        "type": "Point",
        "coordinates": [
          114.272,
          22.318
        ]
      },
      "properties": {
        "id": "loc_0143",
        "name": "醫院",
        "display_name": "醫院（參考位置）",
        "location_type": "district",
        "fictional": false,
        "location_precision": "district",
        "story_position": {
          "x": 0.703,
          "y": 0.373
        },
        "first_appearance": 46,
        "chapters": [
          46
        ],
        "characters": [
          "南愚",
          "大舊",
          "王達尼",
          "老師（敘述者）",
          "攻擊學老師（敘事者）",
          "大眼",
          "我（敘事者）",
          "小六",
          "Chris",
          "病嘴",
          "滿天",
          "大BOSS",
          "公仔",
          "阿哥",
          "犬京",
          "師傅（敘述者本人）",
          "娃娃",
          "北賢",
          "余智海博士",
          "賴桑"
        ],
        "description": "本段場景設定在一間醫院內，公仔曾望向醫院外面，心中渴望逃出。",
        "confidence": 0.9,
        "review_status": "reviewed",
        "source": "bing_gang"
      }
    },
    {
      "type": "Feature",
      "geometry": {
        "type": "Point",
        "coordinates": [
          114.24721606775006,
          22.301014053559168
        ]
      },
      "properties": {
        "id": "loc_0144",
        "name": "靈實醫院第二層",
        "display_name": "靈實醫院第二層（參考位置）",
        "location_type": "district",
        "fictional": false,
        "location_precision": "approximate",
        "story_position": {
          "x": 0.662,
          "y": 0.327
        },
        "first_appearance": 47,
        "chapters": [
          47
        ],
        "characters": [],
        "description": "醫院第二層同G層環境相差無幾，主要走廊通道堆滿障礙物；主角喺呢層遇到病牙並重逢阿文。",
        "confidence": 0.9,
        "review_status": "reviewed",
        "source": "bing_gang"
      }
    },
    {
      "type": "Feature",
      "geometry": {
        "type": "Point",
        "coordinates": [
          114.245372,
          22.300289
        ]
      },
      "properties": {
        "id": "loc_0145",
        "name": "停屍間走廊",
        "display_name": "停屍間走廊（虛構）",
        "location_type": "fictional",
        "fictional": true,
        "location_precision": "fictional",
        "story_position": {
          "x": 0.417,
          "y": 0.687
        },
        "first_appearance": 47,
        "chapters": [
          47
        ],
        "characters": [],
        "description": "主角同公仔再次行去停屍間走廊條路，想重遇娃娃但連鬼影都見唔到。",
        "confidence": 0.85,
        "review_status": "reviewed",
        "source": "bing_gang",
        "position_source": "同章（[47]）嘅 1 個已解析地點質心附近（環形偏移，id hash 決定）"
      }
    },
    {
      "type": "Feature",
      "geometry": {
        "type": "Point",
        "coordinates": [
          114.253685,
          22.303716
        ]
      },
      "properties": {
        "id": "loc_0146",
        "name": "牙科及口腔外科復健（二樓）",
        "display_name": "牙科及口腔外科復健（二樓）（虛構）",
        "location_type": "fictional",
        "fictional": true,
        "location_precision": "fictional",
        "story_position": {
          "x": 0.23,
          "y": 0.341
        },
        "first_appearance": 48,
        "chapters": [
          48
        ],
        "characters": [],
        "description": "醫院二樓天花板上掛有寫著「牙科及口腔外科復健」的牌子，敘事者推測該層特別多病牙、病嘴與病人生前所患疾病有關。",
        "confidence": 0.9,
        "review_status": "reviewed",
        "source": "bing_gang",
        "position_source": "冇同章（區內）錨點，用故事主場景（將軍澳校園一帶）"
      }
    },
    {
      "type": "Feature",
      "geometry": {
        "type": "Point",
        "coordinates": [
          114.251739,
          22.30424
        ]
      },
      "properties": {
        "id": "loc_0147",
        "name": "第三層（病房樓層）",
        "display_name": "第三層（病房樓層）（虛構）",
        "location_type": "fictional",
        "fictional": true,
        "location_precision": "fictional",
        "story_position": {
          "x": 0.434,
          "y": 0.742
        },
        "first_appearance": 49,
        "chapters": [
          49
        ],
        "characters": [],
        "description": "「我」帶領學生在火警紅光閃爍、滿布病者的第三層病房樓層潛行躲避。",
        "confidence": 0.92,
        "review_status": "reviewed",
        "source": "bing_gang",
        "position_source": "冇同章（區內）錨點，用故事主場景（將軍澳校園一帶）"
      }
    },
    {
      "type": "Feature",
      "geometry": {
        "type": "Point",
        "coordinates": [
          114.257129,
          22.305834
        ]
      },
      "properties": {
        "id": "loc_0148",
        "name": "第四層",
        "display_name": "第四層（虛構）",
        "location_type": "fictional",
        "fictional": true,
        "location_precision": "fictional",
        "story_position": {
          "x": 0.53,
          "y": 0.239
        },
        "first_appearance": 49,
        "chapters": [
          49
        ],
        "characters": [],
        "description": "眾人被病者追趕下撤上第四層，該層比下面兩層整潔，其後以重物堵住樓梯間阻止病者上來。",
        "confidence": 0.9,
        "review_status": "reviewed",
        "source": "bing_gang",
        "position_source": "冇同章（區內）錨點，用故事主場景（將軍澳校園一帶）"
      }
    },
    {
      "type": "Feature",
      "geometry": {
        "type": "Point",
        "coordinates": [
          114.27305113298239,
          22.31296113527123
        ]
      },
      "properties": {
        "id": "loc_0149",
        "name": "醫院四樓",
        "display_name": "醫院四樓（參考位置）",
        "location_type": "district",
        "fictional": false,
        "location_precision": "approximate",
        "story_position": {
          "x": 0.705,
          "y": 0.359
        },
        "first_appearance": 50,
        "chapters": [
          50
        ],
        "characters": [],
        "description": "眾人被困喺醫院四樓，用障礙物擋住病者之後，喺呢一層追查捉走娃娃嘅人下落。",
        "confidence": 0.9,
        "review_status": "reviewed",
        "source": "bing_gang"
      }
    },
    {
      "type": "Feature",
      "geometry": {
        "type": "Point",
        "coordinates": [
          114.271136,
          22.310895
        ]
      },
      "properties": {
        "id": "loc_0150",
        "name": "藥劑試驗房",
        "display_name": "藥劑試驗房（虛構）",
        "location_type": "fictional",
        "fictional": true,
        "location_precision": "fictional",
        "story_position": {
          "x": 0.496,
          "y": 0.804
        },
        "first_appearance": 50,
        "chapters": [
          50
        ],
        "characters": [],
        "description": "四樓走廊盡頭有一間附玻璃強化門嘅藥劑試驗房，內有實驗檯、排氣櫃等專業設施，娃娃曾被囚禁喺入面。",
        "confidence": 0.95,
        "review_status": "reviewed",
        "source": "bing_gang",
        "position_source": "同章（[50]）嘅 1 個已解析地點質心附近（環形偏移，id hash 決定）"
      }
    },
    {
      "type": "Feature",
      "geometry": {
        "type": "Point",
        "coordinates": [
          114.255366,
          22.30333
        ]
      },
      "properties": {
        "id": "loc_0151",
        "name": "實驗室",
        "display_name": "實驗室（虛構）",
        "location_type": "fictional",
        "fictional": true,
        "location_precision": "fictional",
        "story_position": {
          "x": 0.831,
          "y": 0.205
        },
        "first_appearance": 52,
        "chapters": [
          52
        ],
        "characters": [
          "阿文",
          "穿醫生袍男人",
          "Dr.D",
          "余智海"
        ],
        "description": "本段戰鬥與療傷均發生在一間實驗室內，滿天從其抽屜取出醫療用品，病腦亦走到實驗室中間要求停戰。",
        "confidence": 0.85,
        "review_status": "reviewed",
        "source": "bing_gang",
        "position_source": "冇同章（區內）錨點，用故事主場景（將軍澳校園一帶）"
      }
    },
    {
      "type": "Feature",
      "geometry": {
        "type": "Point",
        "coordinates": [
          114.250924,
          22.30716
        ]
      },
      "properties": {
        "id": "loc_0152",
        "name": "地下層",
        "display_name": "地下層（虛構）",
        "location_type": "fictional",
        "fictional": true,
        "location_precision": "fictional",
        "story_position": {
          "x": 0.688,
          "y": 0.726
        },
        "first_appearance": 52,
        "chapters": [
          52
        ],
        "characters": [
          "Jason Todd",
          "Dr.D",
          "娃娃",
          "病童"
        ],
        "description": "娃娃憶述當時地下層有一隻病者行到樓梯口附近，因此她不敢大叫求救。",
        "confidence": 0.78,
        "review_status": "reviewed",
        "source": "bing_gang",
        "position_source": "冇同章（區內）錨點，用故事主場景（將軍澳校園一帶）"
      }
    },
    {
      "type": "Feature",
      "geometry": {
        "type": "Point",
        "coordinates": [
          114.251834,
          22.307126
        ]
      },
      "properties": {
        "id": "loc_0153",
        "name": "一樓",
        "display_name": "一樓（虛構）",
        "location_type": "fictional",
        "fictional": true,
        "location_precision": "fictional",
        "story_position": {
          "x": 0.608,
          "y": 0.475
        },
        "first_appearance": 52,
        "chapters": [
          52
        ],
        "characters": [
          "病爪",
          "病嘴",
          "我母親",
          "王達尼"
        ],
        "description": "敘事者提及自己在建築一樓見過死屍，滿天解釋那些通常由病嘴、病牙等病者所殺，死者多為不良人或惡意倖存者。",
        "confidence": 0.72,
        "review_status": "reviewed",
        "source": "bing_gang",
        "position_source": "冇同章（區內）錨點，用故事主場景（將軍澳校園一帶）"
      }
    },
    {
      "type": "Feature",
      "geometry": {
        "type": "Point",
        "coordinates": [
          114.27590176241704,
          22.322904463263907
        ]
      },
      "properties": {
        "id": "loc_0154",
        "name": "醫院病房",
        "display_name": "醫院病房（參考位置）",
        "location_type": "district",
        "fictional": false,
        "location_precision": "approximate",
        "story_position": {
          "x": 0.71,
          "y": 0.386
        },
        "first_appearance": 53,
        "chapters": [
          53
        ],
        "characters": [],
        "description": "滿天最初發現病腦嘅地方就係呢間醫院嘅呢一間房，而家眾人就身處該處。",
        "confidence": 0.9,
        "review_status": "reviewed",
        "source": "bing_gang"
      }
    },
    {
      "type": "Feature",
      "geometry": {
        "type": "Point",
        "coordinates": [
          114.272761,
          22.323227
        ]
      },
      "properties": {
        "id": "loc_0155",
        "name": "秘密通道",
        "display_name": "秘密通道（虛構）",
        "location_type": "fictional",
        "fictional": true,
        "location_precision": "fictional",
        "story_position": {
          "x": 0.72,
          "y": 0.315
        },
        "first_appearance": 53,
        "chapters": [
          53
        ],
        "characters": [
          "滿天",
          "大BOSS"
        ],
        "description": "滿天話一陣會喺秘密通道帶眾人落去離開。",
        "confidence": 0.85,
        "review_status": "reviewed",
        "source": "bing_gang",
        "position_source": "同章（[53]）嘅 1 個已解析地點質心附近（環形偏移，id hash 決定）"
      }
    },
    {
      "type": "Feature",
      "geometry": {
        "type": "Point",
        "coordinates": [
          114.254624,
          22.309319
        ]
      },
      "properties": {
        "id": "loc_0156",
        "name": "一樓大堂旁的辦公室",
        "display_name": "一樓大堂旁的辦公室（虛構）",
        "location_type": "fictional",
        "fictional": true,
        "location_precision": "fictional",
        "story_position": {
          "x": 0.749,
          "y": 0.686
        },
        "first_appearance": 54,
        "chapters": [
          54
        ],
        "characters": [],
        "description": "滿天帶主角到位於一樓大堂旁的辦公室，主角在抽屜收藏的相簿中尋找南愚的照片。",
        "confidence": 0.92,
        "review_status": "reviewed",
        "source": "bing_gang",
        "position_source": "冇同章（區內）錨點，用故事主場景（將軍澳校園一帶）"
      }
    },
    {
      "type": "Feature",
      "geometry": {
        "type": "Point",
        "coordinates": [
          114.253281,
          22.308193
        ]
      },
      "properties": {
        "id": "loc_0157",
        "name": "四樓直通落去的秘密通道",
        "display_name": "四樓直通落去的秘密通道（虛構）",
        "location_type": "fictional",
        "fictional": true,
        "location_precision": "fictional",
        "story_position": {
          "x": 0.541,
          "y": 0.596
        },
        "first_appearance": 54,
        "chapters": [
          54
        ],
        "characters": [],
        "description": "滿天透過醫院內四樓直通落去的秘密通道迴避二、三樓大量病者，並稱通道門鎖密碼只有大BOSS與他自己知道。",
        "confidence": 0.93,
        "review_status": "reviewed",
        "source": "bing_gang",
        "position_source": "冇同章（區內）錨點，用故事主場景（將軍澳校園一帶）"
      }
    },
    {
      "type": "Feature",
      "geometry": {
        "type": "Point",
        "coordinates": [
          114.25343,
          22.30581
        ]
      },
      "properties": {
        "id": "loc_0158",
        "name": "工坊",
        "display_name": "工坊（推斷位置）",
        "location_type": "district",
        "fictional": false,
        "location_precision": "approximate",
        "story_position": {
          "x": 0.692,
          "y": 0.69
        },
        "first_appearance": 56,
        "chapters": [
          56
        ],
        "characters": [
          "木工部老主管",
          "愛紗",
          "漢森",
          "娃娃",
          "王達尼"
        ],
        "description": "大本營內的設施，分多層運作，包括頂層的病者陷阱設計室及木材加工部等部門。",
        "confidence": 0.95,
        "review_status": "reviewed",
        "source": "bing_gang",
        "inferred_from": "inf_loc_0158"
      }
    },
    {
      "type": "Feature",
      "geometry": {
        "type": "Point",
        "coordinates": [
          114.25359,
          22.30577
        ]
      },
      "properties": {
        "id": "loc_0159",
        "name": "病者陷阱設計室",
        "display_name": "病者陷阱設計室（推斷位置）",
        "location_type": "district",
        "fictional": false,
        "location_precision": "approximate",
        "story_position": {
          "x": 0.423,
          "y": 0.261
        },
        "first_appearance": 56,
        "chapters": [
          56
        ],
        "characters": [
          "我（攻擊學導師）"
        ],
        "description": "位於工坊六樓的工作室，由白領衣著的設計成員研發對付病者的陷阱模板，部分成員來自八樓以上。",
        "confidence": 0.95,
        "review_status": "reviewed",
        "source": "bing_gang",
        "inferred_from": "inf_loc_0159"
      }
    },
    {
      "type": "Feature",
      "geometry": {
        "type": "Point",
        "coordinates": [
          114.25359,
          22.30577
        ]
      },
      "properties": {
        "id": "loc_0160",
        "name": "木材加工部（木工部）",
        "display_name": "木材加工部（木工部）（推斷位置）",
        "location_type": "district",
        "fictional": false,
        "location_precision": "approximate",
        "story_position": {
          "x": 0.593,
          "y": 0.276
        },
        "first_appearance": 56,
        "chapters": [
          56
        ],
        "characters": [],
        "description": "工坊內的部門，由一位老主管管理，傑夫丸在此以刨木、削木等工作麻醉自己。",
        "confidence": 0.95,
        "review_status": "reviewed",
        "source": "bing_gang",
        "inferred_from": "inf_loc_0160"
      }
    },
    {
      "type": "Feature",
      "geometry": {
        "type": "Point",
        "coordinates": [
          114.25343,
          22.30581
        ]
      },
      "properties": {
        "id": "loc_0161",
        "name": "紡織部",
        "display_name": "紡織部（推斷位置）",
        "location_type": "district",
        "fictional": false,
        "location_precision": "approximate",
        "story_position": {
          "x": 0.415,
          "y": 0.208
        },
        "first_appearance": 56,
        "chapters": [
          56
        ],
        "characters": [
          "紡織部女生（送饅頭嘅女仔）"
        ],
        "description": "位於大本營一樓、被稱為女士聖地的部門，內設紡衣間，那位曾送饅頭給王達尼的女生在此工作。",
        "confidence": 0.95,
        "review_status": "reviewed",
        "source": "bing_gang",
        "inferred_from": "inf_loc_0161"
      }
    },
    {
      "type": "Feature",
      "geometry": {
        "type": "Point",
        "coordinates": [
          114.25343,
          22.30581
        ]
      },
      "properties": {
        "id": "loc_0162",
        "name": "董倫嘅會所",
        "display_name": "董倫嘅會所（推斷位置）",
        "location_type": "district",
        "fictional": false,
        "location_precision": "approximate",
        "story_position": {
          "x": 0.458,
          "y": 0.282
        },
        "first_appearance": 56,
        "chapters": [
          56
        ],
        "characters": [],
        "description": "董倫在大本營七樓新開張的會所，木工部老主管曾帶傑夫丸去玩但提不起勁。",
        "confidence": 0.9,
        "review_status": "reviewed",
        "source": "bing_gang",
        "inferred_from": "inf_loc_0162"
      }
    },
    {
      "type": "Feature",
      "geometry": {
        "type": "Point",
        "coordinates": [
          114.25375,
          22.30573
        ]
      },
      "properties": {
        "id": "loc_0163",
        "name": "C座大樓（C樓）",
        "display_name": "C座大樓（C樓）（推斷位置）",
        "location_type": "landmark",
        "fictional": false,
        "location_precision": "exact",
        "story_position": {
          "x": 0.819,
          "y": 0.677
        },
        "first_appearance": 56,
        "chapters": [
          56
        ],
        "characters": [],
        "description": "工坊所在的大樓，由工坊主管統一管理整幢C座，主角一行人今日在C樓耗了不少時間。",
        "confidence": 0.9,
        "review_status": "reviewed",
        "source": "bing_gang",
        "inferred_from": "inf_loc_0163"
      }
    },
    {
      "type": "Feature",
      "geometry": {
        "type": "Point",
        "coordinates": [
          114.25375,
          22.30573
        ]
      },
      "properties": {
        "id": "loc_0164",
        "name": "C橦",
        "display_name": "C橦（推斷位置）",
        "location_type": "landmark",
        "fictional": false,
        "location_precision": "exact",
        "story_position": {
          "x": 0.438,
          "y": 0.278
        },
        "first_appearance": 57,
        "chapters": [
          57
        ],
        "characters": [
          "愛紗",
          "傑夫丸",
          "賴三老師"
        ],
        "description": "大本營內的大工坊大樓，內有多間工坊房與休息室，氣氛熱鬧充滿活力。",
        "confidence": 0.95,
        "review_status": "reviewed",
        "source": "bing_gang",
        "inferred_from": "inf_loc_0164"
      }
    },
    {
      "type": "Feature",
      "geometry": {
        "type": "Point",
        "coordinates": [
          114.253393,
          22.3057
        ]
      },
      "properties": {
        "id": "loc_0165",
        "name": "武器製造室",
        "display_name": "武器製造室（推斷位置）",
        "location_type": "district",
        "fictional": false,
        "location_precision": "approximate",
        "story_position": {
          "x": 0.43,
          "y": 0.545
        },
        "first_appearance": 57,
        "chapters": [
          57
        ],
        "characters": [
          "武器製造室主管"
        ],
        "description": "位於工坊四樓的最大房間，內設多張武作檯，有匠人燒鐵磨鑽製作武器。",
        "confidence": 0.95,
        "review_status": "reviewed",
        "source": "bing_gang",
        "inferred_from": "inf_loc_0165"
      }
    },
    {
      "type": "Feature",
      "geometry": {
        "type": "Point",
        "coordinates": [
          114.253393,
          22.3057
        ]
      },
      "properties": {
        "id": "loc_0166",
        "name": "C樓休息室",
        "display_name": "C樓休息室（推斷位置）",
        "location_type": "district",
        "fictional": false,
        "location_precision": "approximate",
        "story_position": {
          "x": 0.697,
          "y": 0.214
        },
        "first_appearance": 57,
        "chapters": [
          57
        ],
        "characters": [],
        "description": "地板、天花、牆身均以木板鋪設的休息室，眾人在此玩撲克牌、比腕力等，每晚更舉行社交派對。",
        "confidence": 0.9,
        "review_status": "reviewed",
        "source": "bing_gang",
        "inferred_from": "inf_loc_0166"
      }
    },
    {
      "type": "Feature",
      "geometry": {
        "type": "Point",
        "coordinates": [
          114.25332,
          22.30547
        ]
      },
      "properties": {
        "id": "loc_0167",
        "name": "D橦醫療大樓",
        "display_name": "D橦醫療大樓（推斷位置）",
        "location_type": "landmark",
        "fictional": false,
        "location_precision": "exact",
        "story_position": {
          "x": 0.311,
          "y": 0.72
        },
        "first_appearance": 57,
        "chapters": [
          57
        ],
        "characters": [
          "Dr.D"
        ],
        "description": "大本營內平靜、走廊冰冷冷的醫療大樓，與熱鬧的C橦形成對比。",
        "confidence": 0.9,
        "review_status": "reviewed",
        "source": "bing_gang",
        "inferred_from": "inf_loc_0167"
      }
    },
    {
      "type": "Feature",
      "geometry": {
        "type": "Point",
        "coordinates": [
          114.25311,
          22.3059
        ]
      },
      "properties": {
        "id": "loc_0168",
        "name": "A樓拘留室",
        "display_name": "A樓拘留室（推斷位置）",
        "location_type": "landmark",
        "fictional": false,
        "location_precision": "exact",
        "story_position": {
          "x": 0.735,
          "y": 0.262
        },
        "first_appearance": 57,
        "chapters": [
          57
        ],
        "characters": [
          "傑夫丸"
        ],
        "description": "大本營A樓的拘留室，傑夫丸發癲傷人後被守衛關押於此。",
        "confidence": 0.95,
        "review_status": "reviewed",
        "source": "bing_gang",
        "inferred_from": "inf_loc_0168"
      }
    },
    {
      "type": "Feature",
      "geometry": {
        "type": "Point",
        "coordinates": [
          114.253393,
          22.3057
        ]
      },
      "properties": {
        "id": "loc_0169",
        "name": "成衣室（C008室）",
        "display_name": "成衣室（C008室）（推斷位置）",
        "location_type": "district",
        "fictional": false,
        "location_precision": "approximate",
        "story_position": {
          "x": 0.25,
          "y": 0.155
        },
        "first_appearance": 57,
        "chapters": [
          57
        ],
        "characters": [],
        "description": "C橦內的房間，傑夫丸發癲時在此與包括愛紗在內的幾位少女對峙。",
        "confidence": 0.9,
        "review_status": "reviewed",
        "source": "bing_gang",
        "inferred_from": "inf_loc_0169"
      }
    },
    {
      "type": "Feature",
      "geometry": {
        "type": "Point",
        "coordinates": [
          114.253393,
          22.3057
        ]
      },
      "properties": {
        "id": "loc_0170",
        "name": "紡織室",
        "display_name": "紡織室（推斷位置）",
        "location_type": "district",
        "fictional": false,
        "location_precision": "approximate",
        "story_position": {
          "x": 0.761,
          "y": 0.811
        },
        "first_appearance": 57,
        "chapters": [
          57
        ],
        "characters": [],
        "description": "C橦內的房間，王達尼被持菜刀的傑夫丸追逐至此，雙方在棉布布料間糾纏。",
        "confidence": 0.9,
        "review_status": "reviewed",
        "source": "bing_gang",
        "inferred_from": "inf_loc_0170"
      }
    },
    {
      "type": "Feature",
      "geometry": {
        "type": "Point",
        "coordinates": [
          114.253312,
          22.303651
        ]
      },
      "properties": {
        "id": "loc_0171",
        "name": "工坊休息室",
        "display_name": "工坊休息室（虛構）",
        "location_type": "fictional",
        "fictional": true,
        "location_precision": "fictional",
        "story_position": {
          "x": 0.746,
          "y": 0.669
        },
        "first_appearance": 58,
        "chapters": [
          58
        ],
        "characters": [],
        "description": "工坊的休息室內亮著舊式圓燈泡，泛黃光線映在木板上，具懷舊風格，夜裡舉行社區聯誼派對。",
        "confidence": 0.9,
        "review_status": "reviewed",
        "source": "bing_gang",
        "position_source": "同章（[58]）嘅 1 個已解析地點質心附近（環形偏移，id hash 決定）"
      }
    },
    {
      "type": "Feature",
      "geometry": {
        "type": "Point",
        "coordinates": [
          114.25375,
          22.30573
        ]
      },
      "properties": {
        "id": "loc_0172",
        "name": "C橦工坊",
        "display_name": "C橦工坊（推斷位置）",
        "location_type": "landmark",
        "fictional": false,
        "location_precision": "exact",
        "story_position": {
          "x": 0.578,
          "y": 0.475
        },
        "first_appearance": 58,
        "chapters": [
          58
        ],
        "characters": [
          "愛紗"
        ],
        "description": "愛紗在大本營的C橦工坊擔任「生活王」，負責一切物料的進出、使用、分配至製作。",
        "confidence": 0.9,
        "review_status": "reviewed",
        "source": "bing_gang",
        "inferred_from": "inf_loc_0172"
      }
    },
    {
      "type": "Feature",
      "geometry": {
        "type": "Point",
        "coordinates": [
          114.253195,
          22.302859
        ]
      },
      "properties": {
        "id": "loc_0173",
        "name": "拘留室",
        "display_name": "拘留室（虛構）",
        "location_type": "fictional",
        "fictional": true,
        "location_precision": "fictional",
        "story_position": {
          "x": 0.205,
          "y": 0.81
        },
        "first_appearance": 58,
        "chapters": [
          58
        ],
        "characters": [
          "傑夫丸"
        ],
        "description": "敘事者等人問完傑夫丸之後離開了拘留室。",
        "confidence": 0.9,
        "review_status": "reviewed",
        "source": "bing_gang",
        "position_source": "同章（[58]）嘅 1 個已解析地點質心附近（環形偏移，id hash 決定）"
      }
    },
    {
      "type": "Feature",
      "geometry": {
        "type": "Point",
        "coordinates": [
          114.256367,
          22.303512
        ]
      },
      "properties": {
        "id": "loc_0174",
        "name": "史丹佛大學",
        "display_name": "史丹佛大學（虛構）",
        "location_type": "fictional",
        "fictional": true,
        "location_precision": "fictional",
        "story_position": {
          "x": 0.486,
          "y": 0.683
        },
        "first_appearance": 58,
        "chapters": [
          58
        ],
        "characters": [
          "愛紗"
        ],
        "description": "愛紗曾在外國修讀史丹佛大學商科，是一名畢業生。",
        "confidence": 0.9,
        "review_status": "reviewed",
        "source": "bing_gang",
        "position_source": "同章（[58]）嘅 1 個已解析地點質心附近（環形偏移，id hash 決定）"
      }
    },
    {
      "type": "Feature",
      "geometry": {
        "type": "Point",
        "coordinates": [
          114.2560612497139,
          22.33470798809796
        ]
      },
      "properties": {
        "id": "loc_0175",
        "name": "魔鬼山",
        "display_name": "魔鬼山（參考位置）",
        "location_type": "district",
        "fictional": false,
        "location_precision": "approximate",
        "story_position": {
          "x": 0.677,
          "y": 0.418
        },
        "first_appearance": 59,
        "chapters": [
          59
        ],
        "characters": [
          "夏晴",
          "不破尚",
          "敘事者",
          "瑜小六",
          "余智海",
          "敘事者（第一人稱）",
          "Dr.D",
          "艾寶琳病獵",
          "父親（一家四口）",
          "母親（一家四口）"
        ],
        "description": "賴三老師會到大本營隔離嘅魔鬼山採集新鮮野菜。",
        "confidence": 0.85,
        "review_status": "reviewed",
        "source": "bing_gang"
      }
    },
    {
      "type": "Feature",
      "geometry": {
        "type": "Point",
        "coordinates": [
          114.25343,
          22.30581
        ]
      },
      "properties": {
        "id": "loc_0176",
        "name": "七樓B區",
        "display_name": "七樓B區（推斷位置）",
        "location_type": "district",
        "fictional": false,
        "location_precision": "approximate",
        "story_position": {
          "x": 0.322,
          "y": 0.194
        },
        "first_appearance": 59,
        "chapters": [
          59
        ],
        "characters": [
          "瑜小六"
        ],
        "description": "瑜小六住喺大本營七樓B區，嗰度多數係平民住嘅地方，大部分人只係「打地鋪」瞓地上。",
        "confidence": 0.9,
        "review_status": "reviewed",
        "source": "bing_gang",
        "inferred_from": "inf_loc_0176"
      }
    },
    {
      "type": "Feature",
      "geometry": {
        "type": "Point",
        "coordinates": [
          114.25817,
          22.321926
        ]
      },
      "properties": {
        "id": "loc_0177",
        "name": "墳場",
        "display_name": "墳場（虛構）",
        "location_type": "fictional",
        "fictional": true,
        "location_precision": "fictional",
        "story_position": {
          "x": 0.383,
          "y": 0.267
        },
        "first_appearance": 59,
        "chapters": [
          59
        ],
        "characters": [
          "北賢",
          "南愚"
        ],
        "description": "主角打算趁出外實習順路去墳場，將照片交俾南愚換取情報。",
        "confidence": 0.8,
        "review_status": "reviewed",
        "source": "bing_gang",
        "position_source": "同章（[59]）嘅 2 個已解析地點質心附近（環形偏移，id hash 決定）"
      }
    },
    {
      "type": "Feature",
      "geometry": {
        "type": "Point",
        "coordinates": [
          114.26624994277867,
          22.337304921034562
        ]
      },
      "properties": {
        "id": "loc_0178",
        "name": "將軍澳海旁",
        "display_name": "將軍澳海旁（參考位置）",
        "location_type": "district",
        "fictional": false,
        "location_precision": "approximate",
        "story_position": {
          "x": 0.694,
          "y": 0.425
        },
        "first_appearance": 60,
        "chapters": [
          60
        ],
        "characters": [],
        "description": "主角與賴三及學生一行人前往將軍澳海旁釣魚和採摘野菜，海旁周邊仍有起樓工程留下的地盤圍板。",
        "confidence": 0.95,
        "review_status": "reviewed",
        "source": "bing_gang"
      }
    },
    {
      "type": "Feature",
      "geometry": {
        "type": "Point",
        "coordinates": [
          114.26726,
          22.33565
        ]
      },
      "properties": {
        "id": "loc_0179",
        "name": "私宅會所",
        "display_name": "私宅會所（虛構）",
        "location_type": "fictional",
        "fictional": true,
        "location_precision": "fictional",
        "story_position": {
          "x": 0.621,
          "y": 0.669
        },
        "first_appearance": 60,
        "chapters": [
          60
        ],
        "characters": [
          "舌女"
        ],
        "description": "海旁附近私樓會所內藏有多隻舌女、大眼等病者，牠們其後找到方法走出並圍攻主角。",
        "confidence": 0.85,
        "review_status": "reviewed",
        "source": "bing_gang",
        "position_source": "同章（[60]）嘅 1 個已解析地點質心附近（環形偏移，id hash 決定）"
      }
    },
    {
      "type": "Feature",
      "geometry": {
        "type": "Point",
        "coordinates": [
          114.268732,
          22.338596
        ]
      },
      "properties": {
        "id": "loc_0180",
        "name": "通往墳場的路段",
        "display_name": "通往墳場的路段（虛構）",
        "location_type": "fictional",
        "fictional": true,
        "location_precision": "fictional",
        "story_position": {
          "x": 0.498,
          "y": 0.553
        },
        "first_appearance": 60,
        "chapters": [
          60
        ],
        "characters": [],
        "description": "主角在上次通往墳場的路段再次遇見南愚。",
        "confidence": 0.8,
        "review_status": "reviewed",
        "source": "bing_gang",
        "position_source": "同章（[60]）嘅 1 個已解析地點質心附近（環形偏移，id hash 決定）"
      }
    },
    {
      "type": "Feature",
      "geometry": {
        "type": "Point",
        "coordinates": [
          114.26609192034792,
          22.329547173266196
        ]
      },
      "properties": {
        "id": "loc_0181",
        "name": "將軍澳墳場",
        "display_name": "將軍澳墳場（參考位置）",
        "location_type": "district",
        "fictional": false,
        "location_precision": "approximate",
        "story_position": {
          "x": 0.693,
          "y": 0.404
        },
        "first_appearance": 61,
        "chapters": [
          61
        ],
        "characters": [],
        "description": "瑜小六走到將軍澳墳場上坡前的大直路，驚見沿途倒斃多隻病者，並發現倒臥在地的攻擊學老師。",
        "confidence": 0.95,
        "review_status": "reviewed",
        "source": "bing_gang"
      }
    },
    {
      "type": "Feature",
      "geometry": {
        "type": "Point",
        "coordinates": [
          114.269474,
          22.330444
        ]
      },
      "properties": {
        "id": "loc_0182",
        "name": "A橦盤問室",
        "display_name": "A橦盤問室（虛構）",
        "location_type": "fictional",
        "fictional": true,
        "location_precision": "fictional",
        "story_position": {
          "x": 0.608,
          "y": 0.386
        },
        "first_appearance": 61,
        "chapters": [
          61
        ],
        "characters": [],
        "description": "老師把公仔和娃娃押到A橦的盤問室，裡面四面冰冷牆壁，只有一張桌子和椅子，是一間封閉密室。",
        "confidence": 0.95,
        "review_status": "reviewed",
        "source": "bing_gang",
        "position_source": "同章（[61]）嘅 1 個已解析地點質心附近（環形偏移，id hash 決定）"
      }
    },
    {
      "type": "Feature",
      "geometry": {
        "type": "Point",
        "coordinates": [
          114.26492,
          22.331599
        ]
      },
      "properties": {
        "id": "loc_0183",
        "name": "D樓醫療室",
        "display_name": "D樓醫療室（虛構）",
        "location_type": "fictional",
        "fictional": true,
        "location_precision": "fictional",
        "story_position": {
          "x": 0.167,
          "y": 0.308
        },
        "first_appearance": 61,
        "chapters": [
          61
        ],
        "characters": [],
        "description": "瑜小六提議老師殺了那麼多病者後應到D樓醫療室檢查，但老師表示不用。",
        "confidence": 0.9,
        "review_status": "reviewed",
        "source": "bing_gang",
        "position_source": "同章（[61]）嘅 1 個已解析地點質心附近（環形偏移，id hash 決定）"
      }
    },
    {
      "type": "Feature",
      "geometry": {
        "type": "Point",
        "coordinates": [
          114.25111,
          22.303894
        ]
      },
      "properties": {
        "id": "loc_0184",
        "name": "盤問室",
        "display_name": "盤問室（虛構）",
        "location_type": "fictional",
        "fictional": true,
        "location_precision": "fictional",
        "story_position": {
          "x": 0.368,
          "y": 0.736
        },
        "first_appearance": 62,
        "chapters": [
          62
        ],
        "characters": [],
        "description": "主角盤問公仔與娃娃的房間，離開後他以誤會一場為由暫時釋放了二人。",
        "confidence": 0.9,
        "review_status": "reviewed",
        "source": "bing_gang",
        "position_source": "冇同章（區內）錨點，用故事主場景（將軍澳校園一帶）"
      }
    },
    {
      "type": "Feature",
      "geometry": {
        "type": "Point",
        "coordinates": [
          114.249852,
          22.305275
        ]
      },
      "properties": {
        "id": "loc_0185",
        "name": "七樓以下",
        "display_name": "七樓以下（虛構）",
        "location_type": "fictional",
        "fictional": true,
        "location_precision": "fictional",
        "story_position": {
          "x": 0.778,
          "y": 0.753
        },
        "first_appearance": 62,
        "chapters": [
          62
        ],
        "characters": [
          "少佐",
          "董倫"
        ],
        "description": "七樓以下是地位較低者的區域，不良人對此處知識分工瞭如指掌，曾有一名負責該處諜報工作的間諜被少佐用棒球棍毆死。",
        "confidence": 0.85,
        "review_status": "reviewed",
        "source": "bing_gang",
        "position_source": "冇同章（區內）錨點，用故事主場景（將軍澳校園一帶）"
      }
    },
    {
      "type": "Feature",
      "geometry": {
        "type": "Point",
        "coordinates": [
          114.251459,
          22.305237
        ]
      },
      "properties": {
        "id": "loc_0186",
        "name": "人類倖存區",
        "display_name": "人類倖存區（虛構）",
        "location_type": "fictional",
        "fictional": true,
        "location_precision": "fictional",
        "story_position": {
          "x": 0.302,
          "y": 0.441
        },
        "first_appearance": 62,
        "chapters": [
          62
        ],
        "characters": [
          "不破尚"
        ],
        "description": "不良人鎖定並進攻的人類聚居區，公仔聲稱從未見過有任何一個倖存區可以抵禦不良人入侵。",
        "confidence": 0.85,
        "review_status": "reviewed",
        "source": "bing_gang",
        "zone_ids": [
          "zone_cd7871ef1c"
        ],
        "position_source": "冇同章（區內）錨點，用故事主場景（將軍澳校園一帶）"
      }
    },
    {
      "type": "Feature",
      "geometry": {
        "type": "Point",
        "coordinates": [
          114.25343,
          22.30581
        ]
      },
      "properties": {
        "id": "loc_0187",
        "name": "會議室",
        "display_name": "會議室（推斷位置）",
        "location_type": "district",
        "fictional": false,
        "location_precision": "approximate",
        "story_position": {
          "x": 0.592,
          "y": 0.214
        },
        "first_appearance": 63,
        "chapters": [
          63
        ],
        "characters": [
          "銘凱"
        ],
        "description": "大本營內有寬敞簡約的會議室，是今次商討抵禦不良人的會議場地。",
        "confidence": 0.85,
        "review_status": "reviewed",
        "source": "bing_gang",
        "inferred_from": "inf_loc_0187"
      }
    },
    {
      "type": "Feature",
      "geometry": {
        "type": "Point",
        "coordinates": [
          114.25343,
          22.30581
        ]
      },
      "properties": {
        "id": "loc_0188",
        "name": "愛紗工坊",
        "display_name": "愛紗工坊（推斷位置）",
        "location_type": "district",
        "fictional": false,
        "location_precision": "approximate",
        "story_position": {
          "x": 0.25,
          "y": 0.546
        },
        "first_appearance": 63,
        "chapters": [
          63
        ],
        "characters": [],
        "description": "愛紗工坊正與大本營新武器製造商之一的漢森及其他主管研究加強大本營防禦的基建。",
        "confidence": 0.9,
        "review_status": "reviewed",
        "source": "bing_gang",
        "inferred_from": "inf_loc_0188"
      }
    },
    {
      "type": "Feature",
      "geometry": {
        "type": "Point",
        "coordinates": [
          114.25332,
          22.30547
        ]
      },
      "properties": {
        "id": "loc_0189",
        "name": "D部大樓",
        "display_name": "D部大樓（推斷位置）",
        "location_type": "landmark",
        "fictional": false,
        "location_precision": "exact",
        "story_position": {
          "x": 0.272,
          "y": 0.706
        },
        "first_appearance": 63,
        "chapters": [
          63
        ],
        "characters": [
          "Dr.D"
        ],
        "description": "Dr.D隸屬D部大樓，據大樓的人說他這一個月來完全沒有走出過房間。",
        "confidence": 0.85,
        "review_status": "reviewed",
        "source": "bing_gang",
        "inferred_from": "inf_loc_0189"
      }
    },
    {
      "type": "Feature",
      "geometry": {
        "type": "Point",
        "coordinates": [
          114.25343,
          22.30581
        ]
      },
      "properties": {
        "id": "loc_0191",
        "name": "工坊四樓珠寶室",
        "display_name": "工坊四樓珠寶室（推斷位置）",
        "location_type": "district",
        "fictional": false,
        "location_precision": "approximate",
        "story_position": {
          "x": 0.309,
          "y": 0.435
        },
        "first_appearance": 65,
        "chapters": [
          65
        ],
        "characters": [
          "娃娃"
        ],
        "description": "大本營工坊四樓的珠寶室，面積只有半個班課，是營火會當晚主角埋伏刺殺娃娃養母的地點。",
        "confidence": 0.92,
        "review_status": "reviewed",
        "source": "bing_gang",
        "inferred_from": "inf_loc_0191"
      }
    },
    {
      "type": "Feature",
      "geometry": {
        "type": "Point",
        "coordinates": [
          114.25343,
          22.30581
        ]
      },
      "properties": {
        "id": "loc_0192",
        "name": "馬德梵的家",
        "display_name": "馬德梵的家（推斷位置）",
        "location_type": "district",
        "fictional": false,
        "location_precision": "approximate",
        "story_position": {
          "x": 0.75,
          "y": 0.496
        },
        "first_appearance": 65,
        "chapters": [
          65
        ],
        "characters": [],
        "description": "馬德梵位於八樓的住所，由原本一間投影課室改裝而成，屋內大廳掛著一幅「幸福」的全家福。",
        "confidence": 0.9,
        "review_status": "reviewed",
        "source": "bing_gang"
      }
    },
    {
      "type": "Feature",
      "geometry": {
        "type": "Point",
        "coordinates": [
          114.253375,
          22.30564
        ]
      },
      "properties": {
        "id": "loc_0193",
        "name": "七樓",
        "display_name": "七樓（推斷位置）",
        "location_type": "district",
        "fictional": false,
        "location_precision": "approximate",
        "story_position": {
          "x": 0.756,
          "y": 0.451
        },
        "first_appearance": 66,
        "chapters": [
          66
        ],
        "characters": [
          "天明",
          "董倫",
          "老賢",
          "瑜小六",
          "少佐",
          "不破尚",
          "瓦禮",
          "愛紗",
          "阿禮",
          "王達尼"
        ],
        "description": "七樓曾傳出大騷動，敘述者追問之下先知少佐光明正大殺入咗八樓。",
        "confidence": 0.8,
        "review_status": "reviewed",
        "source": "bing_gang",
        "inferred_from": "inf_loc_0193"
      }
    },
    {
      "type": "Feature",
      "geometry": {
        "type": "Point",
        "coordinates": [
          114.25343,
          22.30581
        ]
      },
      "properties": {
        "id": "loc_0194",
        "name": "醫療大樓",
        "display_name": "醫療大樓（推斷位置）",
        "location_type": "district",
        "fictional": false,
        "location_precision": "approximate",
        "story_position": {
          "x": 0.353,
          "y": 0.271
        },
        "first_appearance": 66,
        "chapters": [
          66
        ],
        "characters": [
          "少佐",
          "瑜小六",
          "Dr.D"
        ],
        "description": "醫療大樓係大本營內嘅醫護設施，少佐中毒後被送去治理；馬姑娘隸屬該處，平時甚少離開。",
        "confidence": 0.9,
        "review_status": "reviewed",
        "source": "bing_gang",
        "inferred_from": "inf_loc_0194"
      }
    },
    {
      "type": "Feature",
      "geometry": {
        "type": "Point",
        "coordinates": [
          114.25343,
          22.30581
        ]
      },
      "properties": {
        "id": "loc_0195",
        "name": "多媒體地下攝影棚",
        "display_name": "多媒體地下攝影棚（推斷位置）",
        "location_type": "district",
        "fictional": false,
        "location_precision": "approximate",
        "story_position": {
          "x": 0.75,
          "y": 0.423
        },
        "first_appearance": 66,
        "chapters": [
          66
        ],
        "characters": [
          "冰",
          "會說話嘅病者"
        ],
        "description": "多媒體地下攝影棚係位於大本營外、掛住同名牌子嘅大型室內場地，與Dr.D同助手合照背面寫住嘅地方相符，內藏人類殘肢、血字同一名會說話嘅病者。",
        "confidence": 0.92,
        "review_status": "reviewed",
        "source": "bing_gang",
        "inferred_from": "inf_loc_0195"
      }
    },
    {
      "type": "Feature",
      "geometry": {
        "type": "Point",
        "coordinates": [
          114.256026,
          22.305162
        ]
      },
      "properties": {
        "id": "loc_0196",
        "name": "老賢的書房",
        "display_name": "老賢的書房（虛構）",
        "location_type": "fictional",
        "fictional": true,
        "location_precision": "fictional",
        "story_position": {
          "x": 0.372,
          "y": 0.323
        },
        "first_appearance": 55,
        "chapters": [
          55
        ],
        "characters": [],
        "description": "老賢平日足不出戶，在書房內接見來訪者，門外可聽到房內的爭論聲。",
        "confidence": 0.92,
        "review_status": "reviewed",
        "source": "bing_gang",
        "position_source": "同章（[55]）嘅 1 個已解析地點質心附近（環形偏移，id hash 決定）"
      }
    },
    {
      "type": "Feature",
      "geometry": {
        "type": "Point",
        "coordinates": [
          114.256845,
          22.305191
        ]
      },
      "properties": {
        "id": "loc_0197",
        "name": "B橦二樓",
        "display_name": "B橦二樓（虛構）",
        "location_type": "fictional",
        "fictional": true,
        "location_precision": "fictional",
        "story_position": {
          "x": 0.704,
          "y": 0.727
        },
        "first_appearance": 55,
        "chapters": [
          55
        ],
        "characters": [],
        "description": "全女搜索隊「克里絲娜」小隊的駐地位於B橦二樓，江子千著瑜小六有空去找她。",
        "confidence": 0.93,
        "review_status": "reviewed",
        "source": "bing_gang",
        "position_source": "同章（[55]）嘅 1 個已解析地點質心附近（環形偏移，id hash 決定）"
      }
    },
    {
      "type": "Feature",
      "geometry": {
        "type": "Point",
        "coordinates": [
          114.25375,
          22.30573
        ]
      },
      "properties": {
        "id": "loc_0198",
        "name": "C橦三樓木材加工室",
        "display_name": "C橦三樓木材加工室（推斷位置）",
        "location_type": "district",
        "fictional": false,
        "location_precision": "approximate",
        "story_position": {
          "x": 0.706,
          "y": 0.197
        },
        "first_appearance": 55,
        "chapters": [
          55
        ],
        "characters": [
          "傑夫丸"
        ],
        "description": "C橦三樓設有木材加工室，傑夫丸在此工作；敘述者到訪時加工室空無一人。",
        "confidence": 0.92,
        "review_status": "reviewed",
        "source": "bing_gang",
        "inferred_from": "inf_loc_0198"
      }
    },
    {
      "type": "Feature",
      "geometry": {
        "type": "Point",
        "coordinates": [
          114.257401,
          22.306927
        ]
      },
      "properties": {
        "id": "loc_0199",
        "name": "董倫七樓會所（高級妓院）",
        "display_name": "董倫七樓會所（高級妓院）（虛構）",
        "location_type": "fictional",
        "fictional": true,
        "location_precision": "fictional",
        "story_position": {
          "x": 0.535,
          "y": 0.392
        },
        "first_appearance": 55,
        "chapters": [
          55
        ],
        "characters": [],
        "description": "董倫在C樓經營高級妓院，其位於七樓的私人會所據聞已改裝完成。",
        "confidence": 0.88,
        "review_status": "reviewed",
        "source": "bing_gang",
        "position_source": "同章（[55]）嘅 1 個已解析地點質心附近（環形偏移，id hash 決定）"
      }
    },
    {
      "type": "Feature",
      "geometry": {
        "type": "Point",
        "coordinates": [
          114.25343,
          22.30581
        ]
      },
      "properties": {
        "id": "loc_0200",
        "name": "攝影棚",
        "display_name": "攝影棚（推斷位置）",
        "location_type": "district",
        "fictional": false,
        "location_precision": "approximate",
        "story_position": {
          "x": 0.397,
          "y": 0.48
        },
        "first_appearance": 66,
        "chapters": [
          66
        ],
        "characters": [
          "Jason Todd",
          "Dr.D",
          "冰",
          "會說話嘅病者",
          "大BOSS",
          "乾屍狀持刀男子（疑似Dr.D）",
          "馬姑娘",
          "主角（敘述者）",
          "我（敘事者）",
          "Dr.D嘅第二任助手",
          "阿登",
          "Dr.D第二任助手"
        ],
        "description": "主角被困的攝影棚是大本營的一部分，棚內放滿器材箱，他在該處遭乾屍狀男子持刀襲擊。",
        "confidence": 0.9,
        "review_status": "reviewed",
        "source": "bing_gang",
        "inferred_from": "inf_loc_0200"
      }
    },
    {
      "type": "Feature",
      "geometry": {
        "type": "Point",
        "coordinates": [
          114.25332,
          22.30547
        ]
      },
      "properties": {
        "id": "loc_0201",
        "name": "D橦大樓４０３號病房",
        "display_name": "D橦大樓４０３號病房（推斷位置）",
        "location_type": "district",
        "fictional": false,
        "location_precision": "approximate",
        "story_position": {
          "x": 0.368,
          "y": 0.707
        },
        "first_appearance": 66,
        "chapters": [
          66
        ],
        "characters": [],
        "description": "主角被送到D橦大樓403號病房，接受局部麻醉拔刀、包紮治理後被送上病床。",
        "confidence": 0.9,
        "review_status": "reviewed",
        "source": "bing_gang",
        "inferred_from": "inf_loc_0201"
      }
    },
    {
      "type": "Feature",
      "geometry": {
        "type": "Point",
        "coordinates": [
          114.25332,
          22.30547
        ]
      },
      "properties": {
        "id": "loc_0202",
        "name": "D橦大樓403號病房",
        "display_name": "D橦大樓403號病房（推斷位置）",
        "location_type": "district",
        "fictional": false,
        "location_precision": "approximate",
        "story_position": {
          "x": 0.212,
          "y": 0.395
        },
        "first_appearance": 66,
        "chapters": [
          66
        ],
        "characters": [],
        "description": "敘事者拔刀包紮後被送上病床，入住D橦大樓403號病房，並喺度以病人身份探望少佐。",
        "confidence": 0.85,
        "review_status": "reviewed",
        "source": "bing_gang",
        "inferred_from": "inf_loc_0202"
      }
    },
    {
      "type": "Feature",
      "geometry": {
        "type": "Point",
        "coordinates": [
          114.251587,
          22.305878
        ]
      },
      "properties": {
        "id": "loc_0203",
        "name": "彩明商場",
        "display_name": "彩明商場（推斷位置）",
        "location_type": "landmark",
        "fictional": false,
        "location_precision": "exact",
        "story_position": {
          "x": 0.692,
          "y": 0.369
        },
        "first_appearance": 67,
        "chapters": [
          67
        ],
        "characters": [
          "主角（鳥嘴／老師）",
          "病腦"
        ],
        "description": "彩明商場（香港真實地名）附近居住了一隻對結婚有欲望的病腦，需要定期送女人給牠。",
        "confidence": 0.88,
        "review_status": "reviewed",
        "source": "bing_gang",
        "inferred_from": "inf_loc_0203"
      }
    },
    {
      "type": "Feature",
      "geometry": {
        "type": "Point",
        "coordinates": [
          114.252509,
          22.305844
        ]
      },
      "properties": {
        "id": "loc_0204",
        "name": "Dr.D的工作室",
        "display_name": "Dr.D的工作室（推斷位置）",
        "location_type": "district",
        "fictional": false,
        "location_precision": "approximate",
        "story_position": {
          "x": 0.591,
          "y": 0.651
        },
        "first_appearance": 67,
        "chapters": [
          67
        ],
        "characters": [],
        "description": "Dr.D位於醫療大樓內的工作室十分雜亂，調藥桌上擺滿研究報告，是他為M注射三枝藥劑的地方。",
        "confidence": 0.92,
        "review_status": "reviewed",
        "source": "bing_gang",
        "inferred_from": "inf_loc_0204"
      }
    },
    {
      "type": "Feature",
      "geometry": {
        "type": "Point",
        "coordinates": [
          114.252509,
          22.305844
        ]
      },
      "properties": {
        "id": "loc_0205",
        "name": "安全屋",
        "display_name": "安全屋（推斷位置）",
        "location_type": "district",
        "fictional": false,
        "location_precision": "approximate",
        "story_position": {
          "x": 0.388,
          "y": 0.782
        },
        "first_appearance": 67,
        "chapters": [
          67
        ],
        "characters": [
          "M（主角）"
        ],
        "description": "M當卧底期間住在一間放滿罐頭食品的安全屋，每天觀察他人。",
        "confidence": 0.9,
        "review_status": "reviewed",
        "source": "bing_gang",
        "inferred_from": "inf_loc_0205"
      }
    },
    {
      "type": "Feature",
      "geometry": {
        "type": "Point",
        "coordinates": [
          114.252509,
          22.305844
        ]
      },
      "properties": {
        "id": "loc_0206",
        "name": "醫療大樓六樓",
        "display_name": "醫療大樓六樓（推斷位置）",
        "location_type": "district",
        "fictional": false,
        "location_precision": "approximate",
        "story_position": {
          "x": 0.693,
          "y": 0.498
        },
        "first_appearance": 67,
        "chapters": [
          67
        ],
        "characters": [],
        "description": "醫療大樓六樓只有Dr.D一人居住，M被送到最深處擺放住病爪頭部魚缸嘅房間休息。",
        "confidence": 0.9,
        "review_status": "reviewed",
        "source": "bing_gang",
        "inferred_from": "inf_loc_0206"
      }
    },
    {
      "type": "Feature",
      "geometry": {
        "type": "Point",
        "coordinates": [
          114.25343,
          22.30581
        ]
      },
      "properties": {
        "id": "loc_0207",
        "name": "病房",
        "display_name": "病房（推斷位置）",
        "location_type": "district",
        "fictional": false,
        "location_precision": "approximate",
        "story_position": {
          "x": 0.319,
          "y": 0.668
        },
        "first_appearance": 67,
        "chapters": [
          67
        ],
        "characters": [
          "M",
          "少佐",
          "主角（敘述者）",
          "可可",
          "馬姑娘",
          "白魂",
          "賴桑",
          "娃娃",
          "Sona",
          "夏晴",
          "護士姑娘"
        ],
        "description": "M受傷後喺大本營醫療大樓嘅病房連續留醫四日，期間同少佐同房休息。",
        "confidence": 0.9,
        "review_status": "reviewed",
        "source": "bing_gang",
        "inferred_from": "inf_loc_0207"
      }
    },
    {
      "type": "Feature",
      "geometry": {
        "type": "Point",
        "coordinates": [
          114.252509,
          22.305844
        ]
      },
      "properties": {
        "id": "loc_0208",
        "name": "六樓",
        "display_name": "六樓（推斷位置）",
        "location_type": "district",
        "fictional": false,
        "location_precision": "approximate",
        "story_position": {
          "x": 0.417,
          "y": 0.764
        },
        "first_appearance": 67,
        "chapters": [
          67
        ],
        "characters": [
          "Dr.D",
          "Dick Grayson",
          "瑜小六",
          "公仔",
          "病爪",
          "江子千",
          "老賢",
          "帶路的女子信徒",
          "抽血醫生",
          "犬京",
          "Ricky"
        ],
        "description": "醫療大樓六樓只有Dr.D一人居住，馬姑娘將動彈不得嘅M送到嗰度最深處擺放魚缸嘅房間。",
        "confidence": 0.88,
        "review_status": "reviewed",
        "source": "bing_gang",
        "inferred_from": "inf_loc_0208"
      }
    },
    {
      "type": "Feature",
      "geometry": {
        "type": "Point",
        "coordinates": [
          114.25343,
          22.30581
        ]
      },
      "properties": {
        "id": "loc_0209",
        "name": "大本營廣場",
        "display_name": "大本營廣場（推斷位置）",
        "location_type": "district",
        "fictional": false,
        "location_precision": "approximate",
        "story_position": {
          "x": 0.178,
          "y": 0.838
        },
        "first_appearance": 68,
        "chapters": [
          68
        ],
        "characters": [
          "天明",
          "公仔",
          "奎斯",
          "愛紗"
        ],
        "description": "大本營廣場係不良人貨車駛入後，與搜索隊爆發一百多人互相撕殺嘅戰場。",
        "confidence": 0.9,
        "review_status": "reviewed",
        "source": "bing_gang",
        "inferred_from": "inf_loc_0209"
      }
    },
    {
      "type": "Feature",
      "geometry": {
        "type": "Point",
        "coordinates": [
          114.2506,
          22.3077
        ]
      },
      "properties": {
        "id": "loc_0210",
        "name": "調景嶺",
        "display_name": "調景嶺（參考位置）",
        "location_type": "district",
        "fictional": false,
        "location_precision": "district",
        "story_position": {
          "x": 0.668,
          "y": 0.345
        },
        "first_appearance": 69,
        "chapters": [
          69
        ],
        "characters": [],
        "description": "Dr.D異變後的震撼咆哮於調景嶺區域迴盪，顯示本章場景位於調景嶺一帶。",
        "confidence": 0.95,
        "review_status": "reviewed",
        "source": "bing_gang"
      }
    },
    {
      "type": "Feature",
      "geometry": {
        "type": "Point",
        "coordinates": [
          114.25332,
          22.30547
        ]
      },
      "properties": {
        "id": "loc_0211",
        "name": "D橦三樓看護室",
        "display_name": "D橦三樓看護室（推斷位置）",
        "location_type": "landmark",
        "fictional": false,
        "location_precision": "exact",
        "story_position": {
          "x": 0.425,
          "y": 0.237
        },
        "first_appearance": 69,
        "chapters": [
          69
        ],
        "characters": [],
        "description": "M為避開克里絲娜追捕與馬姑娘，逃進大本營D橦三樓的看護室躲藏。",
        "confidence": 0.93,
        "review_status": "reviewed",
        "source": "bing_gang",
        "inferred_from": "inf_loc_0211"
      }
    },
    {
      "type": "Feature",
      "geometry": {
        "type": "Point",
        "coordinates": [
          114.25343,
          22.30581
        ]
      },
      "properties": {
        "id": "loc_0212",
        "name": "加護病房",
        "display_name": "加護病房（推斷位置）",
        "location_type": "district",
        "fictional": false,
        "location_precision": "approximate",
        "story_position": {
          "x": 0.74,
          "y": 0.608
        },
        "first_appearance": 70,
        "chapters": [
          70
        ],
        "characters": [
          "Sona"
        ],
        "description": "主角跑進加護病房，該處是大本營僅餘仍受供電的地方之一，光管燈閃爍不定。",
        "confidence": 0.95,
        "review_status": "reviewed",
        "source": "bing_gang",
        "inferred_from": "inf_loc_0212"
      }
    },
    {
      "type": "Feature",
      "geometry": {
        "type": "Point",
        "coordinates": [
          114.253375,
          22.30564
        ]
      },
      "properties": {
        "id": "loc_0213",
        "name": "手術室",
        "display_name": "手術室（推斷位置）",
        "location_type": "district",
        "fictional": false,
        "location_precision": "approximate",
        "story_position": {
          "x": 0.58,
          "y": 0.599
        },
        "first_appearance": 70,
        "chapters": [
          70
        ],
        "characters": [
          "馬姑娘",
          "不良人（無名同伴）"
        ],
        "description": "主角躲進一間明顯被改裝過、儀器不算先進的手術室，並藏身抽櫃之中避開馬姑娘。",
        "confidence": 0.95,
        "review_status": "reviewed",
        "source": "bing_gang",
        "inferred_from": "inf_loc_0213"
      }
    },
    {
      "type": "Feature",
      "geometry": {
        "type": "Point",
        "coordinates": [
          114.25332,
          22.30547
        ]
      },
      "properties": {
        "id": "loc_0214",
        "name": "D樓三樓",
        "display_name": "D樓三樓（推斷位置）",
        "location_type": "landmark",
        "fictional": false,
        "location_precision": "exact",
        "story_position": {
          "x": 0.594,
          "y": 0.57
        },
        "first_appearance": 70,
        "chapters": [
          70
        ],
        "characters": [
          "Dr.D"
        ],
        "description": "D樓三樓的走廊及樓梯間被巨大病者的拳頭擦破摧毀，形成大缺口，事後主角要從後方梯間返回地面。",
        "confidence": 0.95,
        "review_status": "reviewed",
        "source": "bing_gang",
        "inferred_from": "inf_loc_0214"
      }
    },
    {
      "type": "Feature",
      "geometry": {
        "type": "Point",
        "coordinates": [
          114.253375,
          22.30564
        ]
      },
      "properties": {
        "id": "loc_0215",
        "name": "茶水間",
        "display_name": "茶水間（推斷位置）",
        "location_type": "district",
        "fictional": false,
        "location_precision": "approximate",
        "story_position": {
          "x": 0.715,
          "y": 0.335
        },
        "first_appearance": 70,
        "chapters": [
          70
        ],
        "characters": [],
        "description": "主角踢開茶水間的門，發現天花板有通風口，並與不良人由此爬入通風管道逃生。",
        "confidence": 0.95,
        "review_status": "reviewed",
        "source": "bing_gang",
        "inferred_from": "inf_loc_0215"
      }
    },
    {
      "type": "Feature",
      "geometry": {
        "type": "Point",
        "coordinates": [
          114.253375,
          22.30564
        ]
      },
      "properties": {
        "id": "loc_0216",
        "name": "發電房",
        "display_name": "發電房（推斷位置）",
        "location_type": "district",
        "fictional": false,
        "location_precision": "approximate",
        "story_position": {
          "x": 0.606,
          "y": 0.462
        },
        "first_appearance": 70,
        "chapters": [
          70
        ],
        "characters": [
          "馬姑娘"
        ],
        "description": "兩人最終退入一間放置數部簡陋小型發電機、無窗只有一道大門的房間背水一戰。",
        "confidence": 0.85,
        "review_status": "reviewed",
        "source": "bing_gang",
        "inferred_from": "inf_loc_0216"
      }
    },
    {
      "type": "Feature",
      "geometry": {
        "type": "Point",
        "coordinates": [
          114.253375,
          22.30564
        ]
      },
      "properties": {
        "id": "loc_0217",
        "name": "前面廣場",
        "display_name": "前面廣場（推斷位置）",
        "location_type": "district",
        "fictional": false,
        "location_precision": "approximate",
        "story_position": {
          "x": 0.738,
          "y": 0.354
        },
        "first_appearance": 70,
        "chapters": [
          70
        ],
        "characters": [],
        "description": "Dr.D位於廣場一帶，不良人稱主角有辦法對付前面廣場的大病者。",
        "confidence": 0.75,
        "review_status": "reviewed",
        "source": "bing_gang",
        "inferred_from": "inf_loc_0217"
      }
    },
    {
      "type": "Feature",
      "geometry": {
        "type": "Point",
        "coordinates": [
          114.25332,
          22.30547
        ]
      },
      "properties": {
        "id": "loc_0218",
        "name": "D樓三樓（D橦大樓）",
        "display_name": "D樓三樓（D橦大樓）（推斷位置）",
        "location_type": "landmark",
        "fictional": false,
        "location_precision": "exact",
        "story_position": {
          "x": 0.281,
          "y": 0.245
        },
        "first_appearance": 70,
        "chapters": [
          70
        ],
        "characters": [],
        "description": "D樓三樓的走廊及樓梯間被病變後的Dr.D一拳擦破摧毀，整座D橦大樓破裂了三份一。",
        "confidence": 0.92,
        "review_status": "reviewed",
        "source": "bing_gang",
        "inferred_from": "inf_loc_0218"
      }
    },
    {
      "type": "Feature",
      "geometry": {
        "type": "Point",
        "coordinates": [
          114.25343,
          22.30581
        ]
      },
      "properties": {
        "id": "loc_0219",
        "name": "李惠利飯堂",
        "display_name": "李惠利飯堂（推斷位置）",
        "location_type": "district",
        "fictional": false,
        "location_precision": "approximate",
        "story_position": {
          "x": 0.433,
          "y": 0.763
        },
        "first_appearance": 71,
        "chapters": [
          71
        ],
        "characters": [],
        "description": "李惠利大樓內的飯堂，被不良人佔據為防線及指揮處，不破尚在此接見敘事者。",
        "confidence": 0.9,
        "review_status": "reviewed",
        "source": "bing_gang",
        "inferred_from": "inf_loc_0219"
      }
    },
    {
      "type": "Feature",
      "geometry": {
        "type": "Point",
        "coordinates": [
          114.25355,
          22.30613
        ]
      },
      "properties": {
        "id": "loc_0220",
        "name": "B橦大樓",
        "display_name": "B橦大樓（推斷位置）",
        "location_type": "landmark",
        "fictional": false,
        "location_precision": "exact",
        "story_position": {
          "x": 0.755,
          "y": 0.322
        },
        "first_appearance": 71,
        "chapters": [
          71
        ],
        "characters": [
          "阿玲",
          "瑜小六"
        ],
        "description": "大本營四橦大樓之一，失去活動能力的Dr.D伏在地上不斷敲打其支柱結構及主力牆，企圖令大樓倒下。",
        "confidence": 0.85,
        "review_status": "reviewed",
        "source": "bing_gang",
        "inferred_from": "inf_loc_0220"
      }
    },
    {
      "type": "Feature",
      "geometry": {
        "type": "Point",
        "coordinates": [
          114.253554,
          22.309494
        ]
      },
      "properties": {
        "id": "loc_0221",
        "name": "攻擊學",
        "display_name": "攻擊學（虛構）",
        "location_type": "fictional",
        "fictional": true,
        "location_precision": "fictional",
        "story_position": {
          "x": 0.596,
          "y": 0.293
        },
        "first_appearance": 68,
        "chapters": [
          68
        ],
        "characters": [
          "M",
          "「我」（敘事者）",
          "瑜小六",
          "攻擊學老師（敘事者）",
          "我（攻擊學導師）",
          "主角（我）",
          "冰",
          "黑袍老師",
          "攻擊學嘅病者老師",
          "攻擊學病者老師",
          "我（面具人）",
          "我（戴面具的主角）",
          "「M」（主角）"
        ],
        "description": "一名已失蹤幾日的病者老師所屬的學院名稱。",
        "confidence": 0.85,
        "review_status": "reviewed",
        "source": "bing_gang",
        "position_source": "同章（[68]）嘅 1 個已解析地點質心附近（環形偏移，id hash 決定）"
      }
    },
    {
      "type": "Feature",
      "geometry": {
        "type": "Point",
        "coordinates": [
          114.25343,
          22.30581
        ]
      },
      "properties": {
        "id": "loc_0222",
        "name": "大本營D橦大樓",
        "display_name": "大本營D橦大樓（推斷位置）",
        "location_type": "district",
        "fictional": false,
        "location_precision": "approximate",
        "story_position": {
          "x": 0.708,
          "y": 0.193
        },
        "first_appearance": 71,
        "chapters": [
          71
        ],
        "characters": [],
        "description": "Dr.D失去活動能力後不斷敲打B橦及D橦大樓的支柱結構及主力牆企圖使大樓倒下；主角曾跑進D橦大樓躲避其攻擊。",
        "confidence": 0.9,
        "review_status": "reviewed",
        "source": "bing_gang",
        "inferred_from": "inf_loc_0222"
      }
    },
    {
      "type": "Feature",
      "geometry": {
        "type": "Point",
        "coordinates": [
          114.25332,
          22.30547
        ]
      },
      "properties": {
        "id": "loc_0223",
        "name": "D樓（D橦大樓）",
        "display_name": "D樓（D橦大樓）（推斷位置）",
        "location_type": "landmark",
        "fictional": false,
        "location_precision": "exact",
        "story_position": {
          "x": 0.219,
          "y": 0.542
        },
        "first_appearance": 70,
        "chapters": [
          70
        ],
        "characters": [],
        "description": "D樓三樓嘅走廊及樓梯間被一個肥大拳頭擦破，成座大樓破裂咗三份一，形成大缺口。",
        "confidence": 0.95,
        "review_status": "reviewed",
        "source": "bing_gang",
        "inferred_from": "inf_loc_0223"
      }
    },
    {
      "type": "Feature",
      "geometry": {
        "type": "Point",
        "coordinates": [
          114.253375,
          22.30564
        ]
      },
      "properties": {
        "id": "loc_0224",
        "name": "倖存區",
        "display_name": "倖存區（推斷位置）",
        "location_type": "district",
        "fictional": false,
        "location_precision": "approximate",
        "story_position": {
          "x": 0.278,
          "y": 0.306
        },
        "first_appearance": 70,
        "chapters": [
          70
        ],
        "characters": [
          "娃娃",
          "不良人（組織）",
          "主角（我）",
          "我（主角）",
          "病翼",
          "不良人",
          "滿天",
          "小女孩",
          "國王",
          "病者",
          "星宇",
          "寶琳王國公主",
          "寶琳倖存區公主",
          "寶琳公主",
          "病者平權組織",
          "三名年輕成員",
          "艾匡",
          "鳥嘴兄",
          "白魂",
          "寶琳柒拾老闆"
        ],
        "description": "故事場景設喺一個「倖存區」之內，區內突然出現大量病者，令不良人絕望大叫。",
        "confidence": 0.85,
        "review_status": "reviewed",
        "source": "bing_gang",
        "inferred_from": "inf_loc_0224"
      }
    },
    {
      "type": "Feature",
      "geometry": {
        "type": "Point",
        "coordinates": [
          114.266165,
          22.33769
        ]
      },
      "properties": {
        "id": "loc_0225",
        "name": "田家炳小學",
        "display_name": "田家炳小學（虛構）",
        "location_type": "fictional",
        "fictional": true,
        "location_precision": "fictional",
        "story_position": {
          "x": 0.397,
          "y": 0.3
        },
        "first_appearance": 72,
        "chapters": [
          72
        ],
        "characters": [
          "喪伯",
          "董倫"
        ],
        "description": "田家炳小學與志蓮小學打通，其操場被用作放置斷頭台的刑場。",
        "confidence": 0.9,
        "review_status": "reviewed",
        "source": "bing_gang",
        "position_source": "同章（[72]）嘅 1 個已解析地點質心附近（環形偏移，id hash 決定）"
      }
    },
    {
      "type": "Feature",
      "geometry": {
        "type": "Point",
        "coordinates": [
          114.26983721675441,
          22.337917235065234
        ]
      },
      "properties": {
        "id": "loc_0226",
        "name": "將軍澳商場",
        "display_name": "將軍澳商場（參考位置）",
        "location_type": "district",
        "fictional": false,
        "location_precision": "approximate",
        "story_position": {
          "x": 0.7,
          "y": 0.427
        },
        "first_appearance": 72,
        "chapters": [
          72
        ],
        "characters": [],
        "description": "不良人據點附近的將軍澳商場第二層物資充足，但因有病者（病童）徘徊而一直無法前往。",
        "confidence": 0.96,
        "review_status": "reviewed",
        "source": "bing_gang"
      }
    },
    {
      "type": "Feature",
      "geometry": {
        "type": "Point",
        "coordinates": [
          114.252074,
          22.314314
        ]
      },
      "properties": {
        "id": "loc_0227",
        "name": "放置斷頭台嘅操場",
        "display_name": "放置斷頭台嘅操場（虛構）",
        "location_type": "fictional",
        "fictional": true,
        "location_precision": "fictional",
        "story_position": {
          "x": 0.319,
          "y": 0.349
        },
        "first_appearance": 73,
        "chapters": [
          73
        ],
        "characters": [],
        "description": "操場上放置住斷頭台，被用嚟囚禁俘虜並讓人選擇放走一人。",
        "confidence": 0.9,
        "review_status": "reviewed",
        "source": "bing_gang",
        "position_source": "同章（[73]）嘅 3 個已解析地點質心附近（環形偏移，id hash 決定）"
      }
    },
    {
      "type": "Feature",
      "geometry": {
        "type": "Point",
        "coordinates": [
          114.248472,
          22.311569
        ]
      },
      "properties": {
        "id": "loc_0228",
        "name": "小學二樓禮堂",
        "display_name": "小學二樓禮堂（虛構）",
        "location_type": "fictional",
        "fictional": true,
        "location_precision": "fictional",
        "story_position": {
          "x": 0.23,
          "y": 0.586
        },
        "first_appearance": 73,
        "chapters": [
          73
        ],
        "characters": [],
        "description": "小學二樓禮堂被改裝成不良人共享嘅食飯同休息空間。",
        "confidence": 0.9,
        "review_status": "reviewed",
        "source": "bing_gang",
        "position_source": "同章（[73]）嘅 3 個已解析地點質心附近（環形偏移，id hash 決定）"
      }
    },
    {
      "type": "Feature",
      "geometry": {
        "type": "Point",
        "coordinates": [
          114.248013,
          22.311484
        ]
      },
      "properties": {
        "id": "loc_0229",
        "name": "遊戲室",
        "display_name": "遊戲室（虛構）",
        "location_type": "fictional",
        "fictional": true,
        "location_precision": "fictional",
        "story_position": {
          "x": 0.276,
          "y": 0.547
        },
        "first_appearance": 73,
        "chapters": [
          73
        ],
        "characters": [
          "王白蛋",
          "銘凱",
          "公仔",
          "遊戲負責人"
        ],
        "description": "遊戲室位於小學右邊三樓至四樓，係不良人獨有嘅娛樂場所，內設酒吧同射擊遊戲。",
        "confidence": 0.9,
        "review_status": "reviewed",
        "source": "bing_gang",
        "position_source": "同章（[73]）嘅 3 個已解析地點質心附近（環形偏移，id hash 決定）"
      }
    },
    {
      "type": "Feature",
      "geometry": {
        "type": "Point",
        "coordinates": [
          114.24353826962692,
          22.326264888990615
        ]
      },
      "properties": {
        "id": "loc_0230",
        "name": "艾寶琳共和國",
        "display_name": "艾寶琳共和國（參考位置）",
        "location_type": "district",
        "fictional": false,
        "location_precision": "approximate",
        "story_position": {
          "x": 0.656,
          "y": 0.395
        },
        "first_appearance": 73,
        "chapters": [
          73
        ],
        "characters": [
          "喪伯",
          "貴華"
        ],
        "description": "艾寶琳共和國係新世界對舊日寶琳一帶嘅稱呼，地名已因世界改變而不同。",
        "confidence": 0.85,
        "review_status": "reviewed",
        "source": "bing_gang"
      }
    },
    {
      "type": "Feature",
      "geometry": {
        "type": "Point",
        "coordinates": [
          114.253375,
          22.30564
        ]
      },
      "properties": {
        "id": "loc_0231",
        "name": "通風管道",
        "display_name": "通風管道（推斷位置）",
        "location_type": "district",
        "fictional": false,
        "location_precision": "approximate",
        "story_position": {
          "x": 0.196,
          "y": 0.58
        },
        "first_appearance": 70,
        "chapters": [
          70
        ],
        "characters": [],
        "description": "主角同不良人喺狹窄、又靜又暗嘅通風管道中向前爬行逃生。",
        "confidence": 0.9,
        "review_status": "reviewed",
        "source": "bing_gang",
        "inferred_from": "inf_loc_0231"
      }
    },
    {
      "type": "Feature",
      "geometry": {
        "type": "Point",
        "coordinates": [
          114.25343,
          22.30581
        ]
      },
      "properties": {
        "id": "loc_0232",
        "name": "大本營（倖存區）",
        "display_name": "大本營（倖存區）（推斷位置）",
        "location_type": "district",
        "fictional": false,
        "location_precision": "approximate",
        "story_position": {
          "x": 0.246,
          "y": 0.727
        },
        "first_appearance": 70,
        "chapters": [
          70
        ],
        "characters": [],
        "description": "大本營係故事中嘅倖存區基地，不良人抱怨呢個倖存區到處都係病者。",
        "confidence": 0.88,
        "review_status": "reviewed",
        "source": "bing_gang",
        "inferred_from": "inf_loc_0232",
        "zone_ids": [
          "zone_3223760e27"
        ]
      }
    },
    {
      "type": "Feature",
      "geometry": {
        "type": "Point",
        "coordinates": [
          114.26696136415656,
          22.317785809109637
        ]
      },
      "properties": {
        "id": "loc_0233",
        "name": "不良人據點（商場）",
        "display_name": "不良人據點（商場）（參考位置）",
        "location_type": "district",
        "fictional": false,
        "location_precision": "approximate",
        "story_position": {
          "x": 0.695,
          "y": 0.372
        },
        "first_appearance": 74,
        "chapters": [
          74
        ],
        "characters": [],
        "description": "不良人的據點設在一座商場之內，主角在據點內四處尋找耳塞並向不良人打聽病童情報。",
        "confidence": 0.85,
        "review_status": "reviewed",
        "source": "bing_gang",
        "zone_ids": [
          "zone_3aedd43d53"
        ]
      }
    },
    {
      "type": "Feature",
      "geometry": {
        "type": "Point",
        "coordinates": [
          114.26812593270772,
          22.318993591210802
        ]
      },
      "properties": {
        "id": "loc_0234",
        "name": "商場二樓百貨公司",
        "display_name": "商場二樓百貨公司（參考位置）",
        "location_type": "district",
        "fictional": false,
        "location_precision": "approximate",
        "story_position": {
          "x": 0.697,
          "y": 0.376
        },
        "first_appearance": 74,
        "chapters": [
          74
        ],
        "characters": [],
        "description": "不破尚的手下憑印象指商場二樓有一間很大的百貨公司，應該會有瑞士或德國出產的生存軍刀。",
        "confidence": 0.85,
        "review_status": "reviewed",
        "source": "bing_gang"
      }
    },
    {
      "type": "Feature",
      "geometry": {
        "type": "Point",
        "coordinates": [
          114.267544,
          22.31839
        ]
      },
      "properties": {
        "id": "loc_0235",
        "name": "操場斷頭台",
        "display_name": "操場斷頭台（推斷位置）",
        "location_type": "district",
        "fictional": false,
        "location_precision": "approximate",
        "story_position": {
          "x": 0.743,
          "y": 0.63
        },
        "first_appearance": 74,
        "chapters": [
          74
        ],
        "characters": [
          "娃娃"
        ],
        "description": "主角在雷雨中撐傘走到操場的斷頭台，坐在娃娃身旁用雨傘為她擋雨。",
        "confidence": 0.9,
        "review_status": "reviewed",
        "source": "bing_gang",
        "aliases": [
          "操場的斷頭台"
        ],
        "inferred_from": "inf_loc_0235"
      }
    },
    {
      "type": "Feature",
      "geometry": {
        "type": "Point",
        "coordinates": [
          114.267544,
          22.31839
        ]
      },
      "properties": {
        "id": "loc_0236",
        "name": "禮堂",
        "display_name": "禮堂（推斷位置）",
        "location_type": "district",
        "fictional": false,
        "location_precision": "approximate",
        "story_position": {
          "x": 0.6,
          "y": 0.652
        },
        "first_appearance": 74,
        "chapters": [
          74
        ],
        "characters": [
          "不破尚的飛虎部隊成員",
          "喪伯",
          "董倫",
          "犬京"
        ],
        "description": "主角在禮堂向一名正準備用餐的不破尚飛虎部隊成員查詢關於病童的事。",
        "confidence": 0.85,
        "review_status": "reviewed",
        "source": "bing_gang",
        "inferred_from": "inf_loc_0236"
      }
    },
    {
      "type": "Feature",
      "geometry": {
        "type": "Point",
        "coordinates": [
          114.267544,
          22.31839
        ]
      },
      "properties": {
        "id": "loc_0237",
        "name": "遊戲室酒吧",
        "display_name": "遊戲室酒吧（推斷位置）",
        "location_type": "district",
        "fictional": false,
        "location_precision": "approximate",
        "story_position": {
          "x": 0.446,
          "y": 0.782
        },
        "first_appearance": 74,
        "chapters": [
          74
        ],
        "characters": [],
        "description": "主角進入遊戲室酒吧，看見裡面的醉漢疏於看管自己的武器，趁機下手盜竊。",
        "confidence": 0.9,
        "review_status": "reviewed",
        "source": "bing_gang",
        "inferred_from": "inf_loc_0237"
      }
    },
    {
      "type": "Feature",
      "geometry": {
        "type": "Point",
        "coordinates": [
          114.262869,
          22.309186
        ]
      },
      "properties": {
        "id": "loc_0238",
        "name": "將軍澳廣場",
        "display_name": "將軍澳廣場（推斷位置）",
        "location_type": "landmark",
        "fictional": false,
        "location_precision": "exact",
        "story_position": {
          "x": 0.687,
          "y": 0.362
        },
        "first_appearance": 75,
        "chapters": [
          75
        ],
        "characters": [
          "我（主角・學堂老師）",
          "病童",
          "聽不破尚",
          "不破尚"
        ],
        "description": "主角與公仔透過破掉的玻璃大門進入將軍澳廣場（將軍澳商場），其二樓據稱是唯一物資仍然齊備的地方，亦是病童盤踞之處。",
        "confidence": 0.92,
        "review_status": "reviewed",
        "source": "bing_gang",
        "inferred_from": "inf_loc_0238"
      }
    },
    {
      "type": "Feature",
      "geometry": {
        "type": "Point",
        "coordinates": [
          114.265456,
          22.310538
        ]
      },
      "properties": {
        "id": "loc_0240",
        "name": "小學（不良人據點）",
        "display_name": "小學（不良人據點）（虛構）",
        "location_type": "fictional",
        "fictional": true,
        "location_precision": "fictional",
        "story_position": {
          "x": 0.642,
          "y": 0.21
        },
        "first_appearance": 75,
        "chapters": [
          75
        ],
        "characters": [],
        "description": "公仔餵完娃娃後走到小學的大閘前，經過看守大閘的不良人正式步出據點，暗示不良人據點設於一所小學。",
        "confidence": 0.8,
        "review_status": "reviewed",
        "source": "bing_gang",
        "zone_ids": [
          "zone_1f112cb706"
        ],
        "position_source": "同章（[75]）嘅 5 個已解析地點質心附近（環形偏移，id hash 決定）"
      }
    },
    {
      "type": "Feature",
      "geometry": {
        "type": "Point",
        "coordinates": [
          114.26698503089952,
          22.312565072098877
        ]
      },
      "properties": {
        "id": "loc_0241",
        "name": "將軍澳廣場二樓超級市場",
        "display_name": "將軍澳廣場二樓超級市場（參考位置）",
        "location_type": "district",
        "fictional": false,
        "location_precision": "approximate",
        "story_position": {
          "x": 0.695,
          "y": 0.358
        },
        "first_appearance": 75,
        "chapters": [
          75
        ],
        "characters": [],
        "description": "二樓左邊的超級市場存放大量乾糧零食，是病童出沒並以哼唱聲施展催眠的主要場所。",
        "confidence": 0.88,
        "review_status": "reviewed",
        "source": "bing_gang"
      }
    },
    {
      "type": "Feature",
      "geometry": {
        "type": "Point",
        "coordinates": [
          114.26631064316777,
          22.314835248340582
        ]
      },
      "properties": {
        "id": "loc_0242",
        "name": "吉野家（將軍澳廣場二樓）",
        "display_name": "吉野家（將軍澳廣場二樓）（參考位置）",
        "location_type": "district",
        "fictional": false,
        "location_precision": "approximate",
        "story_position": {
          "x": 0.694,
          "y": 0.364
        },
        "first_appearance": 75,
        "chapters": [
          75
        ],
        "characters": [],
        "description": "主角在二樓吉野家門外時知曉了病童用什麼方法殺人。",
        "confidence": 0.85,
        "review_status": "reviewed",
        "source": "bing_gang"
      }
    },
    {
      "type": "Feature",
      "geometry": {
        "type": "Point",
        "coordinates": [
          114.26610391393912,
          22.308742504005494
        ]
      },
      "properties": {
        "id": "loc_0243",
        "name": "傢俱店（將軍澳廣場二樓）",
        "display_name": "傢俱店（將軍澳廣場二樓）（參考位置）",
        "location_type": "district",
        "fictional": false,
        "location_precision": "approximate",
        "story_position": {
          "x": 0.694,
          "y": 0.348
        },
        "first_appearance": 75,
        "chapters": [
          75
        ],
        "characters": [],
        "description": "被催眠的公仔走進二樓一間傢俱店並踏上椅子，他面前正吊住一條用來吊頸的繩子。",
        "confidence": 0.93,
        "review_status": "reviewed",
        "source": "bing_gang"
      }
    },
    {
      "type": "Feature",
      "geometry": {
        "type": "Point",
        "coordinates": [
          114.25343,
          22.30581
        ]
      },
      "properties": {
        "id": "loc_0244",
        "name": "操場（斷頭台所在）",
        "display_name": "操場（斷頭台所在）（推斷位置）",
        "location_type": "district",
        "fictional": false,
        "location_precision": "approximate",
        "story_position": {
          "x": 0.369,
          "y": 0.53
        },
        "first_appearance": 73,
        "chapters": [
          73
        ],
        "characters": [],
        "description": "大本營內放置斷頭台的操場，是主角選擇放走一人之處。",
        "confidence": 0.92,
        "review_status": "reviewed",
        "source": "bing_gang",
        "inferred_from": "inf_loc_0244"
      }
    },
    {
      "type": "Feature",
      "geometry": {
        "type": "Point",
        "coordinates": [
          114.247748,
          22.312826
        ]
      },
      "properties": {
        "id": "loc_0245",
        "name": "射擊樂",
        "display_name": "射擊樂（虛構）",
        "location_type": "fictional",
        "fictional": true,
        "location_precision": "fictional",
        "story_position": {
          "x": 0.58,
          "y": 0.377
        },
        "first_appearance": 73,
        "chapters": [
          73
        ],
        "characters": [],
        "description": "射擊樂是不良人遊戲室兩個熱門地點之一，參加者以自己的武器或零件作賭注，通關可贏取展示的十字弓。",
        "confidence": 0.93,
        "review_status": "reviewed",
        "source": "bing_gang",
        "position_source": "同章（[73]）嘅 3 個已解析地點質心附近（環形偏移，id hash 決定）"
      }
    },
    {
      "type": "Feature",
      "geometry": {
        "type": "Point",
        "coordinates": [
          114.263043,
          22.315457
        ]
      },
      "properties": {
        "id": "loc_0246",
        "name": "不良人據點",
        "display_name": "不良人據點（虛構）",
        "location_type": "fictional",
        "fictional": true,
        "location_precision": "fictional",
        "story_position": {
          "x": 0.294,
          "y": 0.785
        },
        "first_appearance": 74,
        "chapters": [
          74,
          75
        ],
        "characters": [
          "公仔",
          "主角「我」（老師）",
          "病童",
          "娃娃",
          "不破尚",
          "不良人廚師",
          "白魂",
          "八樓權貴",
          "夏當",
          "不良人",
          "艾匡",
          "Dr.D",
          "江子千",
          "敘事者（鳥嘴兄/我）"
        ],
        "description": "不良人據點內設有遊戲室酒吧、禮堂、操場與斷頭台等設施，二樓為病童盤踞、無人能活着回來的禁地。",
        "confidence": 0.9,
        "review_status": "reviewed",
        "source": "bing_gang",
        "aliases": [
          "不良人的據點"
        ],
        "zone_ids": [
          "zone_3aedd43d53"
        ],
        "position_source": "同章（[74, 75]）嘅 10 個已解析地點質心附近（環形偏移，id hash 決定）"
      }
    },
    {
      "type": "Feature",
      "geometry": {
        "type": "Point",
        "coordinates": [
          114.251695,
          22.314601
        ]
      },
      "properties": {
        "id": "loc_0247",
        "name": "小學",
        "display_name": "小學（虛構）",
        "location_type": "fictional",
        "fictional": true,
        "location_precision": "fictional",
        "story_position": {
          "x": 0.562,
          "y": 0.565
        },
        "first_appearance": 73,
        "chapters": [
          73
        ],
        "characters": [
          "不良人",
          "不破尚",
          "我（敘述者）",
          "班尼",
          "我",
          "喪伯",
          "董倫",
          "書呆子青年",
          "帶路的女子信徒",
          "瑜小六",
          "不良人首領",
          "黑鼠商團首領（未確認身份前）",
          "全身黑色衣著的人"
        ],
        "description": "不良人據點所在的小學，操場上放置住斷頭台，二樓禮堂被改裝成食飯、休息的好地方。",
        "confidence": 0.85,
        "review_status": "reviewed",
        "source": "bing_gang",
        "position_source": "同章（[73]）嘅 3 個已解析地點質心附近（環形偏移，id hash 決定）"
      }
    },
    {
      "type": "Feature",
      "geometry": {
        "type": "Point",
        "coordinates": [
          114.264348,
          22.303565
        ]
      },
      "properties": {
        "id": "loc_0248",
        "name": "永旺百貨公司",
        "display_name": "永旺百貨公司（虛構）",
        "location_type": "fictional",
        "fictional": true,
        "location_precision": "fictional",
        "story_position": {
          "x": 0.46,
          "y": 0.222
        },
        "first_appearance": 76,
        "chapters": [
          76
        ],
        "characters": [],
        "description": "商場內的百貨公司為永旺百貨公司，主角拾到寫有「永旺百貨公司員工出入證」的智能卡。",
        "confidence": 0.85,
        "review_status": "reviewed",
        "source": "bing_gang",
        "position_source": "同章（[76]）嘅 1 個已解析地點質心附近（環形偏移，id hash 決定）"
      }
    },
    {
      "type": "Feature",
      "geometry": {
        "type": "Point",
        "coordinates": [
          114.262548,
          22.300608
        ]
      },
      "properties": {
        "id": "loc_0249",
        "name": "傢俱店",
        "display_name": "傢俱店（虛構）",
        "location_type": "fictional",
        "fictional": true,
        "location_precision": "fictional",
        "story_position": {
          "x": 0.724,
          "y": 0.318
        },
        "first_appearance": 76,
        "chapters": [
          76
        ],
        "characters": [
          "公仔",
          "我（老師）"
        ],
        "description": "商場內的傢俱店，公仔在此差點被繩圈吊頸，主角跑入店內抱起他解困，其後亦把公仔放到店內的床上。",
        "confidence": 0.95,
        "review_status": "reviewed",
        "source": "bing_gang",
        "position_source": "同章（[76]）嘅 1 個已解析地點質心附近（環形偏移，id hash 決定）"
      }
    },
    {
      "type": "Feature",
      "geometry": {
        "type": "Point",
        "coordinates": [
          114.265699,
          22.303281
        ]
      },
      "properties": {
        "id": "loc_0250",
        "name": "電器部",
        "display_name": "電器部（虛構）",
        "location_type": "fictional",
        "fictional": true,
        "location_precision": "fictional",
        "story_position": {
          "x": 0.597,
          "y": 0.837
        },
        "first_appearance": 76,
        "chapters": [
          76
        ],
        "characters": [],
        "description": "百貨公司的電器部，主角與公仔到此尋找可以蓋過病童聲音的音響器材及電池。",
        "confidence": 0.9,
        "review_status": "reviewed",
        "source": "bing_gang",
        "position_source": "同章（[76]）嘅 1 個已解析地點質心附近（環形偏移，id hash 決定）"
      }
    },
    {
      "type": "Feature",
      "geometry": {
        "type": "Point",
        "coordinates": [
          114.262278,
          22.303734
        ]
      },
      "properties": {
        "id": "loc_0251",
        "name": "員工室（保安室）",
        "display_name": "員工室（保安室）（推斷位置）",
        "location_type": "district",
        "fictional": false,
        "location_precision": "approximate",
        "story_position": {
          "x": 0.335,
          "y": 0.318
        },
        "first_appearance": 76,
        "chapters": [
          76
        ],
        "characters": [],
        "description": "位於走火通道附近的隱密員工室，內裡實為放滿監視器的保安室，靠公司後備電源運作。",
        "confidence": 0.95,
        "review_status": "reviewed",
        "source": "bing_gang",
        "inferred_from": "inf_loc_0251"
      }
    },
    {
      "type": "Feature",
      "geometry": {
        "type": "Point",
        "coordinates": [
          114.269305,
          22.314773
        ]
      },
      "properties": {
        "id": "loc_0252",
        "name": "百貨公司",
        "display_name": "百貨公司（虛構）",
        "location_type": "fictional",
        "fictional": true,
        "location_precision": "fictional",
        "story_position": {
          "x": 0.556,
          "y": 0.436
        },
        "first_appearance": 77,
        "chapters": [
          77
        ],
        "characters": [
          "大耳"
        ],
        "description": "主角在百貨公司內遭不明人追殺、被病童的幻覺逼退至百貨公司外面，其後又返回二樓營救公仔並與神秘人纏鬥。",
        "confidence": 0.9,
        "review_status": "reviewed",
        "source": "bing_gang",
        "position_source": "同章（[77]）嘅 3 個已解析地點質心附近（環形偏移，id hash 決定）"
      }
    },
    {
      "type": "Feature",
      "geometry": {
        "type": "Point",
        "coordinates": [
          114.267112,
          22.31373
        ]
      },
      "properties": {
        "id": "loc_0253",
        "name": "電梯間",
        "display_name": "電梯間（虛構）",
        "location_type": "fictional",
        "fictional": true,
        "location_precision": "fictional",
        "story_position": {
          "x": 0.661,
          "y": 0.449
        },
        "first_appearance": 77,
        "chapters": [
          77
        ],
        "characters": [],
        "description": "主角逃過追殺後藏身於百貨公司外面的電梯間，其間從電梯滾落商場一樓之下。",
        "confidence": 0.9,
        "review_status": "reviewed",
        "source": "bing_gang",
        "position_source": "同章（[77]）嘅 3 個已解析地點質心附近（環形偏移，id hash 決定）"
      }
    },
    {
      "type": "Feature",
      "geometry": {
        "type": "Point",
        "coordinates": [
          114.265216,
          22.314165
        ]
      },
      "properties": {
        "id": "loc_0254",
        "name": "員工室",
        "display_name": "員工室（虛構）",
        "location_type": "fictional",
        "fictional": true,
        "location_precision": "fictional",
        "story_position": {
          "x": 0.582,
          "y": 0.238
        },
        "first_appearance": 77,
        "chapters": [
          77
        ],
        "characters": [
          "公仔"
        ],
        "description": "公仔被困於員工室內，神秘人以鐵鎚敲打其門，門被打爛一半，主角最後趕到營救。",
        "confidence": 0.95,
        "review_status": "reviewed",
        "source": "bing_gang",
        "position_source": "同章（[77]）嘅 3 個已解析地點質心附近（環形偏移，id hash 決定）"
      }
    },
    {
      "type": "Feature",
      "geometry": {
        "type": "Point",
        "coordinates": [
          114.26457473105974,
          22.318108628976884
        ]
      },
      "properties": {
        "id": "loc_0255",
        "name": "商場二樓無欄杆邊緣位置",
        "display_name": "商場二樓無欄杆邊緣位置（參考位置）",
        "location_type": "district",
        "fictional": false,
        "location_precision": "approximate",
        "story_position": {
          "x": 0.691,
          "y": 0.373
        },
        "first_appearance": 77,
        "chapters": [
          77
        ],
        "characters": [],
        "description": "主角循哼唱聲跑到商場二樓一處因破損而沒欄杆的邊緣位置，稍向前踏便會跌落比一樓更低的地下層致死，病童正在該處對外哼唱。",
        "confidence": 0.95,
        "review_status": "reviewed",
        "source": "bing_gang"
      }
    },
    {
      "type": "Feature",
      "geometry": {
        "type": "Point",
        "coordinates": [
          114.255838,
          22.306316
        ]
      },
      "properties": {
        "id": "loc_0256",
        "name": "「不良人」據點",
        "display_name": "「不良人」據點（虛構）",
        "location_type": "fictional",
        "fictional": true,
        "location_precision": "fictional",
        "story_position": {
          "x": 0.748,
          "y": 0.833
        },
        "first_appearance": 78,
        "chapters": [
          78
        ],
        "characters": [
          "「我」（老師）",
          "公仔"
        ],
        "description": "主角與公仔所屬組織「不良人」的據點，二人戰鬥結束後返回該處，主角亦計劃將來離開此組織。",
        "confidence": 0.9,
        "review_status": "reviewed",
        "source": "bing_gang",
        "zone_ids": [
          "zone_33f49f01d2"
        ],
        "position_source": "冇同章（區內）錨點，用故事主場景（將軍澳校園一帶）"
      }
    },
    {
      "type": "Feature",
      "geometry": {
        "type": "Point",
        "coordinates": [
          114.25343,
          22.30581
        ]
      },
      "properties": {
        "id": "loc_0257",
        "name": "操場",
        "display_name": "操場（推斷位置）",
        "location_type": "district",
        "fictional": false,
        "location_precision": "approximate",
        "story_position": {
          "x": 0.3,
          "y": 0.387
        },
        "first_appearance": 73,
        "chapters": [
          73
        ],
        "characters": [
          "娃娃",
          "公仔",
          "銘凱",
          "病者平權組織教主",
          "董倫"
        ],
        "description": "主角回到放置住斷頭台的操場，在此決定放走哪一名被俘者。",
        "confidence": 0.9,
        "review_status": "reviewed",
        "source": "bing_gang",
        "inferred_from": "inf_loc_0257"
      }
    },
    {
      "type": "Feature",
      "geometry": {
        "type": "Point",
        "coordinates": [
          114.250693,
          22.31498
        ]
      },
      "properties": {
        "id": "loc_0258",
        "name": "酒吧",
        "display_name": "酒吧（虛構）",
        "location_type": "fictional",
        "fictional": true,
        "location_precision": "fictional",
        "story_position": {
          "x": 0.258,
          "y": 0.488
        },
        "first_appearance": 73,
        "chapters": [
          73
        ],
        "characters": [
          "我（主角）",
          "王達尼",
          "南愚",
          "胡子老闆",
          "董倫",
          "小混混",
          "一期持刀男",
          "陸軒",
          "康城二期元老",
          "明哥旗下殺手",
          "不速之客"
        ],
        "description": "進入遊戲室首先看到的是酒吧，有大漢在那裡喝啤酒、玩撲克牌和拗手瓜。",
        "confidence": 0.9,
        "review_status": "reviewed",
        "source": "bing_gang",
        "position_source": "同章（[73]）嘅 3 個已解析地點質心附近（環形偏移，id hash 決定）"
      }
    },
    {
      "type": "Feature",
      "geometry": {
        "type": "Point",
        "coordinates": [
          114.25775436026551,
          22.314214694438085
        ]
      },
      "properties": {
        "id": "loc_0259",
        "name": "將軍澳廣場二樓超市",
        "display_name": "將軍澳廣場二樓超市（參考位置）",
        "location_type": "district",
        "fictional": false,
        "location_precision": "approximate",
        "story_position": {
          "x": 0.68,
          "y": 0.363
        },
        "first_appearance": 75,
        "chapters": [
          75
        ],
        "characters": [],
        "description": "病童藏身於將軍澳廣場二樓左邊的超級市場，小女孩的笑聲最初從超市東北面擺放冷藏食品的地方傳來。",
        "confidence": 0.85,
        "review_status": "reviewed",
        "source": "bing_gang"
      }
    },
    {
      "type": "Feature",
      "geometry": {
        "type": "Point",
        "coordinates": [
          114.261582,
          22.311011
        ]
      },
      "properties": {
        "id": "loc_0260",
        "name": "二樓吉野家",
        "display_name": "二樓吉野家（虛構）",
        "location_type": "fictional",
        "fictional": true,
        "location_precision": "fictional",
        "story_position": {
          "x": 0.521,
          "y": 0.359
        },
        "first_appearance": 75,
        "chapters": [
          75
        ],
        "characters": [],
        "description": "主角預計走到將軍澳廣場二樓吉野家門外時，便會知曉病童用什麼方法殺人的答案。",
        "confidence": 0.8,
        "review_status": "reviewed",
        "source": "bing_gang",
        "position_source": "同章（[75]）嘅 5 個已解析地點質心附近（環形偏移，id hash 決定）"
      }
    },
    {
      "type": "Feature",
      "geometry": {
        "type": "Point",
        "coordinates": [
          114.26353540856032,
          22.324347402151524
        ]
      },
      "properties": {
        "id": "loc_0262",
        "name": "學校社工室（據點內小房）",
        "display_name": "學校社工室（據點內小房）（參考位置）",
        "location_type": "district",
        "fictional": false,
        "location_precision": "approximate",
        "story_position": {
          "x": 0.689,
          "y": 0.39
        },
        "first_appearance": 79,
        "chapters": [
          79
        ],
        "characters": [],
        "description": "主角帶同公仔與娃娃在一間前身是學校社工室的小房中安頓。",
        "confidence": 0.92,
        "review_status": "reviewed",
        "source": "bing_gang"
      }
    },
    {
      "type": "Feature",
      "geometry": {
        "type": "Point",
        "coordinates": [
          114.264583,
          22.329676
        ]
      },
      "properties": {
        "id": "loc_0263",
        "name": "病童所在地",
        "display_name": "病童所在地（虛構）",
        "location_type": "fictional",
        "fictional": true,
        "location_precision": "fictional",
        "story_position": {
          "x": 0.324,
          "y": 0.245
        },
        "first_appearance": 79,
        "chapters": [
          79
        ],
        "characters": [
          "凱銘",
          "F小隊"
        ],
        "description": "不破尚派F小隊前往病童所在地搜索物資，以查證病童是否已被消滅。",
        "confidence": 0.9,
        "review_status": "reviewed",
        "source": "bing_gang",
        "position_source": "同章（[79]）嘅 2 個已解析地點質心附近（環形偏移，id hash 決定）"
      }
    },
    {
      "type": "Feature",
      "geometry": {
        "type": "Point",
        "coordinates": [
          114.26200791943236,
          22.33039418631266
        ]
      },
      "properties": {
        "id": "loc_0264",
        "name": "前身是學校社工室的小房",
        "display_name": "前身是學校社工室的小房（參考位置）",
        "location_type": "district",
        "fictional": false,
        "location_precision": "approximate",
        "story_position": {
          "x": 0.687,
          "y": 0.406
        },
        "first_appearance": 79,
        "chapters": [
          79
        ],
        "characters": [],
        "description": "主角與公仔、娃娃在一間前身是學校社工室的小房內暫時安頓。",
        "confidence": 0.95,
        "review_status": "reviewed",
        "source": "bing_gang"
      }
    },
    {
      "type": "Feature",
      "geometry": {
        "type": "Point",
        "coordinates": [
          114.26690020599679,
          22.314861570153354
        ]
      },
      "properties": {
        "id": "loc_0265",
        "name": "商場二樓無欄杆邊緣",
        "display_name": "商場二樓無欄杆邊緣（參考位置）",
        "location_type": "district",
        "fictional": false,
        "location_precision": "approximate",
        "story_position": {
          "x": 0.695,
          "y": 0.364
        },
        "first_appearance": 77,
        "chapters": [
          77
        ],
        "characters": [],
        "description": "商場二樓有一處因破損而沒有欄杆的邊緣位置，稍為向前多踏幾步便會跌落比一樓更低的地下層，足以致命。",
        "confidence": 0.95,
        "review_status": "reviewed",
        "source": "bing_gang"
      }
    },
    {
      "type": "Feature",
      "geometry": {
        "type": "Point",
        "coordinates": [
          114.2692377660792,
          22.314127122911422
        ]
      },
      "properties": {
        "id": "loc_0266",
        "name": "百貨公司（商場）",
        "display_name": "百貨公司（商場）（參考位置）",
        "location_type": "district",
        "fictional": false,
        "location_precision": "approximate",
        "story_position": {
          "x": 0.699,
          "y": 0.363
        },
        "first_appearance": 77,
        "chapters": [
          77
        ],
        "characters": [],
        "description": "主角與病童、米奇老鼠男人激戰的商場內百貨公司，設有電梯間、員工室、一樓、二樓及更低的地下層。",
        "confidence": 0.92,
        "review_status": "reviewed",
        "source": "bing_gang"
      }
    },
    {
      "type": "Feature",
      "geometry": {
        "type": "Point",
        "coordinates": [
          114.256211,
          22.309961
        ]
      },
      "properties": {
        "id": "loc_0267",
        "name": "不良人大本營",
        "display_name": "不良人大本營（虛構）",
        "location_type": "fictional",
        "fictional": true,
        "location_precision": "fictional",
        "story_position": {
          "x": 0.826,
          "y": 0.623
        },
        "first_appearance": 80,
        "chapters": [
          80
        ],
        "characters": [],
        "description": "一個被不良人攻進並並搶走物資、擄走俘虜的基地，其俘虜夜間被不良人捉到操場上任意殘害。",
        "confidence": 0.85,
        "review_status": "reviewed",
        "source": "bing_gang",
        "position_source": "同章（[80]）嘅 5 個已解析地點質心附近（環形偏移，id hash 決定）"
      }
    },
    {
      "type": "Feature",
      "geometry": {
        "type": "Point",
        "coordinates": [
          114.262,
          22.317
        ]
      },
      "properties": {
        "id": "loc_0268",
        "name": "停車場",
        "display_name": "停車場（推斷位置）",
        "location_type": "district",
        "fictional": false,
        "location_precision": "district",
        "story_position": {
          "x": 0.444,
          "y": 0.299
        },
        "first_appearance": 80,
        "chapters": [
          80
        ],
        "characters": [],
        "description": "王白蛋帶主角與白魂到尚德商場隔壁的停車場設置捕獸陷阱，並登上其四樓天台觀察城市動靜。",
        "confidence": 0.85,
        "review_status": "reviewed",
        "source": "bing_gang",
        "inferred_from": "inf_loc_0268"
      }
    },
    {
      "type": "Feature",
      "geometry": {
        "type": "Point",
        "coordinates": [
          114.23559924467841,
          22.319103891050585
        ]
      },
      "properties": {
        "id": "loc_0269",
        "name": "寶琳倖存區",
        "display_name": "寶琳倖存區（參考位置）",
        "location_type": "district",
        "fictional": false,
        "location_precision": "approximate",
        "story_position": {
          "x": 0.643,
          "y": 0.376
        },
        "first_appearance": 80,
        "chapters": [
          80
        ],
        "characters": [
          "病翼",
          "小女孩",
          "國王",
          "星宇",
          "寶琳王國公主",
          "寶琳倖存區公主",
          "寶琳公主",
          "病者平權組織",
          "三名年輕成員",
          "艾匡",
          "鳥嘴兄",
          "主角（我）",
          "W",
          "董倫",
          "白鯨",
          "雨川",
          "老木匠",
          "白魂",
          "寶琳倖存區守衛",
          "艾匡公主"
        ],
        "description": "聽聞寶琳倖存區一帶有識飛的病者出沒，且前往寶琳的必經之路長期有大量病者徘徊，十個人去約七個會死。",
        "confidence": 0.9,
        "review_status": "reviewed",
        "source": "bing_gang",
        "zone_ids": [
          "zone_8746838b32"
        ]
      }
    },
    {
      "type": "Feature",
      "geometry": {
        "type": "Point",
        "coordinates": [
          114.26432716868848,
          22.30954456397345
        ]
      },
      "properties": {
        "id": "loc_0270",
        "name": "宣基中學",
        "display_name": "宣基中學（推斷位置）",
        "location_type": "district",
        "fictional": false,
        "location_precision": "approximate",
        "story_position": {
          "x": 0.295,
          "y": 0.342
        },
        "first_appearance": 80,
        "chapters": [
          80
        ],
        "characters": [
          "神秘黑衣男"
        ],
        "description": "神秘黑衣男拖著屍體由宣基中學一路拉到附近的長者公園。",
        "confidence": 0.9,
        "review_status": "reviewed",
        "source": "bing_gang",
        "inferred_from": "inf_loc_0270"
      }
    },
    {
      "type": "Feature",
      "geometry": {
        "type": "Point",
        "coordinates": [
          114.26432716868848,
          22.30954456397345
        ]
      },
      "properties": {
        "id": "loc_0271",
        "name": "長者公園",
        "display_name": "長者公園（推斷位置）",
        "location_type": "district",
        "fictional": false,
        "location_precision": "approximate",
        "story_position": {
          "x": 0.691,
          "y": 0.35
        },
        "first_appearance": 80,
        "chapters": [
          80
        ],
        "characters": [
          "神秘黑衣男"
        ],
        "description": "位於宣基中學附近的長者公園，是神秘黑衣男拖屍的目的地。",
        "confidence": 0.75,
        "review_status": "reviewed",
        "source": "bing_gang",
        "inferred_from": "inf_loc_0271"
      }
    },
    {
      "type": "Feature",
      "geometry": {
        "type": "Point",
        "coordinates": [
          114.260662,
          22.329133
        ]
      },
      "properties": {
        "id": "loc_0272",
        "name": "社工室改建的小房",
        "display_name": "社工室改建的小房（虛構）",
        "location_type": "fictional",
        "fictional": true,
        "location_precision": "fictional",
        "story_position": {
          "x": 0.709,
          "y": 0.5
        },
        "first_appearance": 79,
        "chapters": [
          79
        ],
        "characters": [],
        "description": "主角安頓公仔和娃娃的小房間，前身是學校的社工室。",
        "confidence": 0.95,
        "review_status": "reviewed",
        "source": "bing_gang",
        "position_source": "同章（[79]）嘅 2 個已解析地點質心附近（環形偏移，id hash 決定）"
      }
    },
    {
      "type": "Feature",
      "geometry": {
        "type": "Point",
        "coordinates": [
          114.2578783245594,
          22.311557015335318
        ]
      },
      "properties": {
        "id": "loc_0273",
        "name": "尚德商場旁的停車場",
        "display_name": "尚德商場旁的停車場（參考位置）",
        "location_type": "district",
        "fictional": false,
        "location_precision": "approximate",
        "story_position": {
          "x": 0.68,
          "y": 0.356
        },
        "first_appearance": 80,
        "chapters": [
          80
        ],
        "characters": [],
        "description": "王白蛋帶主角等人到尚德商場隔壁的停車場設置陷阱，並登上四樓天台觀察四周。",
        "confidence": 0.8,
        "review_status": "reviewed",
        "source": "bing_gang"
      }
    },
    {
      "type": "Feature",
      "geometry": {
        "type": "Point",
        "coordinates": [
          114.256334,
          22.304293
        ]
      },
      "properties": {
        "id": "loc_0274",
        "name": "停車場樓下的梯間",
        "display_name": "停車場樓下的梯間（虛構）",
        "location_type": "fictional",
        "fictional": true,
        "location_precision": "fictional",
        "story_position": {
          "x": 0.747,
          "y": 0.691
        },
        "first_appearance": 81,
        "chapters": [
          81
        ],
        "characters": [],
        "description": "白魂為追救王白蛋而衝回的梯間，位於停車場樓下，入口設有王白蛋先前放置的捕獸夾陷阱。",
        "confidence": 0.9,
        "review_status": "reviewed",
        "source": "bing_gang",
        "position_source": "冇同章（區內）錨點，用故事主場景（將軍澳校園一帶）"
      }
    },
    {
      "type": "Feature",
      "geometry": {
        "type": "Point",
        "coordinates": [
          114.251023,
          22.305764
        ]
      },
      "properties": {
        "id": "loc_0275",
        "name": "平台",
        "display_name": "平台（虛構）",
        "location_type": "fictional",
        "fictional": true,
        "location_precision": "fictional",
        "story_position": {
          "x": 0.547,
          "y": 0.52
        },
        "first_appearance": 81,
        "chapters": [
          81
        ],
        "characters": [
          "王白蛋"
        ],
        "description": "王白蛋被擄走的高處平台，除上來的樓梯口外，最左和最右各有一個樓梯間出入口，邊緣設有花圃。",
        "confidence": 0.9,
        "review_status": "reviewed",
        "source": "bing_gang",
        "position_source": "冇同章（區內）錨點，用故事主場景（將軍澳校園一帶）"
      }
    },
    {
      "type": "Feature",
      "geometry": {
        "type": "Point",
        "coordinates": [
          114.255682,
          22.307595
        ]
      },
      "properties": {
        "id": "loc_0276",
        "name": "班尼的房間",
        "display_name": "班尼的房間（虛構）",
        "location_type": "fictional",
        "fictional": true,
        "location_precision": "fictional",
        "story_position": {
          "x": 0.573,
          "y": 0.353
        },
        "first_appearance": 81,
        "chapters": [
          81
        ],
        "characters": [],
        "description": "位於隔離小學偏僻的地下室，大小適合一個人居住，班尼在此獨居並存放其病者身體部位收藏。",
        "confidence": 0.95,
        "review_status": "reviewed",
        "source": "bing_gang",
        "position_source": "冇同章（區內）錨點，用故事主場景（將軍澳校園一帶）"
      }
    },
    {
      "type": "Feature",
      "geometry": {
        "type": "Point",
        "coordinates": [
          114.26375843442436,
          22.33067141222248
        ]
      },
      "properties": {
        "id": "loc_0277",
        "name": "學校隱蔽地下室（班尼的居所）",
        "display_name": "學校隱蔽地下室（班尼的居所）（參考位置）",
        "location_type": "district",
        "fictional": false,
        "location_precision": "approximate",
        "story_position": {
          "x": 0.69,
          "y": 0.407
        },
        "first_appearance": 82,
        "chapters": [
          82
        ],
        "characters": [],
        "description": "班尼棲身於一所小學內隱蔽的地下室，牆身和地板都是木製，裡面放有桌子、畫作和陳年威士忌。",
        "confidence": 0.9,
        "review_status": "reviewed",
        "source": "bing_gang"
      }
    },
    {
      "type": "Feature",
      "geometry": {
        "type": "Point",
        "coordinates": [
          114.26086692607005,
          22.30410409704738
        ]
      },
      "properties": {
        "id": "loc_0278",
        "name": "向北的海皮一帶（海濱長廊）",
        "display_name": "向北的海皮一帶（海濱長廊）（參考位置）",
        "location_type": "district",
        "fictional": false,
        "location_precision": "approximate",
        "story_position": {
          "x": 0.685,
          "y": 0.335
        },
        "first_appearance": 82,
        "chapters": [
          82
        ],
        "characters": [],
        "description": "該處位於向北的海旁，東風徐徐，是之前大本營的賴三帶眾人釣魚的地方，設有海濱長廊和鐵欄。",
        "confidence": 0.9,
        "review_status": "reviewed",
        "source": "bing_gang"
      }
    },
    {
      "type": "Feature",
      "geometry": {
        "type": "Point",
        "coordinates": [
          114.2555060654612,
          22.3043016708629
        ]
      },
      "properties": {
        "id": "loc_0279",
        "name": "海旁排水口與下水道（盜屍賊地盤）",
        "display_name": "海旁排水口與下水道（盜屍賊地盤）（參考位置）",
        "location_type": "district",
        "fictional": false,
        "location_precision": "approximate",
        "story_position": {
          "x": 0.676,
          "y": 0.336
        },
        "first_appearance": 82,
        "chapters": [
          82
        ],
        "characters": [],
        "description": "整條海濱長廊設有自己的排水口，面積足夠一型貨車駛入，渠內水深僅及膝，通往幽黑腥臭、如複雜大迷宮的下水道，是盜屍賊的地盤。",
        "confidence": 0.95,
        "review_status": "reviewed",
        "source": "bing_gang"
      }
    },
    {
      "type": "Feature",
      "geometry": {
        "type": "Point",
        "coordinates": [
          114.259405,
          22.315542
        ]
      },
      "properties": {
        "id": "loc_0280",
        "name": "四樓天台活動平台",
        "display_name": "四樓天台活動平台（虛構）",
        "location_type": "fictional",
        "fictional": true,
        "location_precision": "fictional",
        "story_position": {
          "x": 0.432,
          "y": 0.472
        },
        "first_appearance": 80,
        "chapters": [
          80
        ],
        "characters": [],
        "description": "停車場四樓天台是連接屋苑公屋的活動平台，設有小公園、涼亭、社工福利中心等設施。",
        "confidence": 0.85,
        "review_status": "reviewed",
        "source": "bing_gang",
        "position_source": "同章（[80]）嘅 5 個已解析地點質心附近（環形偏移，id hash 決定）"
      }
    },
    {
      "type": "Feature",
      "geometry": {
        "type": "Point",
        "coordinates": [
          114.258082,
          22.308046
        ]
      },
      "properties": {
        "id": "loc_0281",
        "name": "小學隱蔽地下室",
        "display_name": "小學隱蔽地下室（虛構）",
        "location_type": "fictional",
        "fictional": true,
        "location_precision": "fictional",
        "story_position": {
          "x": 0.182,
          "y": 0.531
        },
        "first_appearance": 82,
        "chapters": [
          82
        ],
        "characters": [
          "班尼"
        ],
        "description": "班尼居住喺一所小學入面牆身地板都係木製嘅隱蔽地下室，收藏病者手工藝品、畫作同酒，離開時要攀爬圍牆蔓藤避開大閘。",
        "confidence": 0.9,
        "review_status": "reviewed",
        "source": "bing_gang",
        "position_source": "同章（[82]）嘅 9 個已解析地點質心附近（環形偏移，id hash 決定）"
      }
    },
    {
      "type": "Feature",
      "geometry": {
        "type": "Point",
        "coordinates": [
          114.26527562371253,
          22.301120531013964
        ]
      },
      "properties": {
        "id": "loc_0282",
        "name": "海皮一帶",
        "display_name": "海皮一帶（參考位置）",
        "location_type": "district",
        "fictional": false,
        "location_precision": "approximate",
        "story_position": {
          "x": 0.692,
          "y": 0.327
        },
        "first_appearance": 82,
        "chapters": [
          82
        ],
        "characters": [
          "賴三"
        ],
        "description": "班尼帶敘事者去到向北嘅海皮一帶，即之前大本營賴三帶過佢哋去釣魚、東風徐徐嘅地方。",
        "confidence": 0.9,
        "review_status": "reviewed",
        "source": "bing_gang"
      }
    },
    {
      "type": "Feature",
      "geometry": {
        "type": "Point",
        "coordinates": [
          114.26358535133899,
          22.295385214007784
        ]
      },
      "properties": {
        "id": "loc_0283",
        "name": "海濱長廊排水口",
        "display_name": "海濱長廊排水口（參考位置）",
        "location_type": "district",
        "fictional": false,
        "location_precision": "approximate",
        "story_position": {
          "x": 0.689,
          "y": 0.312
        },
        "first_appearance": 82,
        "chapters": [
          82
        ],
        "characters": [],
        "description": "海濱長廊設有面積足以讓一型貨車駛入嘅排水口，渠口有鐵製隔物，唔太胖嘅人可以側身穿入去。",
        "confidence": 0.9,
        "review_status": "reviewed",
        "source": "bing_gang"
      }
    },
    {
      "type": "Feature",
      "geometry": {
        "type": "Point",
        "coordinates": [
          114.260211,
          22.304281
        ]
      },
      "properties": {
        "id": "loc_0284",
        "name": "下水道（盜屍賊地盤）",
        "display_name": "下水道（盜屍賊地盤）（虛構）",
        "location_type": "fictional",
        "fictional": true,
        "location_precision": "fictional",
        "story_position": {
          "x": 0.782,
          "y": 0.762
        },
        "first_appearance": 82,
        "chapters": [
          82
        ],
        "characters": [],
        "description": "海旁石壆下面嘅下水道幽黑腥臭、不見天日、冇方向感，活像複雜大迷宮，水深只到腳膝，係盜屍賊嘅地盤。",
        "confidence": 0.9,
        "review_status": "reviewed",
        "source": "bing_gang",
        "position_source": "同章（[82]）嘅 9 個已解析地點質心附近（環形偏移，id hash 決定）"
      }
    },
    {
      "type": "Feature",
      "geometry": {
        "type": "Point",
        "coordinates": [
          114.251695,
          22.302885
        ]
      },
      "properties": {
        "id": "loc_0285",
        "name": "下水道中央聚水處",
        "display_name": "下水道中央聚水處（虛構）",
        "location_type": "fictional",
        "fictional": true,
        "location_precision": "fictional",
        "story_position": {
          "x": 0.713,
          "y": 0.172
        },
        "first_appearance": 83,
        "chapters": [
          83
        ],
        "characters": [
          "班尼"
        ],
        "description": "下水道中央聚水處係一個樓底有幾層高嘅六角型空間，洪水過多時水會聚集於此；據班尼所講，呢度係最大嘅人類屍體收集站，堆滿數以百計甚至千計嘅屍體。",
        "confidence": 0.92,
        "review_status": "reviewed",
        "source": "bing_gang",
        "position_source": "冇同章（區內）錨點，用故事主場景（將軍澳校園一帶）"
      }
    },
    {
      "type": "Feature",
      "geometry": {
        "type": "Point",
        "coordinates": [
          114.26466756694896,
          22.325656443121996
        ]
      },
      "properties": {
        "id": "loc_0286",
        "name": "學校隱蔽的地下室",
        "display_name": "學校隱蔽的地下室（參考位置）",
        "location_type": "district",
        "fictional": false,
        "location_precision": "approximate",
        "story_position": {
          "x": 0.691,
          "y": 0.394
        },
        "first_appearance": 82,
        "chapters": [
          82
        ],
        "characters": [],
        "description": "班尼棲身於一間小學內隱蔽嘅地下室，牆身同地板都係木製，入面放住佢嘅寵物同畫作。",
        "confidence": 0.92,
        "review_status": "reviewed",
        "source": "bing_gang"
      }
    },
    {
      "type": "Feature",
      "geometry": {
        "type": "Point",
        "coordinates": [
          114.25949929045548,
          22.3031314259556
        ]
      },
      "properties": {
        "id": "loc_0287",
        "name": "海濱長廊（向北海皮）",
        "display_name": "海濱長廊（向北海皮）（參考位置）",
        "location_type": "district",
        "fictional": false,
        "location_precision": "approximate",
        "story_position": {
          "x": 0.682,
          "y": 0.333
        },
        "first_appearance": 82,
        "chapters": [
          82
        ],
        "characters": [],
        "description": "班尼帶「我」去到向北嘅海皮一帶海濱長廊，即之前大本營嘅賴三帶佢哋去釣魚嘅地方，長廊下設有大型排水口。",
        "confidence": 0.88,
        "review_status": "reviewed",
        "source": "bing_gang"
      }
    },
    {
      "type": "Feature",
      "geometry": {
        "type": "Point",
        "coordinates": [
          114.263027,
          22.307709
        ]
      },
      "properties": {
        "id": "loc_0288",
        "name": "下水道（排渠口）",
        "display_name": "下水道（排渠口）（虛構）",
        "location_type": "fictional",
        "fictional": true,
        "location_precision": "fictional",
        "story_position": {
          "x": 0.838,
          "y": 0.257
        },
        "first_appearance": 82,
        "chapters": [
          82
        ],
        "characters": [],
        "description": "海濱長廊底下有一個幽黑腥臭、不見天日、好似迷宮嘅下水道，入口渠口闊到一型貨車都駛得入，水深只及膝，據講係盜屍賊嘅地盤。",
        "confidence": 0.92,
        "review_status": "reviewed",
        "source": "bing_gang",
        "position_source": "同章（[82]）嘅 9 個已解析地點質心附近（環形偏移，id hash 決定）"
      }
    },
    {
      "type": "Feature",
      "geometry": {
        "type": "Point",
        "coordinates": [
          114.256073,
          22.307128
        ]
      },
      "properties": {
        "id": "loc_0289",
        "name": "人類屍體收集站",
        "display_name": "人類屍體收集站（虛構）",
        "location_type": "fictional",
        "fictional": true,
        "location_precision": "fictional",
        "story_position": {
          "x": 0.843,
          "y": 0.719
        },
        "first_appearance": 83,
        "chapters": [
          83
        ],
        "characters": [
          "盜屍賊"
        ],
        "description": "位於下水道入面、班尼所認識最大嘅人類屍體收集站，入面堆疊住數以百計甚至千計嘅人類屍體。",
        "confidence": 0.9,
        "review_status": "reviewed",
        "source": "bing_gang",
        "position_source": "冇同章（區內）錨點，用故事主場景（將軍澳校園一帶）"
      }
    },
    {
      "type": "Feature",
      "geometry": {
        "type": "Point",
        "coordinates": [
          114.252146,
          22.308055
        ]
      },
      "properties": {
        "id": "loc_0290",
        "name": "渠道（下水道）",
        "display_name": "渠道（下水道）（虛構）",
        "location_type": "fictional",
        "fictional": true,
        "location_precision": "fictional",
        "story_position": {
          "x": 0.424,
          "y": 0.734
        },
        "first_appearance": 83,
        "chapters": [
          83
        ],
        "characters": [],
        "description": "敘事者同班尼行經嘅空曠污水渠道，水深蓋過雙膝，盡頭斷口通往下水道中央聚水處。",
        "confidence": 0.85,
        "review_status": "reviewed",
        "source": "bing_gang",
        "position_source": "冇同章（區內）錨點，用故事主場景（將軍澳校園一帶）"
      }
    },
    {
      "type": "Feature",
      "geometry": {
        "type": "Point",
        "coordinates": [
          114.250093,
          22.30432
        ]
      },
      "properties": {
        "id": "loc_0291",
        "name": "下水道",
        "display_name": "下水道（虛構）",
        "location_type": "fictional",
        "fictional": true,
        "location_precision": "fictional",
        "story_position": {
          "x": 0.771,
          "y": 0.187
        },
        "first_appearance": 84,
        "chapters": [
          84
        ],
        "characters": [
          "我（敘述者）",
          "盜屍賊",
          "我（主角）",
          "班尼",
          "我",
          "我（敘事者）",
          "鳥嘴（主角）",
          "主角（敘事者）",
          "寶琳倖存區守衛",
          "王達尼"
        ],
        "description": "主角與班尼在一條有多條大渠道如瀑布般放水的下水道內對峙打鬥，污水水位一度淹至大腿位置。",
        "confidence": 0.9,
        "review_status": "reviewed",
        "source": "bing_gang",
        "position_source": "冇同章（區內）錨點，用故事主場景（將軍澳校園一帶）"
      }
    },
    {
      "type": "Feature",
      "geometry": {
        "type": "Point",
        "coordinates": [
          114.250051,
          22.304946
        ]
      },
      "properties": {
        "id": "loc_0292",
        "name": "不良人據點（小學）",
        "display_name": "不良人據點（小學）（虛構）",
        "location_type": "fictional",
        "fictional": true,
        "location_precision": "fictional",
        "story_position": {
          "x": 0.423,
          "y": 0.616
        },
        "first_appearance": 84,
        "chapters": [
          84
        ],
        "characters": [],
        "description": "不良人的據點設於一所小學內，最高層有一尊佛陀像，首領不破尚坐在佛陀像的石腿上。",
        "confidence": 0.9,
        "review_status": "reviewed",
        "source": "bing_gang",
        "zone_ids": [
          "zone_3aedd43d53"
        ],
        "position_source": "冇同章（區內）錨點，用故事主場景（將軍澳校園一帶）"
      }
    },
    {
      "type": "Feature",
      "geometry": {
        "type": "Point",
        "coordinates": [
          114.251523,
          22.306494
        ]
      },
      "properties": {
        "id": "loc_0293",
        "name": "田家炳小學禮堂",
        "display_name": "田家炳小學禮堂（虛構）",
        "location_type": "fictional",
        "fictional": true,
        "location_precision": "fictional",
        "story_position": {
          "x": 0.276,
          "y": 0.469
        },
        "first_appearance": 85,
        "chapters": [
          85
        ],
        "characters": [
          "喪伯",
          "董倫"
        ],
        "description": "董倫一班高級人每日夜晚八點至十點在此舉行聯誼派對的場地。",
        "confidence": 0.8,
        "review_status": "reviewed",
        "source": "bing_gang",
        "position_source": "冇同章（區內）錨點，用故事主場景（將軍澳校園一帶）"
      }
    },
    {
      "type": "Feature",
      "geometry": {
        "type": "Point",
        "coordinates": [
          114.253509,
          22.308078
        ]
      },
      "properties": {
        "id": "loc_0294",
        "name": "臨時宿舍",
        "display_name": "臨時宿舍（虛構）",
        "location_type": "fictional",
        "fictional": true,
        "location_precision": "fictional",
        "story_position": {
          "x": 0.812,
          "y": 0.62
        },
        "first_appearance": 85,
        "chapters": [
          85
        ],
        "characters": [],
        "description": "主角暫住的細小宿舍房間，他在此向公仔和娃娃交代送走他們的安排。",
        "confidence": 0.85,
        "review_status": "reviewed",
        "source": "bing_gang",
        "position_source": "冇同章（區內）錨點，用故事主場景（將軍澳校園一帶）"
      }
    },
    {
      "type": "Feature",
      "geometry": {
        "type": "Point",
        "coordinates": [
          114.265,
          22.327
        ]
      },
      "properties": {
        "id": "loc_0295",
        "name": "將軍澳運動場",
        "display_name": "將軍澳運動場（參考位置）",
        "location_type": "district",
        "fictional": false,
        "location_precision": "district",
        "story_position": {
          "x": 0.692,
          "y": 0.397
        },
        "first_appearance": 86,
        "chapters": [
          86
        ],
        "characters": [],
        "description": "敘事者指出由其出生地一帶前往寶琳，需先向北行到將軍澳運動場。",
        "confidence": 0.95,
        "review_status": "reviewed",
        "source": "bing_gang"
      }
    },
    {
      "type": "Feature",
      "geometry": {
        "type": "Point",
        "coordinates": [
          114.252813,
          22.323648
        ]
      },
      "properties": {
        "id": "loc_0296",
        "name": "寶康路",
        "display_name": "寶康路（推斷位置）",
        "location_type": "landmark",
        "fictional": false,
        "location_precision": "exact",
        "story_position": {
          "x": 0.16,
          "y": 0.768
        },
        "first_appearance": 86,
        "chapters": [
          86
        ],
        "characters": [
          "喪伯"
        ],
        "description": "寶康路是前往寶琳途中的道路，喪伯最終被病翼帶到寶康路方向並慘死於該處馬路上。",
        "confidence": 0.95,
        "review_status": "reviewed",
        "source": "bing_gang",
        "inferred_from": "inf_loc_0296"
      }
    },
    {
      "type": "Feature",
      "geometry": {
        "type": "Point",
        "coordinates": [
          114.25864,
          22.31607
        ]
      },
      "properties": {
        "id": "loc_0297",
        "name": "九龍巴士車廠",
        "display_name": "九龍巴士車廠（參考位置）",
        "location_type": "district",
        "fictional": false,
        "location_precision": "approximate",
        "story_position": {
          "x": 0.549,
          "y": 0.336
        },
        "first_appearance": 86,
        "chapters": [
          86
        ],
        "characters": [
          "舌女"
        ],
        "description": "第二條短行人隧道後的大直路旁有一個露天九龍巴士車廠，停放多部雙層巴士，兩隻舌女由此步出襲擊喪伯。",
        "confidence": 0.9,
        "review_status": "reviewed",
        "source": "bing_gang",
        "inferred_from": null,
        "position_source": "人手核實修正 → 九巴將軍澳車廠；原本配到 OSM「九龍巴士車廠」但座標落喺荔枝角一帶 (114.180, 22.304)，同故事場景（將軍澳）不符。"
      }
    },
    {
      "type": "Feature",
      "geometry": {
        "type": "Point",
        "coordinates": [
          114.255414,
          22.324967
        ]
      },
      "properties": {
        "id": "loc_0298",
        "name": "死亡之路",
        "display_name": "死亡之路（虛構）",
        "location_type": "fictional",
        "fictional": true,
        "location_precision": "fictional",
        "story_position": {
          "x": 0.265,
          "y": 0.419
        },
        "first_appearance": 86,
        "chapters": [
          86
        ],
        "characters": [
          "喪伯",
          "賴桑",
          "王達尼",
          "敘事者（鳥嘴兄/我）",
          "瑜小六",
          "賴三老師"
        ],
        "description": "行人隧道旁的殘舊木牌警告穿越隧道後為「死亡之路」，實力不足者請三思而行，署名為病獵賴桑。",
        "confidence": 0.9,
        "review_status": "reviewed",
        "source": "bing_gang",
        "position_source": "同章（[86]）嘅 4 個已解析地點質心附近（環形偏移，id hash 決定）"
      }
    },
    {
      "type": "Feature",
      "geometry": {
        "type": "Point",
        "coordinates": [
          114.2415,
          22.3229
        ]
      },
      "properties": {
        "id": "loc_0299",
        "name": "紫線區",
        "display_name": "紫線區（推斷位置）",
        "location_type": "district",
        "fictional": false,
        "location_precision": "district",
        "story_position": {
          "x": 0.384,
          "y": 0.732
        },
        "first_appearance": 86,
        "chapters": [
          86
        ],
        "characters": [],
        "description": "據喪伯哀求時所述，寶琳的倖存區位處「紫線區」，是其中最好的超大型倖存區之一。",
        "confidence": 0.7,
        "review_status": "reviewed",
        "source": "bing_gang",
        "inferred_from": "inf_loc_0299"
      }
    },
    {
      "type": "Feature",
      "geometry": {
        "type": "Point",
        "coordinates": [
          114.257664,
          22.32403
        ]
      },
      "properties": {
        "id": "loc_0300",
        "name": "喪伯的工作室",
        "display_name": "喪伯的工作室（虛構）",
        "location_type": "fictional",
        "fictional": true,
        "location_precision": "fictional",
        "story_position": {
          "x": 0.779,
          "y": 0.772
        },
        "first_appearance": 86,
        "chapters": [
          86
        ],
        "characters": [],
        "description": "主角再到喪伯前一天仍在的工作室，發現已人去樓空，工具和日常用品全部消失。",
        "confidence": 0.85,
        "review_status": "reviewed",
        "source": "bing_gang",
        "position_source": "同章（[86]）嘅 4 個已解析地點質心附近（環形偏移，id hash 決定）"
      }
    },
    {
      "type": "Feature",
      "geometry": {
        "type": "Point",
        "coordinates": [
          114.251875,
          22.307227
        ]
      },
      "properties": {
        "id": "loc_0301",
        "name": "不良人據點（兩間小學）",
        "display_name": "不良人據點（兩間小學）（虛構）",
        "location_type": "fictional",
        "fictional": true,
        "location_precision": "fictional",
        "story_position": {
          "x": 0.801,
          "y": 0.648
        },
        "first_appearance": 81,
        "chapters": [
          81
        ],
        "characters": [],
        "description": "不良人約七十多名成員全數擠住的據點，內有遊戲室酒吧、前身為教員室的走廊等設施。",
        "confidence": 0.88,
        "review_status": "reviewed",
        "source": "bing_gang",
        "zone_ids": [
          "zone_3aedd43d53"
        ],
        "position_source": "冇同章（區內）錨點，用故事主場景（將軍澳校園一帶）"
      }
    },
    {
      "type": "Feature",
      "geometry": {
        "type": "Point",
        "coordinates": [
          114.25162,
          22.308321
        ]
      },
      "properties": {
        "id": "loc_0302",
        "name": "遊戲室中的酒吧",
        "display_name": "遊戲室中的酒吧（虛構）",
        "location_type": "fictional",
        "fictional": true,
        "location_precision": "fictional",
        "story_position": {
          "x": 0.343,
          "y": 0.629
        },
        "first_appearance": 81,
        "chapters": [
          81
        ],
        "characters": [],
        "description": "敘述者在據點內常坐之處，他在此一邊喝苦澀啤酒一邊繪寫《病者圖鑑》，亦在此初遇班尼。",
        "confidence": 0.88,
        "review_status": "reviewed",
        "source": "bing_gang",
        "position_source": "冇同章（區內）錨點，用故事主場景（將軍澳校園一帶）"
      }
    },
    {
      "type": "Feature",
      "geometry": {
        "type": "Point",
        "coordinates": [
          114.2582640421149,
          22.299263447013047
        ]
      },
      "properties": {
        "id": "loc_0303",
        "name": "向北海皮一帶（海濱長廊）",
        "display_name": "向北海皮一帶（海濱長廊）（參考位置）",
        "location_type": "district",
        "fictional": false,
        "location_precision": "approximate",
        "story_position": {
          "x": 0.68,
          "y": 0.322
        },
        "first_appearance": 82,
        "chapters": [
          82
        ],
        "characters": [],
        "description": "班尼帶「我」去到向北嘅海皮一帶，即之前賴三帶佢哋釣魚嘅地方，嗰度有海濱長廊同大型排水口。",
        "confidence": 0.85,
        "review_status": "reviewed",
        "source": "bing_gang"
      }
    },
    {
      "type": "Feature",
      "geometry": {
        "type": "Point",
        "coordinates": [
          114.25477656214237,
          22.296067841611354
        ]
      },
      "properties": {
        "id": "loc_0304",
        "name": "海旁下水道（盜屍賊地盤）",
        "display_name": "海旁下水道（盜屍賊地盤）（參考位置）",
        "location_type": "district",
        "fictional": false,
        "location_precision": "approximate",
        "story_position": {
          "x": 0.675,
          "y": 0.314
        },
        "first_appearance": 82,
        "chapters": [
          82
        ],
        "characters": [],
        "description": "海濱長廊下面有巨型排水口通去幽黑腥臭嘅下水道迷宮，水位只到腳膝，係盜屍賊藏身嘅地盤。",
        "confidence": 0.9,
        "review_status": "reviewed",
        "source": "bing_gang"
      }
    },
    {
      "type": "Feature",
      "geometry": {
        "type": "Point",
        "coordinates": [
          114.255673,
          22.308611
        ]
      },
      "properties": {
        "id": "loc_0305",
        "name": "街市",
        "display_name": "街市（虛構）",
        "location_type": "fictional",
        "fictional": true,
        "location_precision": "fictional",
        "story_position": {
          "x": 0.349,
          "y": 0.526
        },
        "first_appearance": 88,
        "chapters": [
          88
        ],
        "characters": [
          "王白蛋",
          "病腦",
          "娃娃",
          "老師（主角）",
          "病腦（大廚）",
          "夏當",
          "「老師」（敘述者）",
          "老師",
          "大偉"
        ],
        "description": "主角一行人搜索嘅呢間街市內有燒味店、麵包店、肉檔等舖頭，並被病腦佔據作「飼養圈」。",
        "confidence": 0.9,
        "review_status": "reviewed",
        "source": "bing_gang",
        "position_source": "冇同章（區內）錨點，用故事主場景（將軍澳校園一帶）"
      }
    },
    {
      "type": "Feature",
      "geometry": {
        "type": "Point",
        "coordinates": [
          114.255336,
          22.308862
        ]
      },
      "properties": {
        "id": "loc_0306",
        "name": "雜貨店",
        "display_name": "雜貨店（虛構）",
        "location_type": "fictional",
        "fictional": true,
        "location_precision": "fictional",
        "story_position": {
          "x": 0.441,
          "y": 0.827
        },
        "first_appearance": 88,
        "chapters": [
          88
        ],
        "characters": [
          "哈姆雷特雜貨店女店員"
        ],
        "description": "主角與不良人起初喺雜貨店內討論，其後主角走出雜貨店繼續行動。",
        "confidence": 0.85,
        "review_status": "reviewed",
        "source": "bing_gang",
        "position_source": "冇同章（區內）錨點，用故事主場景（將軍澳校園一帶）"
      }
    },
    {
      "type": "Feature",
      "geometry": {
        "type": "Point",
        "coordinates": [
          114.252049,
          22.30259
        ]
      },
      "properties": {
        "id": "loc_0307",
        "name": "燒味店",
        "display_name": "燒味店（虛構）",
        "location_type": "fictional",
        "fictional": true,
        "location_precision": "fictional",
        "story_position": {
          "x": 0.161,
          "y": 0.624
        },
        "first_appearance": 88,
        "chapters": [
          88
        ],
        "characters": [],
        "description": "街市內一檔前身為燒味店嘅舖頭，其大烤爐入面躺坐一件全身燒得焦黑嘅人類屍體。",
        "confidence": 0.9,
        "review_status": "reviewed",
        "source": "bing_gang",
        "position_source": "冇同章（區內）錨點，用故事主場景（將軍澳校園一帶）"
      }
    },
    {
      "type": "Feature",
      "geometry": {
        "type": "Point",
        "coordinates": [
          114.255695,
          22.304499
        ]
      },
      "properties": {
        "id": "loc_0308",
        "name": "吊放屍體嘅密室",
        "display_name": "吊放屍體嘅密室（虛構）",
        "location_type": "fictional",
        "fictional": true,
        "location_precision": "fictional",
        "story_position": {
          "x": 0.4,
          "y": 0.535
        },
        "first_appearance": 88,
        "chapters": [
          88
        ],
        "characters": [],
        "description": "娃娃兄妹開咗一間吊放住人類屍體嘅密室，入面屍氣沖天，屍體全部俾人用鐵勾扣住下巴。",
        "confidence": 0.85,
        "review_status": "reviewed",
        "source": "bing_gang",
        "position_source": "冇同章（區內）錨點，用故事主場景（將軍澳校園一帶）"
      }
    },
    {
      "type": "Feature",
      "geometry": {
        "type": "Point",
        "coordinates": [
          114.253459,
          22.307836
        ]
      },
      "properties": {
        "id": "loc_0309",
        "name": "收藏活人嘅店子",
        "display_name": "收藏活人嘅店子（虛構）",
        "location_type": "fictional",
        "fictional": true,
        "location_precision": "fictional",
        "story_position": {
          "x": 0.617,
          "y": 0.246
        },
        "first_appearance": 88,
        "chapters": [
          88
        ],
        "characters": [],
        "description": "街市內有一間收藏活人嘅店子，前身應該為賣雞地方，改建咗十多個只有洗衣機大細嘅鐵籠困住人類。",
        "confidence": 0.85,
        "review_status": "reviewed",
        "source": "bing_gang",
        "position_source": "冇同章（區內）錨點，用故事主場景（將軍澳校園一帶）"
      }
    },
    {
      "type": "Feature",
      "geometry": {
        "type": "Point",
        "coordinates": [
          114.251922,
          22.307253
        ]
      },
      "properties": {
        "id": "loc_0310",
        "name": "豬肉檔",
        "display_name": "豬肉檔（虛構）",
        "location_type": "fictional",
        "fictional": true,
        "location_precision": "fictional",
        "story_position": {
          "x": 0.293,
          "y": 0.209
        },
        "first_appearance": 88,
        "chapters": [
          88
        ],
        "characters": [],
        "description": "病腦喺街市右上角嘅肉檔肢解一名清醒嘅男人致其失血而死，之後將王白蛋送上砧板。",
        "confidence": 0.85,
        "review_status": "reviewed",
        "source": "bing_gang",
        "position_source": "冇同章（區內）錨點，用故事主場景（將軍澳校園一帶）"
      }
    },
    {
      "type": "Feature",
      "geometry": {
        "type": "Point",
        "coordinates": [
          114.252545,
          22.303515
        ]
      },
      "properties": {
        "id": "loc_0311",
        "name": "大魚檔",
        "display_name": "大魚檔（虛構）",
        "location_type": "fictional",
        "fictional": true,
        "location_precision": "fictional",
        "story_position": {
          "x": 0.544,
          "y": 0.447
        },
        "first_appearance": 88,
        "chapters": [
          88
        ],
        "characters": [],
        "description": "病腦將鐵籠推到一處前身似大魚檔嘅闊大空間，滿地血液同人類殘肢，中間放住底下燒柴火嘅大烹鍋。",
        "confidence": 0.85,
        "review_status": "reviewed",
        "source": "bing_gang",
        "position_source": "冇同章（區內）錨點，用故事主場景（將軍澳校園一帶）"
      }
    },
    {
      "type": "Feature",
      "geometry": {
        "type": "Point",
        "coordinates": [
          114.250584,
          22.308366
        ]
      },
      "properties": {
        "id": "loc_0312",
        "name": "麵包店",
        "display_name": "麵包店（虛構）",
        "location_type": "fictional",
        "fictional": true,
        "location_precision": "fictional",
        "story_position": {
          "x": 0.565,
          "y": 0.569
        },
        "first_appearance": 88,
        "chapters": [
          88
        ],
        "characters": [
          "公仔"
        ],
        "description": "經過一間麵包店時，公仔見到雪櫃入面放住一枝水，主角認為十居其九係陷阱。",
        "confidence": 0.85,
        "review_status": "reviewed",
        "source": "bing_gang",
        "position_source": "冇同章（區內）錨點，用故事主場景（將軍澳校園一帶）"
      }
    },
    {
      "type": "Feature",
      "geometry": {
        "type": "Point",
        "coordinates": [
          114.250812,
          22.305921
        ]
      },
      "properties": {
        "id": "loc_0313",
        "name": "收藏活人嘅雞籠店",
        "display_name": "收藏活人嘅雞籠店（虛構）",
        "location_type": "fictional",
        "fictional": true,
        "location_precision": "fictional",
        "story_position": {
          "x": 0.736,
          "y": 0.821
        },
        "first_appearance": 88,
        "chapters": [
          88
        ],
        "characters": [],
        "description": "街市內一間前身為賣雞地方的店子，籠子被改建成困住人類，共有十多個只有洗衣機大小的鐵籠，活人被迫長期彎腳跪著。",
        "confidence": 0.9,
        "review_status": "reviewed",
        "source": "bing_gang",
        "position_source": "冇同章（區內）錨點，用故事主場景（將軍澳校園一帶）"
      }
    },
    {
      "type": "Feature",
      "geometry": {
        "type": "Point",
        "coordinates": [
          114.256188,
          22.304874
        ]
      },
      "properties": {
        "id": "loc_0314",
        "name": "肉檔",
        "display_name": "肉檔（虛構）",
        "location_type": "fictional",
        "fictional": true,
        "location_precision": "fictional",
        "story_position": {
          "x": 0.38,
          "y": 0.329
        },
        "first_appearance": 88,
        "chapters": [
          88
        ],
        "characters": [],
        "description": "病腦在街市右上角的肉檔肢解人類，王白蛋亦被送上豬肉檔砧板。",
        "confidence": 0.92,
        "review_status": "reviewed",
        "source": "bing_gang",
        "position_source": "冇同章（區內）錨點，用故事主場景（將軍澳校園一帶）"
      }
    },
    {
      "type": "Feature",
      "geometry": {
        "type": "Point",
        "coordinates": [
          114.251636,
          22.303868
        ]
      },
      "properties": {
        "id": "loc_0315",
        "name": "滿天所在的地方",
        "display_name": "滿天所在的地方（虛構）",
        "location_type": "fictional",
        "fictional": true,
        "location_precision": "fictional",
        "story_position": {
          "x": 0.306,
          "y": 0.624
        },
        "first_appearance": 90,
        "chapters": [
          90
        ],
        "characters": [
          "公仔"
        ],
        "description": "公仔和娃娃獨自前往嘅目的地，即滿天身處之處。",
        "confidence": 0.75,
        "review_status": "reviewed",
        "source": "bing_gang",
        "position_source": "冇同章（區內）錨點，用故事主場景（將軍澳校園一帶）"
      }
    },
    {
      "type": "Feature",
      "geometry": {
        "type": "Point",
        "coordinates": [
          114.254552,
          22.304148
        ]
      },
      "properties": {
        "id": "loc_0316",
        "name": "魚檔",
        "display_name": "魚檔（虛構）",
        "location_type": "fictional",
        "fictional": true,
        "location_precision": "fictional",
        "story_position": {
          "x": 0.744,
          "y": 0.408
        },
        "first_appearance": 89,
        "chapters": [
          89
        ],
        "characters": [
          "病腦"
        ],
        "description": "病腦「大廚」在魚檔內以大鍋烹煮人肉，主角三人逃至魚檔出口時遭白衣人以鐵撬伏擊。",
        "confidence": 0.9,
        "review_status": "reviewed",
        "source": "bing_gang",
        "position_source": "冇同章（區內）錨點，用故事主場景（將軍澳校園一帶）"
      }
    },
    {
      "type": "Feature",
      "geometry": {
        "type": "Point",
        "coordinates": [
          114.250111,
          22.306117
        ]
      },
      "properties": {
        "id": "loc_0317",
        "name": "病窩天國",
        "display_name": "病窩天國（虛構）",
        "location_type": "fictional",
        "fictional": true,
        "location_precision": "fictional",
        "story_position": {
          "x": 0.449,
          "y": 0.678
        },
        "first_appearance": 89,
        "chapters": [
          89
        ],
        "characters": [],
        "description": "夏當以「病窩天國」稱呼這個由病腦「大廚」坐鎮的街市巢穴，歡迎被擒的主角進入。",
        "confidence": 0.75,
        "review_status": "reviewed",
        "source": "bing_gang",
        "position_source": "冇同章（區內）錨點，用故事主場景（將軍澳校園一帶）"
      }
    },
    {
      "type": "Feature",
      "geometry": {
        "type": "Point",
        "coordinates": [
          114.259694,
          22.318226
        ]
      },
      "properties": {
        "id": "loc_0318",
        "name": "不良人小學據點",
        "display_name": "不良人小學據點（虛構）",
        "location_type": "fictional",
        "fictional": true,
        "location_precision": "fictional",
        "story_position": {
          "x": 0.407,
          "y": 0.652
        },
        "first_appearance": 91,
        "chapters": [
          91,
          104
        ],
        "characters": [],
        "description": "不良人以一間小學作為據點，操場用於集結俘虜，四樓課室被改裝成監獄，一樓設有紋身室，不破尚常待在最高層。",
        "confidence": 0.95,
        "review_status": "reviewed",
        "source": "bing_gang",
        "aliases": [
          "不良人據點小學"
        ],
        "zone_ids": [
          "zone_3aedd43d53"
        ],
        "position_source": "同章（[91, 104]）嘅 2 個已解析地點質心附近（環形偏移，id hash 決定）"
      }
    },
    {
      "type": "Feature",
      "geometry": {
        "type": "Point",
        "coordinates": [
          114.2703413138018,
          22.329623346303503
        ]
      },
      "properties": {
        "id": "loc_0319",
        "name": "皇冠假日酒店",
        "display_name": "皇冠假日酒店（推斷位置）",
        "location_type": "district",
        "fictional": false,
        "location_precision": "approximate",
        "story_position": {
          "x": 0.724,
          "y": 0.188
        },
        "first_appearance": 92,
        "chapters": [
          92,
          171
        ],
        "characters": [],
        "description": "位於將軍澳地鐵站一旁、全區最高的建築物，亂世初期曾有多方勢力爭奪，九樓走廊堆滿近乎化成白骨的屍骸。",
        "confidence": 0.95,
        "review_status": "reviewed",
        "source": "bing_gang",
        "aliases": [
          "假日皇冠酒店"
        ],
        "inferred_from": "inf_loc_0319"
      }
    },
    {
      "type": "Feature",
      "geometry": {
        "type": "Point",
        "coordinates": [
          114.26114094758526,
          22.315309269855803
        ]
      },
      "properties": {
        "id": "loc_0320",
        "name": "近尚德嘅賽馬會社福機構",
        "display_name": "近尚德嘅賽馬會社福機構（參考位置）",
        "location_type": "district",
        "fictional": false,
        "location_precision": "approximate",
        "story_position": {
          "x": 0.685,
          "y": 0.366
        },
        "first_appearance": 92,
        "chapters": [
          92
        ],
        "characters": [],
        "description": "不良人在近尚德的賽馬會社福機構找到少量乾糧。",
        "confidence": 0.9,
        "review_status": "reviewed",
        "source": "bing_gang"
      }
    },
    {
      "type": "Feature",
      "geometry": {
        "type": "Point",
        "coordinates": [
          114.264912,
          22.319925
        ]
      },
      "properties": {
        "id": "loc_0321",
        "name": "不良人據點六樓課室",
        "display_name": "不良人據點六樓課室（虛構）",
        "location_type": "fictional",
        "fictional": true,
        "location_precision": "fictional",
        "story_position": {
          "x": 0.269,
          "y": 0.483
        },
        "first_appearance": 92,
        "chapters": [
          92
        ],
        "characters": [],
        "description": "正式不良人的會議場地，設有玻璃長桌與高椅，數十名正式不良人各有專屬座位。",
        "confidence": 0.85,
        "review_status": "reviewed",
        "source": "bing_gang",
        "zone_ids": [
          "zone_3aedd43d53"
        ],
        "position_source": "同章（[92]）嘅 2 個已解析地點質心附近（環形偏移，id hash 決定）"
      }
    },
    {
      "type": "Feature",
      "geometry": {
        "type": "Point",
        "coordinates": [
          114.268477,
          22.320504
        ]
      },
      "properties": {
        "id": "loc_0322",
        "name": "不良人武器庫",
        "display_name": "不良人武器庫（虛構）",
        "location_type": "fictional",
        "fictional": true,
        "location_precision": "fictional",
        "story_position": {
          "x": 0.548,
          "y": 0.675
        },
        "first_appearance": 92,
        "chapters": [
          92
        ],
        "characters": [],
        "description": "不良人存放大量槍械的武器庫，但庫內幾乎所有槍械都沒有子彈。",
        "confidence": 0.9,
        "review_status": "reviewed",
        "source": "bing_gang",
        "position_source": "同章（[92]）嘅 2 個已解析地點質心附近（環形偏移，id hash 決定）"
      }
    },
    {
      "type": "Feature",
      "geometry": {
        "type": "Point",
        "coordinates": [
          114.261922,
          22.310688
        ]
      },
      "properties": {
        "id": "loc_0323",
        "name": "富康花園",
        "display_name": "富康花園（推斷位置）",
        "location_type": "landmark",
        "fictional": false,
        "location_precision": "exact",
        "story_position": {
          "x": 0.286,
          "y": 0.348
        },
        "first_appearance": 93,
        "chapters": [
          93
        ],
        "characters": [],
        "description": "富康花園是鄰近酒店天台可望到的屋苑，銘凱指該處似乎有很多病者。",
        "confidence": 0.9,
        "review_status": "reviewed",
        "source": "bing_gang",
        "inferred_from": "inf_loc_0323"
      }
    },
    {
      "type": "Feature",
      "geometry": {
        "type": "Point",
        "coordinates": [
          114.260438,
          22.308226
        ]
      },
      "properties": {
        "id": "loc_0324",
        "name": "酒店",
        "display_name": "酒店（虛構）",
        "location_type": "fictional",
        "fictional": true,
        "location_precision": "fictional",
        "story_position": {
          "x": 0.394,
          "y": 0.278
        },
        "first_appearance": 93,
        "chapters": [
          93
        ],
        "characters": [
          "鳥嘴老師（敘事者「我」）",
          "大眼",
          "銘凱"
        ],
        "description": "主角與銘凱暫住的未命名酒店，多層走廊中央被人堆疊屍體，六樓是住客升降機大堂並設有一間西餐廳。",
        "confidence": 0.85,
        "review_status": "reviewed",
        "source": "bing_gang",
        "position_source": "同章（[93]）嘅 1 個已解析地點質心附近（環形偏移，id hash 決定）"
      }
    },
    {
      "type": "Feature",
      "geometry": {
        "type": "Point",
        "coordinates": [
          114.257872,
          22.310457
        ]
      },
      "properties": {
        "id": "loc_0325",
        "name": "西餐廳",
        "display_name": "西餐廳（虛構）",
        "location_type": "fictional",
        "fictional": true,
        "location_precision": "fictional",
        "story_position": {
          "x": 0.184,
          "y": 0.262
        },
        "first_appearance": 93,
        "chapters": [
          93
        ],
        "characters": [
          "病爪",
          "西餐廳女侍應",
          "女主唱"
        ],
        "description": "酒店六樓的西餐廳樓底極高、掛有華麗吊燈，中央堆有幾乎碰到吊燈的巨型屍山，病爪藏於其中。",
        "confidence": 0.9,
        "review_status": "reviewed",
        "source": "bing_gang",
        "position_source": "同章（[93]）嘅 1 個已解析地點質心附近（環形偏移，id hash 決定）"
      }
    },
    {
      "type": "Feature",
      "geometry": {
        "type": "Point",
        "coordinates": [
          114.254508,
          22.307244
        ]
      },
      "properties": {
        "id": "loc_0326",
        "name": "吊放人類屍體嘅密室",
        "display_name": "吊放人類屍體嘅密室（虛構）",
        "location_type": "fictional",
        "fictional": true,
        "location_precision": "fictional",
        "story_position": {
          "x": 0.514,
          "y": 0.741
        },
        "first_appearance": 88,
        "chapters": [
          88
        ],
        "characters": [],
        "description": "娃娃兄妹開咗間吊放住人類屍體嘅密室，入面屍氣沖天，屍體全部俾人用鐵勾扣住下巴並有切割痕跡。",
        "confidence": 0.95,
        "review_status": "reviewed",
        "source": "bing_gang",
        "position_source": "冇同章（區內）錨點，用故事主場景（將軍澳校園一帶）"
      }
    },
    {
      "type": "Feature",
      "geometry": {
        "type": "Point",
        "coordinates": [
          114.260398,
          22.31478
        ]
      },
      "properties": {
        "id": "loc_0327",
        "name": "酒店樓上的餐廳",
        "display_name": "酒店樓上的餐廳（虛構）",
        "location_type": "fictional",
        "fictional": true,
        "location_precision": "fictional",
        "story_position": {
          "x": 0.302,
          "y": 0.499
        },
        "first_appearance": 94,
        "chapters": [
          94
        ],
        "characters": [],
        "description": "酒店樓上的餐廳是主角被拖走時遺下雨傘、以及病爪其後遊走徘徊的地方。",
        "confidence": 0.9,
        "review_status": "reviewed",
        "source": "bing_gang",
        "position_source": "同章（[94]）嘅 2 個已解析地點質心附近（環形偏移，id hash 決定）"
      }
    },
    {
      "type": "Feature",
      "geometry": {
        "type": "Point",
        "coordinates": [
          114.262055,
          22.310446
        ]
      },
      "properties": {
        "id": "loc_0328",
        "name": "升降機大堂",
        "display_name": "升降機大堂（虛構）",
        "location_type": "fictional",
        "fictional": true,
        "location_precision": "fictional",
        "story_position": {
          "x": 0.538,
          "y": 0.253
        },
        "first_appearance": 94,
        "chapters": [
          94
        ],
        "characters": [],
        "description": "酒店的升降機大堂內有沙發，病爪在此四處探摸，並因碰到沙發而發狂將其撕裂。",
        "confidence": 0.9,
        "review_status": "reviewed",
        "source": "bing_gang",
        "position_source": "同章（[94]）嘅 2 個已解析地點質心附近（環形偏移，id hash 決定）"
      }
    },
    {
      "type": "Feature",
      "geometry": {
        "type": "Point",
        "coordinates": [
          114.259808,
          22.314732
        ]
      },
      "properties": {
        "id": "loc_0329",
        "name": "樓梯間",
        "display_name": "樓梯間（虛構）",
        "location_type": "fictional",
        "fictional": true,
        "location_precision": "fictional",
        "story_position": {
          "x": 0.55,
          "y": 0.417
        },
        "first_appearance": 94,
        "chapters": [
          94
        ],
        "characters": [
          "病腦",
          "Dr.D",
          "阿玲"
        ],
        "description": "一隻竊屍賊站在樓梯間前關上門阻擋主角與銘凱逃走，二人後來合力把門踢開。",
        "confidence": 0.92,
        "review_status": "reviewed",
        "source": "bing_gang",
        "position_source": "同章（[94]）嘅 2 個已解析地點質心附近（環形偏移，id hash 決定）"
      }
    },
    {
      "type": "Feature",
      "geometry": {
        "type": "Point",
        "coordinates": [
          114.253191,
          22.307262
        ]
      },
      "properties": {
        "id": "loc_0330",
        "name": "彩明苑",
        "display_name": "彩明苑（推斷位置）",
        "location_type": "landmark",
        "fictional": false,
        "location_precision": "exact",
        "story_position": {
          "x": 0.683,
          "y": 0.375
        },
        "first_appearance": 94,
        "chapters": [
          94
        ],
        "characters": [],
        "description": "主角與銘凱前往彩明苑附近調查，該處有一間社區教會堂。",
        "confidence": 0.95,
        "review_status": "reviewed",
        "source": "bing_gang",
        "inferred_from": "inf_loc_0330"
      }
    },
    {
      "type": "Feature",
      "geometry": {
        "type": "Point",
        "coordinates": [
          114.265,
          22.3165
        ]
      },
      "properties": {
        "id": "loc_0331",
        "name": "社區教會堂",
        "display_name": "社區教會堂（推斷位置）",
        "location_type": "district",
        "fictional": false,
        "location_precision": "district",
        "story_position": {
          "x": 0.779,
          "y": 0.372
        },
        "first_appearance": 94,
        "chapters": [
          94
        ],
        "characters": [],
        "description": "彩明苑附近有一間可容納數十人的社區教會堂，雪白牆身頂上有十字架，主角踢開其殘舊木門後發現內裡無人。",
        "confidence": 0.88,
        "review_status": "reviewed",
        "source": "bing_gang",
        "inferred_from": "inf_loc_0331"
      }
    },
    {
      "type": "Feature",
      "geometry": {
        "type": "Point",
        "coordinates": [
          114.25343,
          22.30581
        ]
      },
      "properties": {
        "id": "loc_0332",
        "name": "教堂",
        "display_name": "教堂（推斷位置）",
        "location_type": "district",
        "fictional": false,
        "location_precision": "approximate",
        "story_position": {
          "x": 0.352,
          "y": 0.423
        },
        "first_appearance": 95,
        "chapters": [
          95
        ],
        "characters": [
          "夏當",
          "銘凱",
          "舌女",
          "奎斯",
          "白衣教徒",
          "M（主角）",
          "黑鴉",
          "德蘭",
          "德蘭女教主"
        ],
        "description": "主角與銘凱進入一間已被搜掠一空的教堂，內有長椅與牧師檯，並在該處遇上兩名大本營倖存者。",
        "confidence": 0.95,
        "review_status": "reviewed",
        "source": "bing_gang",
        "inferred_from": "inf_loc_0332"
      }
    },
    {
      "type": "Feature",
      "geometry": {
        "type": "Point",
        "coordinates": [
          114.253399,
          22.303967
        ]
      },
      "properties": {
        "id": "loc_0333",
        "name": "糧食庫",
        "display_name": "糧食庫（虛構）",
        "location_type": "fictional",
        "fictional": true,
        "location_precision": "fictional",
        "story_position": {
          "x": 0.294,
          "y": 0.794
        },
        "first_appearance": 96,
        "chapters": [
          96
        ],
        "characters": [],
        "description": "不良人嘅糧食庫平日被鐵鏈封鎖，只有受信任、持有鎖匙嘅人可以先出入，入面存糧多得夠不良人無節制咁食一、兩年。",
        "confidence": 0.9,
        "review_status": "reviewed",
        "source": "bing_gang",
        "position_source": "冇同章（區內）錨點，用故事主場景（將軍澳校園一帶）"
      }
    },
    {
      "type": "Feature",
      "geometry": {
        "type": "Point",
        "coordinates": [
          114.250821,
          22.307762
        ]
      },
      "properties": {
        "id": "loc_0334",
        "name": "囚禁室",
        "display_name": "囚禁室（虛構）",
        "location_type": "fictional",
        "fictional": true,
        "location_precision": "fictional",
        "story_position": {
          "x": 0.184,
          "y": 0.449
        },
        "first_appearance": 96,
        "chapters": [
          96
        ],
        "characters": [],
        "description": "據銘凱所講，不良人成員會喺醒來後精力太充沛時去囚禁室搞女人。",
        "confidence": 0.85,
        "review_status": "reviewed",
        "source": "bing_gang",
        "position_source": "冇同章（區內）錨點，用故事主場景（將軍澳校園一帶）"
      }
    },
    {
      "type": "Feature",
      "geometry": {
        "type": "Point",
        "coordinates": [
          114.26954,
          22.320187
        ]
      },
      "properties": {
        "id": "loc_0335",
        "name": "酒館",
        "display_name": "酒館（虛構）",
        "location_type": "fictional",
        "fictional": true,
        "location_precision": "fictional",
        "story_position": {
          "x": 0.436,
          "y": 0.584
        },
        "first_appearance": 97,
        "chapters": [
          97
        ],
        "characters": [
          "漢森",
          "胡子老闆",
          "南愚北賢",
          "風流醫生",
          "英國紳士"
        ],
        "description": "主角同白魂喺一間酒館入面飲住威士忌傾談合作事宜。",
        "confidence": 0.85,
        "review_status": "reviewed",
        "source": "bing_gang",
        "position_source": "同章（[97]）嘅 1 個已解析地點質心附近（環形偏移，id hash 決定）"
      }
    },
    {
      "type": "Feature",
      "geometry": {
        "type": "Point",
        "coordinates": [
          114.26520370794232,
          22.31441075761044
        ]
      },
      "properties": {
        "id": "loc_0336",
        "name": "倖存區內的商場",
        "display_name": "倖存區內的商場（參考位置）",
        "location_type": "district",
        "fictional": false,
        "location_precision": "approximate",
        "story_position": {
          "x": 0.692,
          "y": 0.363
        },
        "first_appearance": 98,
        "chapters": [
          98
        ],
        "characters": [],
        "description": "寶琳倖存區內有一個不太寒冷的商場，屬倖存區一部分，入面有商鋪擺賣，小女孩曾帶聖誕老人到此處。",
        "confidence": 0.85,
        "review_status": "reviewed",
        "source": "bing_gang"
      }
    },
    {
      "type": "Feature",
      "geometry": {
        "type": "Point",
        "coordinates": [
          114.268378,
          22.314769
        ]
      },
      "properties": {
        "id": "loc_0337",
        "name": "聖安得肋堂",
        "display_name": "聖安得肋堂（虛構）",
        "location_type": "fictional",
        "fictional": true,
        "location_precision": "fictional",
        "story_position": {
          "x": 0.796,
          "y": 0.177
        },
        "first_appearance": 99,
        "chapters": [
          99
        ],
        "characters": [
          "白魂",
          "星宇",
          "寶琳王國公主",
          "病者平權組織"
        ],
        "description": "位於坑口的聖安得肋堂是病者平權組織的據點，內部潔白寧靜，成員全身白衣。",
        "confidence": 0.95,
        "review_status": "reviewed",
        "source": "bing_gang",
        "position_source": "同章（[99]）嘅 2 個已解析地點質心附近（環形偏移，id hash 決定）"
      }
    },
    {
      "type": "Feature",
      "geometry": {
        "type": "Point",
        "coordinates": [
          114.2729,
          22.3166
        ]
      },
      "properties": {
        "id": "loc_0338",
        "name": "坑口",
        "display_name": "坑口（參考位置）",
        "location_type": "district",
        "fictional": false,
        "location_precision": "district",
        "story_position": {
          "x": 0.705,
          "y": 0.369
        },
        "first_appearance": 99,
        "chapters": [
          99
        ],
        "characters": [
          "北賢",
          "白鯨",
          "Nina",
          "賴桑",
          "病翼",
          "奎斯"
        ],
        "description": "聖安得肋堂位於坑口，是鳥嘴與白魂此行目的地的所在地區。",
        "confidence": 0.9,
        "review_status": "reviewed",
        "source": "bing_gang"
      }
    },
    {
      "type": "Feature",
      "geometry": {
        "type": "Point",
        "coordinates": [
          114.25931146715496,
          22.3113906614786
        ]
      },
      "properties": {
        "id": "loc_0339",
        "name": "城市公園",
        "display_name": "城市公園（參考位置）",
        "location_type": "district",
        "fictional": false,
        "location_precision": "approximate",
        "story_position": {
          "x": 0.682,
          "y": 0.355
        },
        "first_appearance": 99,
        "chapters": [
          99
        ],
        "characters": [
          "犬京"
        ],
        "description": "鳥嘴與白魂前往聖安得肋堂途中穿過城市公園，並在該處遇上星宇。",
        "confidence": 0.7,
        "review_status": "reviewed",
        "source": "bing_gang"
      }
    },
    {
      "type": "Feature",
      "geometry": {
        "type": "Point",
        "coordinates": [
          114.254104,
          22.308933
        ]
      },
      "properties": {
        "id": "loc_0340",
        "name": "祭品室",
        "display_name": "祭品室（虛構）",
        "location_type": "fictional",
        "fictional": true,
        "location_precision": "fictional",
        "story_position": {
          "x": 0.333,
          "y": 0.605
        },
        "first_appearance": 100,
        "chapters": [
          100
        ],
        "characters": [
          "平子小姐",
          "星宇"
        ],
        "description": "聖堂內有一間活動室闢作祭品室，入面放住二、三十個木製棺木，棺中綁住組織喺外面捉返嚟嘅活人倖存者，作為供奉之用。",
        "confidence": 0.9,
        "review_status": "reviewed",
        "source": "bing_gang",
        "position_source": "冇同章（區內）錨點，用故事主場景（將軍澳校園一帶）"
      }
    },
    {
      "type": "Feature",
      "geometry": {
        "type": "Point",
        "coordinates": [
          114.251563,
          22.30644
        ]
      },
      "properties": {
        "id": "loc_0341",
        "name": "大會堂",
        "display_name": "大會堂（虛構）",
        "location_type": "fictional",
        "fictional": true,
        "location_precision": "fictional",
        "story_position": {
          "x": 0.559,
          "y": 0.4
        },
        "first_appearance": 100,
        "chapters": [
          100
        ],
        "characters": [],
        "description": "初級成員每日朝早八點至兩點要去大會堂學習病語。",
        "confidence": 0.7,
        "review_status": "reviewed",
        "source": "bing_gang",
        "position_source": "冇同章（區內）錨點，用故事主場景（將軍澳校園一帶）"
      }
    },
    {
      "type": "Feature",
      "geometry": {
        "type": "Point",
        "coordinates": [
          114.241617,
          22.326032
        ]
      },
      "properties": {
        "id": "loc_0342",
        "name": "主教堂",
        "display_name": "主教堂（虛構）",
        "location_type": "fictional",
        "fictional": true,
        "location_precision": "fictional",
        "story_position": {
          "x": 0.25,
          "y": 0.476
        },
        "first_appearance": 101,
        "chapters": [
          101
        ],
        "characters": [],
        "description": "聖安得肋堂內的主教堂，設有播音機電源及牧師檯，深夜有四名跳芭蕾舞的舞者病者在內。",
        "confidence": 0.88,
        "review_status": "reviewed",
        "source": "bing_gang",
        "position_source": "同章（[101]）嘅 1 個已解析地點質心附近（環形偏移，id hash 決定）"
      }
    },
    {
      "type": "Feature",
      "geometry": {
        "type": "Point",
        "coordinates": [
          114.2415,
          22.3229
        ]
      },
      "properties": {
        "id": "loc_0343",
        "name": "祭品存放室",
        "display_name": "祭品存放室（推斷位置）",
        "location_type": "district",
        "fictional": false,
        "location_precision": "district",
        "story_position": {
          "x": 0.664,
          "y": 0.169
        },
        "first_appearance": 101,
        "chapters": [
          101
        ],
        "characters": [],
        "description": "擺放多個棺木的房間，被組織稱為祭品存放室，寶琳公主被囚於此處的棺木中。",
        "confidence": 0.92,
        "review_status": "reviewed",
        "source": "bing_gang",
        "inferred_from": "inf_loc_0343"
      }
    },
    {
      "type": "Feature",
      "geometry": {
        "type": "Point",
        "coordinates": [
          114.243652,
          22.322393
        ]
      },
      "properties": {
        "id": "loc_0344",
        "name": "工具存放室",
        "display_name": "工具存放室（虛構）",
        "location_type": "fictional",
        "fictional": true,
        "location_precision": "fictional",
        "story_position": {
          "x": 0.719,
          "y": 0.596
        },
        "first_appearance": 101,
        "chapters": [
          101
        ],
        "characters": [],
        "description": "位於二樓、擺放維修工具的房間，主角從中取得電圓鋸、電鑽及消防長斧。",
        "confidence": 0.9,
        "review_status": "reviewed",
        "source": "bing_gang",
        "position_source": "同章（[101]）嘅 1 個已解析地點質心附近（環形偏移，id hash 決定）"
      }
    },
    {
      "type": "Feature",
      "geometry": {
        "type": "Point",
        "coordinates": [
          114.239168,
          22.321808
        ]
      },
      "properties": {
        "id": "loc_0345",
        "name": "大飯堂",
        "display_name": "大飯堂（虛構）",
        "location_type": "fictional",
        "fictional": true,
        "location_precision": "fictional",
        "story_position": {
          "x": 0.305,
          "y": 0.703
        },
        "first_appearance": 101,
        "chapters": [
          101
        ],
        "characters": [],
        "description": "位於一樓的用餐地方，所有成員在此食用白飯配醬油。",
        "confidence": 0.88,
        "review_status": "reviewed",
        "source": "bing_gang",
        "position_source": "同章（[101]）嘅 1 個已解析地點質心附近（環形偏移，id hash 決定）"
      }
    },
    {
      "type": "Feature",
      "geometry": {
        "type": "Point",
        "coordinates": [
          114.27135719844358,
          22.326400274662394
        ]
      },
      "properties": {
        "id": "loc_0346",
        "name": "將軍澳城市公園",
        "display_name": "將軍澳城市公園（參考位置）",
        "location_type": "district",
        "fictional": false,
        "location_precision": "approximate",
        "story_position": {
          "x": 0.702,
          "y": 0.396
        },
        "first_appearance": 102,
        "chapters": [
          102
        ],
        "characters": [],
        "description": "主角抱住公主逃出後，跑向通往將軍澳城市公園的行人隧道。",
        "confidence": 0.9,
        "review_status": "reviewed",
        "source": "bing_gang"
      }
    },
    {
      "type": "Feature",
      "geometry": {
        "type": "Point",
        "coordinates": [
          114.266297,
          22.328463
        ]
      },
      "properties": {
        "id": "loc_0347",
        "name": "「精神病院」",
        "display_name": "「精神病院」（虛構）",
        "location_type": "fictional",
        "fictional": true,
        "location_precision": "fictional",
        "story_position": {
          "x": 0.507,
          "y": 0.504
        },
        "first_appearance": 102,
        "chapters": [
          102
        ],
        "characters": [],
        "description": "主角被困及逃離的建築被稱為「精神病院」，內有一樓起舞的病者與病者平權組織成員。",
        "confidence": 0.85,
        "review_status": "reviewed",
        "source": "bing_gang",
        "position_source": "同章（[102]）嘅 2 個已解析地點質心附近（環形偏移，id hash 決定）"
      }
    },
    {
      "type": "Feature",
      "geometry": {
        "type": "Point",
        "coordinates": [
          114.26272204165713,
          22.327069123369192
        ]
      },
      "properties": {
        "id": "loc_0348",
        "name": "學校操場",
        "display_name": "學校操場（參考位置）",
        "location_type": "district",
        "fictional": false,
        "location_precision": "approximate",
        "story_position": {
          "x": 0.688,
          "y": 0.397
        },
        "first_appearance": 102,
        "chapters": [
          102
        ],
        "characters": [],
        "description": "接獲三級防禦警告後，不良人聚集到據點內嘅學校操場集合備戰。",
        "confidence": 0.85,
        "review_status": "reviewed",
        "source": "bing_gang"
      }
    },
    {
      "type": "Feature",
      "geometry": {
        "type": "Point",
        "coordinates": [
          114.254662,
          22.302548
        ]
      },
      "properties": {
        "id": "loc_0349",
        "name": "小學（不良人根據地）",
        "display_name": "小學（不良人根據地）（虛構）",
        "location_type": "fictional",
        "fictional": true,
        "location_precision": "fictional",
        "story_position": {
          "x": 0.694,
          "y": 0.551
        },
        "first_appearance": 103,
        "chapters": [
          103
        ],
        "characters": [],
        "description": "病者平權組織六、七十名白衣成員包圍不良人盤踞的小學，雙方在校門外對峙並爆發大戰。",
        "confidence": 0.9,
        "review_status": "reviewed",
        "source": "bing_gang",
        "zone_ids": [
          "zone_1f112cb706"
        ],
        "position_source": "冇同章（區內）錨點，用故事主場景（將軍澳校園一帶）"
      }
    },
    {
      "type": "Feature",
      "geometry": {
        "type": "Point",
        "coordinates": [
          114.252342,
          22.303684
        ]
      },
      "properties": {
        "id": "loc_0350",
        "name": "渠道",
        "display_name": "渠道（虛構）",
        "location_type": "fictional",
        "fictional": true,
        "location_precision": "fictional",
        "story_position": {
          "x": 0.684,
          "y": 0.837
        },
        "first_appearance": 103,
        "chapters": [
          103
        ],
        "characters": [
          "我",
          "班尼",
          "我（敘述者）",
          "我（敘事者）",
          "不破尚",
          "病爪"
        ],
        "description": "不破尚命部下打開重頓頓嘅渠蓋，將病爪倒轉拖落地面之下嘅渠道。",
        "confidence": 0.88,
        "review_status": "reviewed",
        "source": "bing_gang",
        "position_source": "冇同章（區內）錨點，用故事主場景（將軍澳校園一帶）"
      }
    },
    {
      "type": "Feature",
      "geometry": {
        "type": "Point",
        "coordinates": [
          114.2703413138018,
          22.329623346303503
        ]
      },
      "properties": {
        "id": "loc_0352",
        "name": "將軍澳地鐵站",
        "display_name": "將軍澳地鐵站（參考位置）",
        "location_type": "district",
        "fictional": false,
        "location_precision": "approximate",
        "story_position": {
          "x": 0.701,
          "y": 0.404
        },
        "first_appearance": 104,
        "chapters": [
          104
        ],
        "characters": [],
        "description": "眾人在往將軍澳地鐵站方向的十字路轉角，發現一名正觀望著他們的神秘男子。",
        "confidence": 0.95,
        "review_status": "reviewed",
        "source": "bing_gang"
      }
    },
    {
      "type": "Feature",
      "geometry": {
        "type": "Point",
        "coordinates": [
          114.256699,
          22.308317
        ]
      },
      "properties": {
        "id": "loc_0353",
        "name": "唐明苑",
        "display_name": "唐明苑（推斷位置）",
        "location_type": "landmark",
        "fictional": false,
        "location_precision": "exact",
        "story_position": {
          "x": 0.257,
          "y": 0.31
        },
        "first_appearance": 104,
        "chapters": [
          104
        ],
        "characters": [],
        "description": "追逐神秘男子的途中，眾人一直追到唐明苑一帶，再往前便是大本營。",
        "confidence": 0.95,
        "review_status": "reviewed",
        "source": "bing_gang",
        "inferred_from": "inf_loc_0353"
      }
    },
    {
      "type": "Feature",
      "geometry": {
        "type": "Point",
        "coordinates": [
          114.264326,
          22.322592
        ]
      },
      "properties": {
        "id": "loc_0354",
        "name": "假日酒店",
        "display_name": "假日酒店（虛構）",
        "location_type": "fictional",
        "fictional": true,
        "location_precision": "fictional",
        "story_position": {
          "x": 0.554,
          "y": 0.736
        },
        "first_appearance": 104,
        "chapters": [
          104
        ],
        "characters": [],
        "description": "被發現的神秘男子突然起身，朝假日酒店的方向逃跑。",
        "confidence": 0.7,
        "review_status": "reviewed",
        "source": "bing_gang",
        "position_source": "同章（[104]）嘅 2 個已解析地點質心附近（環形偏移，id hash 決定）"
      }
    },
    {
      "type": "Feature",
      "geometry": {
        "type": "Point",
        "coordinates": [
          114.25343,
          22.30581
        ]
      },
      "properties": {
        "id": "loc_0355",
        "name": "二樓武器庫",
        "display_name": "二樓武器庫（推斷位置）",
        "location_type": "district",
        "fictional": false,
        "location_precision": "approximate",
        "story_position": {
          "x": 0.846,
          "y": 0.44
        },
        "first_appearance": 105,
        "chapters": [
          105
        ],
        "characters": [
          "銘凱"
        ],
        "description": "大本營二樓設有武器庫，入面仲有少量瓦斯，但眾人到達時發現門鎖嘅多重鐵鏈已被人硬生生砍斷。",
        "confidence": 0.95,
        "review_status": "reviewed",
        "source": "bing_gang",
        "inferred_from": "inf_loc_0355"
      }
    },
    {
      "type": "Feature",
      "geometry": {
        "type": "Point",
        "coordinates": [
          114.25343,
          22.30581
        ]
      },
      "properties": {
        "id": "loc_0356",
        "name": "學校（未命名）",
        "display_name": "學校（未命名）（推斷位置）",
        "location_type": "district",
        "fictional": false,
        "location_precision": "approximate",
        "story_position": {
          "x": 0.683,
          "y": 0.411
        },
        "first_appearance": 106,
        "chapters": [
          106
        ],
        "characters": [],
        "description": "本章主要戰鬥發生在一所設有操場、二樓走廊與武器庫的學校內，不破尚曾環視全校尋找病者的主腦。",
        "confidence": 0.88,
        "review_status": "reviewed",
        "source": "bing_gang",
        "inferred_from": "inf_loc_0356"
      }
    },
    {
      "type": "Feature",
      "geometry": {
        "type": "Point",
        "coordinates": [
          114.252081,
          22.304647
        ]
      },
      "properties": {
        "id": "loc_0357",
        "name": "武器庫",
        "display_name": "武器庫（虛構）",
        "location_type": "fictional",
        "fictional": true,
        "location_precision": "fictional",
        "story_position": {
          "x": 0.242,
          "y": 0.791
        },
        "first_appearance": 106,
        "chapters": [
          106
        ],
        "characters": [
          "銘凱",
          "董倫"
        ],
        "description": "武器庫內藏有軍刀等武器，董倫的六人小隊在此趕工製造粗糙版火焰噴射器。",
        "confidence": 0.92,
        "review_status": "reviewed",
        "source": "bing_gang",
        "position_source": "同章（[106]）嘅 1 個已解析地點質心附近（環形偏移，id hash 決定）"
      }
    },
    {
      "type": "Feature",
      "geometry": {
        "type": "Point",
        "coordinates": [
          114.251294,
          22.303283
        ]
      },
      "properties": {
        "id": "loc_0358",
        "name": "二樓走廊欄牆",
        "display_name": "二樓走廊欄牆（虛構）",
        "location_type": "fictional",
        "fictional": true,
        "location_precision": "fictional",
        "story_position": {
          "x": 0.266,
          "y": 0.426
        },
        "first_appearance": 106,
        "chapters": [
          106
        ],
        "characters": [],
        "description": "銘凱在二樓走廊欄牆紮好尼龍遊繩，讓主角助跑踏牆跳下突襲Dr.D。",
        "confidence": 0.92,
        "review_status": "reviewed",
        "source": "bing_gang",
        "position_source": "同章（[106]）嘅 1 個已解析地點質心附近（環形偏移，id hash 決定）"
      }
    },
    {
      "type": "Feature",
      "geometry": {
        "type": "Point",
        "coordinates": [
          114.254308,
          22.307781
        ]
      },
      "properties": {
        "id": "loc_0359",
        "name": "有蓋操場",
        "display_name": "有蓋操場（虛構）",
        "location_type": "fictional",
        "fictional": true,
        "location_precision": "fictional",
        "story_position": {
          "x": 0.353,
          "y": 0.704
        },
        "first_appearance": 107,
        "chapters": [
          107
        ],
        "characters": [
          "董倫"
        ],
        "description": "戰鬥場地之一，敘事者在此灑上天拿水，最終引燃成火海將Dr.D燒至半死。",
        "confidence": 0.92,
        "review_status": "reviewed",
        "source": "bing_gang",
        "position_source": "冇同章（區內）錨點，用故事主場景（將軍澳校園一帶）"
      }
    },
    {
      "type": "Feature",
      "geometry": {
        "type": "Point",
        "coordinates": [
          114.256648,
          22.306205
        ]
      },
      "properties": {
        "id": "loc_0360",
        "name": "二樓",
        "display_name": "二樓（虛構）",
        "location_type": "fictional",
        "fictional": true,
        "location_precision": "fictional",
        "story_position": {
          "x": 0.555,
          "y": 0.845
        },
        "first_appearance": 107,
        "chapters": [
          107
        ],
        "characters": [
          "陌生少年",
          "犬京",
          "病爪",
          "舌女",
          "娃娃",
          "阿文",
          "瑜小六",
          "不破尚",
          "病童",
          "不破尚的飛虎部隊成員",
          "老師",
          "聽不破尚",
          "我（主角）",
          "銘凱",
          "董倫",
          "小老鼠",
          "雙腳殘廢嘅乞丐"
        ],
        "description": "銘凱所在的樓層，他從此處拋下鐵鏈、燃燒彈、天拿水與腎上腺素針；Dr.D亦跑牆而上到此捏住銘凱。",
        "confidence": 0.88,
        "review_status": "reviewed",
        "source": "bing_gang",
        "position_source": "冇同章（區內）錨點，用故事主場景（將軍澳校園一帶）"
      }
    },
    {
      "type": "Feature",
      "geometry": {
        "type": "Point",
        "coordinates": [
          114.24655809109636,
          22.323737262531473
        ]
      },
      "properties": {
        "id": "loc_0361",
        "name": "寶琳區",
        "display_name": "寶琳區（參考位置）",
        "location_type": "district",
        "fictional": false,
        "location_precision": "approximate",
        "story_position": {
          "x": 0.661,
          "y": 0.388
        },
        "first_appearance": 111,
        "chapters": [
          111
        ],
        "characters": [],
        "description": "主角一行人從渠口出來後，所站位置應該是寶琳區內的住宅區附近。",
        "confidence": 0.9,
        "review_status": "reviewed",
        "source": "bing_gang"
      }
    },
    {
      "type": "Feature",
      "geometry": {
        "type": "Point",
        "coordinates": [
          114.256993,
          22.320372
        ]
      },
      "properties": {
        "id": "loc_0362",
        "name": "運亨路",
        "display_name": "運亨路（推斷位置）",
        "location_type": "landmark",
        "fictional": false,
        "location_precision": "exact",
        "story_position": {
          "x": 0.443,
          "y": 0.603
        },
        "first_appearance": 111,
        "chapters": [
          111
        ],
        "characters": [],
        "description": "運亨路一帶被寶琳倖存區的人用金屬板圍封住，是該倖存區的邊境地方。",
        "confidence": 0.9,
        "review_status": "reviewed",
        "source": "bing_gang",
        "inferred_from": "inf_loc_0362"
      }
    },
    {
      "type": "Feature",
      "geometry": {
        "type": "Point",
        "coordinates": [
          114.26568381780729,
          22.318731654840924
        ]
      },
      "properties": {
        "id": "loc_0363",
        "name": "貿泰路公園",
        "display_name": "貿泰路公園（參考位置）",
        "location_type": "district",
        "fictional": false,
        "location_precision": "approximate",
        "story_position": {
          "x": 0.693,
          "y": 0.375
        },
        "first_appearance": 111,
        "chapters": [
          111
        ],
        "characters": [],
        "description": "主角現身處於前身為貿泰路公園的一帶，距離剛才的邊境位置不遠，需要小心行動。",
        "confidence": 0.8,
        "review_status": "reviewed",
        "source": "bing_gang"
      }
    },
    {
      "type": "Feature",
      "geometry": {
        "type": "Point",
        "coordinates": [
          114.26297422751202,
          22.317177843900204
        ]
      },
      "properties": {
        "id": "loc_0364",
        "name": "新都城中心三期",
        "display_name": "新都城中心三期（參考位置）",
        "location_type": "district",
        "fictional": false,
        "location_precision": "approximate",
        "story_position": {
          "x": 0.688,
          "y": 0.371
        },
        "first_appearance": 111,
        "chapters": [
          111
        ],
        "characters": [],
        "description": "主角走進新都城中心三期商場查探安全的容身之所，商場內霓虹燈林立、人流川流不息，風格混亂密集如同反烏托邦。",
        "confidence": 0.95,
        "review_status": "reviewed",
        "source": "bing_gang"
      }
    },
    {
      "type": "Feature",
      "geometry": {
        "type": "Point",
        "coordinates": [
          114.257067,
          22.319862
        ]
      },
      "properties": {
        "id": "loc_0365",
        "name": "哈姆雷特",
        "display_name": "哈姆雷特（虛構）",
        "location_type": "fictional",
        "fictional": true,
        "location_precision": "fictional",
        "story_position": {
          "x": 0.768,
          "y": 0.444
        },
        "first_appearance": 111,
        "chapters": [
          111
        ],
        "characters": [
          "白魂",
          "星宇",
          "瓦安",
          "貴華",
          "哈姆雷特",
          "Angel",
          "奎斯",
          "哈姆雷特雜貨店女店員",
          "貴華母親"
        ],
        "description": "「哈姆雷特」是商業區內一間貨品眾多、通道狹窄、守衛很少會去的店舖，白魂帶艾匡到該處等候主角。",
        "confidence": 0.9,
        "review_status": "reviewed",
        "source": "bing_gang",
        "position_source": "同章（[111]）嘅 5 個已解析地點質心附近（環形偏移，id hash 決定）"
      }
    },
    {
      "type": "Feature",
      "geometry": {
        "type": "Point",
        "coordinates": [
          114.24190677500573,
          22.322505676356148
        ]
      },
      "properties": {
        "id": "loc_0366",
        "name": "寶琳柒拾",
        "display_name": "寶琳柒拾（參考位置）",
        "location_type": "district",
        "fictional": false,
        "location_precision": "approximate",
        "story_position": {
          "x": 0.653,
          "y": 0.385
        },
        "first_appearance": 111,
        "chapters": [
          111
        ],
        "characters": [
          "寶琳柒拾老闆",
          "雨川",
          "老闆"
        ],
        "description": "「寶琳柒拾」是商場內一間小吃店，老闆只整雜菌類食物，因不願賣貓狗鼠肉而生意冷清，他請主角坐下飲悶酒。",
        "confidence": 0.9,
        "review_status": "reviewed",
        "source": "bing_gang"
      }
    },
    {
      "type": "Feature",
      "geometry": {
        "type": "Point",
        "coordinates": [
          114.25508,
          22.324112
        ]
      },
      "properties": {
        "id": "loc_0367",
        "name": "Beauty美容中心",
        "display_name": "Beauty美容中心（虛構）",
        "location_type": "fictional",
        "fictional": true,
        "location_precision": "fictional",
        "story_position": {
          "x": 0.693,
          "y": 0.343
        },
        "first_appearance": 111,
        "chapters": [
          111
        ],
        "characters": [
          "美容中心男店員"
        ],
        "description": "商場內有一間名為「Beauty美容中心」的美容店，其一名接近三十歲的男店員多次向戴面具的主角推銷療程。",
        "confidence": 0.9,
        "review_status": "reviewed",
        "source": "bing_gang",
        "position_source": "同章（[111]）嘅 5 個已解析地點質心附近（環形偏移，id hash 決定）"
      }
    },
    {
      "type": "Feature",
      "geometry": {
        "type": "Point",
        "coordinates": [
          114.25807,
          22.319499
        ]
      },
      "properties": {
        "id": "loc_0368",
        "name": "苬怡花園",
        "display_name": "苬怡花園（虛構）",
        "location_type": "fictional",
        "fictional": true,
        "location_precision": "fictional",
        "story_position": {
          "x": 0.561,
          "y": 0.643
        },
        "first_appearance": 111,
        "chapters": [
          111
        ],
        "characters": [
          "寶琳柒拾老闆"
        ],
        "description": "小吃店老闆指苬怡花園旁一排居屋可以任意租住，大約預10艾幣一晚。",
        "confidence": 0.8,
        "review_status": "reviewed",
        "source": "bing_gang",
        "position_source": "同章（[111]）嘅 5 個已解析地點質心附近（環形偏移，id hash 決定）"
      }
    },
    {
      "type": "Feature",
      "geometry": {
        "type": "Point",
        "coordinates": [
          114.250135,
          22.329023
        ]
      },
      "properties": {
        "id": "loc_0369",
        "name": "哈姆雷特百貨公司",
        "display_name": "哈姆雷特百貨公司（虛構）",
        "location_type": "fictional",
        "fictional": true,
        "location_precision": "fictional",
        "story_position": {
          "x": 0.493,
          "y": 0.27
        },
        "first_appearance": 112,
        "chapters": [
          112
        ],
        "characters": [],
        "description": "哈姆雷特百貨公司位於新都城中心一期，與三期商場只隔一條馬路，店內空間狹小、陳列混亂，貨品種類繁多。",
        "confidence": 0.96,
        "review_status": "reviewed",
        "source": "bing_gang",
        "position_source": "同章（[112]）嘅 3 個已解析地點質心附近（環形偏移，id hash 決定）"
      }
    },
    {
      "type": "Feature",
      "geometry": {
        "type": "Point",
        "coordinates": [
          114.26896507209888,
          22.335975738155184
        ]
      },
      "properties": {
        "id": "loc_0370",
        "name": "將軍澳上村山林",
        "display_name": "將軍澳上村山林（參考位置）",
        "location_type": "district",
        "fictional": false,
        "location_precision": "approximate",
        "story_position": {
          "x": 0.698,
          "y": 0.422
        },
        "first_appearance": 112,
        "chapters": [
          112
        ],
        "characters": [],
        "description": "據老闆所說，將軍澳上村山林有不少野山豬，是他委託主角尋找食材的地方。",
        "confidence": 0.9,
        "review_status": "reviewed",
        "source": "bing_gang"
      }
    },
    {
      "type": "Feature",
      "geometry": {
        "type": "Point",
        "coordinates": [
          114.23748709086748,
          22.319726276035706
        ]
      },
      "properties": {
        "id": "loc_0371",
        "name": "皇政府總部（寶琳地鐵站）",
        "display_name": "皇政府總部（寶琳地鐵站）（參考位置）",
        "location_type": "district",
        "fictional": false,
        "location_precision": "approximate",
        "story_position": {
          "x": 0.646,
          "y": 0.378
        },
        "first_appearance": 112,
        "chapters": [
          112
        ],
        "characters": [],
        "description": "皇政府總部設於寶琳地鐵站，站外翌立的貼板上張貼著包括違禁品清單在內的新公告及政策。",
        "confidence": 0.96,
        "review_status": "reviewed",
        "source": "bing_gang"
      }
    },
    {
      "type": "Feature",
      "geometry": {
        "type": "Point",
        "coordinates": [
          114.2415,
          22.3229
        ]
      },
      "properties": {
        "id": "loc_0372",
        "name": "皇宮",
        "display_name": "皇宮（推斷位置）",
        "location_type": "district",
        "fictional": false,
        "location_precision": "district",
        "story_position": {
          "x": 0.169,
          "y": 0.435
        },
        "first_appearance": 112,
        "chapters": [
          112
        ],
        "characters": [
          "白魂",
          "艾匡",
          "阿禮",
          "國王",
          "奎斯",
          "王達尼",
          "主角（M）",
          "艾匡公主",
          "賴桑"
        ],
        "description": "皇宮位於寶琳地鐵站對上相連的商場之上，規模很大，國王平日居於宮內。",
        "confidence": 0.92,
        "review_status": "reviewed",
        "source": "bing_gang",
        "inferred_from": "inf_loc_0372"
      }
    },
    {
      "type": "Feature",
      "geometry": {
        "type": "Point",
        "coordinates": [
          114.2369613870451,
          22.324453398947128
        ]
      },
      "properties": {
        "id": "loc_0373",
        "name": "寶琳地鐵站上面嘅花苑私樓",
        "display_name": "寶琳地鐵站上面嘅花苑私樓（參考位置）",
        "location_type": "district",
        "fictional": false,
        "location_precision": "approximate",
        "story_position": {
          "x": 0.645,
          "y": 0.39
        },
        "first_appearance": 113,
        "chapters": [
          113
        ],
        "characters": [],
        "description": "艾寶琳共和國貴族（高學歷分子及其後代）居住嘅私人樓宇所在。",
        "confidence": 0.75,
        "review_status": "reviewed",
        "source": "bing_gang"
      }
    },
    {
      "type": "Feature",
      "geometry": {
        "type": "Point",
        "coordinates": [
          114.2745940032044,
          22.31483250171664
        ]
      },
      "properties": {
        "id": "loc_0374",
        "name": "皇政府總部",
        "display_name": "皇政府總部（參考位置）",
        "location_type": "district",
        "fictional": false,
        "location_precision": "approximate",
        "story_position": {
          "x": 0.708,
          "y": 0.364
        },
        "first_appearance": 113,
        "chapters": [
          113
        ],
        "characters": [],
        "description": "貴華依約喺皇政府總部門外等同主角交收。",
        "confidence": 0.85,
        "review_status": "reviewed",
        "source": "bing_gang"
      }
    },
    {
      "type": "Feature",
      "geometry": {
        "type": "Point",
        "coordinates": [
          114.258498,
          22.315534
        ]
      },
      "properties": {
        "id": "loc_0375",
        "name": "「漁味」食店",
        "display_name": "「漁味」食店（虛構）",
        "location_type": "fictional",
        "fictional": true,
        "location_precision": "fictional",
        "story_position": {
          "x": 0.65,
          "y": 0.607
        },
        "first_appearance": 113,
        "chapters": [
          113
        ],
        "characters": [
          "「漁味」老闆"
        ],
        "description": "區內小有名氣、賣高檔食品嘅食店，老闆收留主角一行人，主角喺度花三十艾幣買半條魚同清酒答謝。",
        "confidence": 0.9,
        "review_status": "reviewed",
        "source": "bing_gang",
        "position_source": "同章（[113]）嘅 3 個已解析地點質心附近（環形偏移，id hash 決定）"
      }
    },
    {
      "type": "Feature",
      "geometry": {
        "type": "Point",
        "coordinates": [
          114.26297422751202,
          22.317177843900204
        ]
      },
      "properties": {
        "id": "loc_0376",
        "name": "梁潔華小學",
        "display_name": "梁潔華小學（推斷位置）",
        "location_type": "district",
        "fictional": false,
        "location_precision": "approximate",
        "story_position": {
          "x": 0.642,
          "y": 0.404
        },
        "first_appearance": 113,
        "chapters": [
          113
        ],
        "characters": [
          "書呆子青年",
          "帶路的女子信徒",
          "黑鼠商團首領（未確認身份前）",
          "全身黑色衣著的人"
        ],
        "description": "據瓦安所說位於新都城中心三期左邊、只隔一條馬路的小學，內裡藏有病者平權組織的餘黨信徒。",
        "confidence": 0.85,
        "review_status": "reviewed",
        "source": "bing_gang",
        "inferred_from": "inf_loc_0376"
      }
    },
    {
      "type": "Feature",
      "geometry": {
        "type": "Point",
        "coordinates": [
          114.251594,
          22.303134
        ]
      },
      "properties": {
        "id": "loc_0377",
        "name": "六樓６０５室",
        "display_name": "六樓６０５室（虛構）",
        "location_type": "fictional",
        "fictional": true,
        "location_precision": "fictional",
        "story_position": {
          "x": 0.215,
          "y": 0.245
        },
        "first_appearance": 114,
        "chapters": [
          114
        ],
        "characters": [],
        "description": "梁潔華小學內的課室，宣傳單張聲稱有興趣者可免費進入，實為病教招募及洗腦信徒的地方。",
        "confidence": 0.85,
        "review_status": "reviewed",
        "source": "bing_gang",
        "position_source": "冇同章（區內）錨點，用故事主場景（將軍澳校園一帶）"
      }
    },
    {
      "type": "Feature",
      "geometry": {
        "type": "Point",
        "coordinates": [
          114.2415,
          22.3229
        ]
      },
      "properties": {
        "id": "loc_0378",
        "name": "寶琳地鐵站",
        "display_name": "寶琳地鐵站（推斷位置）",
        "location_type": "district",
        "fictional": false,
        "location_precision": "district",
        "story_position": {
          "x": 0.65,
          "y": 0.399
        },
        "first_appearance": 116,
        "chapters": [
          116
        ],
        "characters": [],
        "description": "皇室儀仗隊的隆重歡響樂從寶琳地鐵站那邊奏起，該處亦為國王出遊隊伍的方向。",
        "confidence": 0.95,
        "review_status": "reviewed",
        "source": "bing_gang",
        "inferred_from": "inf_loc_0378"
      }
    },
    {
      "type": "Feature",
      "geometry": {
        "type": "Point",
        "coordinates": [
          114.253375,
          22.30564
        ]
      },
      "properties": {
        "id": "loc_0379",
        "name": "病獵公會聖堂",
        "display_name": "病獵公會聖堂（推斷位置）",
        "location_type": "district",
        "fictional": false,
        "location_precision": "approximate",
        "story_position": {
          "x": 0.503,
          "y": 0.713
        },
        "first_appearance": 116,
        "chapters": [
          116
        ],
        "characters": [
          "阿斯"
        ],
        "description": "病獵公會是一座坐落山邊的聖堂，位於倖存區範圍外、只隔一條馬路，自「白鯨」失蹤後已沒落，只剩兩、三名當日沒去調查的成員留守。",
        "confidence": 0.9,
        "review_status": "reviewed",
        "source": "bing_gang",
        "inferred_from": "inf_loc_0379"
      }
    },
    {
      "type": "Feature",
      "geometry": {
        "type": "Point",
        "coordinates": [
          114.257701,
          22.318657
        ]
      },
      "properties": {
        "id": "loc_0380",
        "name": "寶康公園",
        "display_name": "寶康公園（推斷位置）",
        "location_type": "landmark",
        "fictional": false,
        "location_precision": "exact",
        "story_position": {
          "x": 0.689,
          "y": 0.375
        },
        "first_appearance": 116,
        "chapters": [
          116
        ],
        "characters": [
          "白魂",
          "投機份子（兩男一女）",
          "小男孩病者",
          "舌女",
          "艾匡",
          "敘事者（老師）",
          "老師",
          "滿天",
          "白鯨",
          "公仔",
          "三腦",
          "奎斯"
        ],
        "description": "「白鯨」率隊失蹤後，有人在寶康公園發現幾乎全隊病獵公會成員的殘骸。",
        "confidence": 0.9,
        "review_status": "reviewed",
        "source": "bing_gang",
        "inferred_from": "inf_loc_0380"
      }
    },
    {
      "type": "Feature",
      "geometry": {
        "type": "Point",
        "coordinates": [
          114.26536781872282,
          22.316946944380863
        ]
      },
      "properties": {
        "id": "loc_0381",
        "name": "新都城三期咖啡廳",
        "display_name": "新都城三期咖啡廳（參考位置）",
        "location_type": "district",
        "fictional": false,
        "location_precision": "approximate",
        "story_position": {
          "x": 0.692,
          "y": 0.37
        },
        "first_appearance": 118,
        "chapters": [
          118
        ],
        "characters": [],
        "description": "位於新都城三期、裝修格局通明但價格昂貴的咖啡廳，蛋糕一件需上三、四百艾幣，王達尼三人曾在此傾生意。",
        "confidence": 0.9,
        "review_status": "reviewed",
        "source": "bing_gang"
      }
    },
    {
      "type": "Feature",
      "geometry": {
        "type": "Point",
        "coordinates": [
          114.26348802929732,
          22.315439230945294
        ]
      },
      "properties": {
        "id": "loc_0382",
        "name": "新都城三期",
        "display_name": "新都城三期（參考位置）",
        "location_type": "district",
        "fictional": false,
        "location_precision": "approximate",
        "story_position": {
          "x": 0.689,
          "y": 0.366
        },
        "first_appearance": 118,
        "chapters": [
          118
        ],
        "characters": [
          "貴華"
        ],
        "description": "該咖啡廳所在的地區名稱。",
        "confidence": 0.9,
        "review_status": "reviewed",
        "source": "bing_gang"
      }
    },
    {
      "type": "Feature",
      "geometry": {
        "type": "Point",
        "coordinates": [
          114.262614,
          22.317318
        ]
      },
      "properties": {
        "id": "loc_0383",
        "name": "「詭區」貨品倉庫",
        "display_name": "「詭區」貨品倉庫（虛構）",
        "location_type": "fictional",
        "fictional": true,
        "location_precision": "fictional",
        "story_position": {
          "x": 0.471,
          "y": 0.376
        },
        "first_appearance": 118,
        "chapters": [
          118
        ],
        "characters": [
          "小老鼠寶拉"
        ],
        "description": "王達尼在「詭區」的倉庫中有專人負責規劃走私路線及風險，並在此把小老鼠寶拉介紹給敘事者。",
        "confidence": 0.9,
        "review_status": "reviewed",
        "source": "bing_gang",
        "position_source": "同章（[118]）嘅 4 個已解析地點質心附近（環形偏移，id hash 決定）"
      }
    },
    {
      "type": "Feature",
      "geometry": {
        "type": "Point",
        "coordinates": [
          114.25683515678645,
          22.32159661249714
        ]
      },
      "properties": {
        "id": "loc_0384",
        "name": "「哈姆雷特」雜貨鋪",
        "display_name": "「哈姆雷特」雜貨鋪（推斷位置）",
        "location_type": "district",
        "fictional": false,
        "location_precision": "approximate",
        "story_position": {
          "x": 0.172,
          "y": 0.682
        },
        "first_appearance": 118,
        "chapters": [
          118
        ],
        "characters": [
          "瓦安"
        ],
        "description": "位於新都城一期、掛著「哈姆雷特」霓虹燈招牌的雜貨鋪，乜都有得買，老闆是瓦安。",
        "confidence": 0.9,
        "review_status": "reviewed",
        "source": "bing_gang",
        "inferred_from": "inf_loc_0384"
      }
    },
    {
      "type": "Feature",
      "geometry": {
        "type": "Point",
        "coordinates": [
          114.25683515678645,
          22.32159661249714
        ]
      },
      "properties": {
        "id": "loc_0385",
        "name": "新都城一期",
        "display_name": "新都城一期（參考位置）",
        "location_type": "district",
        "fictional": false,
        "location_precision": "approximate",
        "story_position": {
          "x": 0.678,
          "y": 0.383
        },
        "first_appearance": 118,
        "chapters": [
          118
        ],
        "characters": [
          "瓦安"
        ],
        "description": "雜貨鋪「哈姆雷特」所在的地區名稱。",
        "confidence": 0.9,
        "review_status": "reviewed",
        "source": "bing_gang"
      }
    },
    {
      "type": "Feature",
      "geometry": {
        "type": "Point",
        "coordinates": [
          114.254636,
          22.319672
        ]
      },
      "properties": {
        "id": "loc_0386",
        "name": "詭區",
        "display_name": "詭區（虛構）",
        "location_type": "fictional",
        "fictional": true,
        "location_precision": "fictional",
        "story_position": {
          "x": 0.424,
          "y": 0.368
        },
        "first_appearance": 119,
        "chapters": [
          119
        ],
        "characters": [
          "小老鼠寶拉",
          "小老鼠",
          "雙腳殘廢嘅乞丐",
          "老闆",
          "五人拍攝團隊"
        ],
        "description": "王達尼在「詭區」設有貨品倉庫，倉庫中有專門規劃走私路線的專家寶拉，亦有通往倖存區外的地下渠道。",
        "confidence": 0.92,
        "review_status": "reviewed",
        "source": "bing_gang",
        "position_source": "同章（[119]）嘅 6 個已解析地點質心附近（環形偏移，id hash 決定）"
      }
    },
    {
      "type": "Feature",
      "geometry": {
        "type": "Point",
        "coordinates": [
          114.25683515678645,
          22.32159661249714
        ]
      },
      "properties": {
        "id": "loc_0387",
        "name": "哈姆雷特（雜貨鋪）",
        "display_name": "哈姆雷特（雜貨鋪）（推斷位置）",
        "location_type": "district",
        "fictional": false,
        "location_precision": "approximate",
        "story_position": {
          "x": 0.217,
          "y": 0.443
        },
        "first_appearance": 119,
        "chapters": [
          119
        ],
        "characters": [],
        "description": "位於新都城一期、招牌掛著「哈姆雷特」霓虹燈的雜貨鋪，由瓦安經營，暗中收藏幾十本違禁書籍。",
        "confidence": 0.93,
        "review_status": "reviewed",
        "source": "bing_gang",
        "inferred_from": "inf_loc_0387"
      }
    },
    {
      "type": "Feature",
      "geometry": {
        "type": "Point",
        "coordinates": [
          114.253375,
          22.30564
        ]
      },
      "properties": {
        "id": "loc_0388",
        "name": "翠林邨",
        "display_name": "翠林邨（推斷位置）",
        "location_type": "district",
        "fictional": false,
        "location_precision": "approximate",
        "story_position": {
          "x": 0.2,
          "y": 0.594
        },
        "first_appearance": 119,
        "chapters": [
          119
        ],
        "characters": [
          "瓦安",
          "王達尼",
          "三腦",
          "病者和平協會",
          "主角（第一身敘述者）",
          "胡子老闆",
          "南愚北賢",
          "敘事者（「我」）",
          "前任領導人（翠林邨）"
        ],
        "description": "瓦安委託主角送信的目的地，位於倖存區外西北方向，需行一段數十分鐘的上坡山路才能到達。",
        "confidence": 0.95,
        "review_status": "reviewed",
        "source": "bing_gang",
        "inferred_from": "inf_loc_0388"
      }
    },
    {
      "type": "Feature",
      "geometry": {
        "type": "Point",
        "coordinates": [
          114.253231,
          22.322133
        ]
      },
      "properties": {
        "id": "loc_0389",
        "name": "陶樂路",
        "display_name": "陶樂路（推斷位置）",
        "location_type": "landmark",
        "fictional": false,
        "location_precision": "exact",
        "story_position": {
          "x": 0.223,
          "y": 0.272
        },
        "first_appearance": 119,
        "chapters": [
          119
        ],
        "characters": [],
        "description": "主角與王達尼從地下渠道走出寶琳倖存區外的出口位置大約在陶樂路一帶。",
        "confidence": 0.9,
        "review_status": "reviewed",
        "source": "bing_gang",
        "inferred_from": "inf_loc_0389"
      }
    },
    {
      "type": "Feature",
      "geometry": {
        "type": "Point",
        "coordinates": [
          114.245,
          22.33
        ]
      },
      "properties": {
        "id": "loc_0390",
        "name": "寶琳北路",
        "display_name": "寶琳北路（參考位置）",
        "location_type": "district",
        "fictional": false,
        "location_precision": "district",
        "story_position": {
          "x": 0.658,
          "y": 0.405
        },
        "first_appearance": 119,
        "chapters": [
          119
        ],
        "characters": [],
        "description": "二人上山坡後走到寶琳北路，沿馬路前往翠林邨途中發現一部仍 有電的相機。",
        "confidence": 0.9,
        "review_status": "reviewed",
        "source": "bing_gang"
      }
    },
    {
      "type": "Feature",
      "geometry": {
        "type": "Point",
        "coordinates": [
          114.2415,
          22.3229
        ]
      },
      "properties": {
        "id": "loc_0391",
        "name": "木球會",
        "display_name": "木球會（推斷位置）",
        "location_type": "district",
        "fictional": false,
        "location_precision": "district",
        "story_position": {
          "x": 0.213,
          "y": 0.8
        },
        "first_appearance": 119,
        "chapters": [
          119
        ],
        "characters": [],
        "description": "寶琳倖存區內設有木球會，玩一次需要百幾艾幣。",
        "confidence": 0.85,
        "review_status": "reviewed",
        "source": "bing_gang",
        "inferred_from": "inf_loc_0391"
      }
    },
    {
      "type": "Feature",
      "geometry": {
        "type": "Point",
        "coordinates": [
          114.254985,
          22.316912
        ]
      },
      "properties": {
        "id": "loc_0392",
        "name": "大木閘",
        "display_name": "大木閘（虛構）",
        "location_type": "fictional",
        "fictional": true,
        "location_precision": "fictional",
        "story_position": {
          "x": 0.492,
          "y": 0.464
        },
        "first_appearance": 119,
        "chapters": [
          119
        ],
        "characters": [],
        "description": "倖存區入口是以木材搭建的大木閘，設有小哨塔觀察來訪者，守閘者確認身份後才開閘。",
        "confidence": 0.9,
        "review_status": "reviewed",
        "source": "bing_gang",
        "position_source": "同章（[119]）嘅 6 個已解析地點質心附近（環形偏移，id hash 決定）"
      }
    },
    {
      "type": "Feature",
      "geometry": {
        "type": "Point",
        "coordinates": [
          114.2645390249485,
          22.311870496681163
        ]
      },
      "properties": {
        "id": "loc_0393",
        "name": "商場二樓酒館",
        "display_name": "商場二樓酒館（參考位置）",
        "location_type": "district",
        "fictional": false,
        "location_precision": "approximate",
        "story_position": {
          "x": 0.691,
          "y": 0.356
        },
        "first_appearance": 119,
        "chapters": [
          119
        ],
        "characters": [],
        "description": "主角在倖存區內找到位於商場二樓、類似酒館的店子，二人入內向牛仔打扮的老闆點酒打探情報。",
        "confidence": 0.85,
        "review_status": "reviewed",
        "source": "bing_gang"
      }
    },
    {
      "type": "Feature",
      "geometry": {
        "type": "Point",
        "coordinates": [
          114.248681,
          22.324338
        ]
      },
      "properties": {
        "id": "loc_0394",
        "name": "康林樓",
        "display_name": "康林樓（推斷位置）",
        "location_type": "landmark",
        "fictional": false,
        "location_precision": "exact",
        "story_position": {
          "x": 0.48,
          "y": 0.428
        },
        "first_appearance": 120,
        "chapters": [
          120
        ],
        "characters": [
          "我（主角）",
          "雨川",
          "抽血醫生"
        ],
        "description": "主角到達康林樓，只見一群孔武有力的村民正站守在大堂外；此前三把怪聲亦曾提及康林樓的供應確認。",
        "confidence": 0.95,
        "review_status": "reviewed",
        "source": "bing_gang",
        "inferred_from": "inf_loc_0394"
      }
    },
    {
      "type": "Feature",
      "geometry": {
        "type": "Point",
        "coordinates": [
          114.248766,
          22.323416
        ]
      },
      "properties": {
        "id": "loc_0395",
        "name": "人類村莊",
        "display_name": "人類村莊（推斷位置）",
        "location_type": "district",
        "fictional": false,
        "location_precision": "approximate",
        "story_position": {
          "x": 0.578,
          "y": 0.288
        },
        "first_appearance": 120,
        "chapters": [
          120
        ],
        "characters": [],
        "description": "主角知道三隻病腦躲藏在人類村莊之中，認為這是一件很不合常理的事。",
        "confidence": 0.8,
        "review_status": "reviewed",
        "source": "bing_gang",
        "inferred_from": "inf_loc_0395"
      }
    },
    {
      "type": "Feature",
      "geometry": {
        "type": "Point",
        "coordinates": [
          114.248766,
          22.323416
        ]
      },
      "properties": {
        "id": "loc_0396",
        "name": "胡子老闆的酒館",
        "display_name": "胡子老闆的酒館（推斷位置）",
        "location_type": "district",
        "fictional": false,
        "location_precision": "approximate",
        "story_position": {
          "x": 0.512,
          "y": 0.401
        },
        "first_appearance": 122,
        "chapters": [
          122
        ],
        "characters": [],
        "description": "故事主要場景，位於商場二樓的酒吧，由胡子老闆經營，大戰中多處起火形成火海。",
        "confidence": 0.85,
        "review_status": "reviewed",
        "source": "bing_gang"
      }
    },
    {
      "type": "Feature",
      "geometry": {
        "type": "Point",
        "coordinates": [
          114.2729,
          22.3166
        ]
      },
      "properties": {
        "id": "loc_0397",
        "name": "希望塔",
        "display_name": "希望塔（推斷位置）",
        "location_type": "district",
        "fictional": false,
        "location_precision": "district",
        "story_position": {
          "x": 0.474,
          "y": 0.474
        },
        "first_appearance": 122,
        "chapters": [
          122
        ],
        "characters": [
          "北賢",
          "白鯨",
          "Nina",
          "病翼",
          "老師"
        ],
        "description": "位於坑口、白鯨所在的塔；北賢稱到該處可以更接近所有真相，但敘事者從未聽過這地方。",
        "confidence": 0.9,
        "review_status": "reviewed",
        "source": "bing_gang",
        "inferred_from": "inf_loc_0397"
      }
    },
    {
      "type": "Feature",
      "geometry": {
        "type": "Point",
        "coordinates": [
          114.24078761730374,
          22.31696225680934
        ]
      },
      "properties": {
        "id": "loc_0398",
        "name": "「寶琳柒拾」",
        "display_name": "「寶琳柒拾」（參考位置）",
        "location_type": "district",
        "fictional": false,
        "location_precision": "approximate",
        "story_position": {
          "x": 0.651,
          "y": 0.37
        },
        "first_appearance": 123,
        "chapters": [
          123
        ],
        "characters": [
          "寶琳柒拾老闆",
          "雨川",
          "老闆"
        ],
        "description": "主角付小錢讓「寶琳柒拾」的老闆暫時照顧雨川。",
        "confidence": 0.85,
        "review_status": "reviewed",
        "source": "bing_gang"
      }
    },
    {
      "type": "Feature",
      "geometry": {
        "type": "Point",
        "coordinates": [
          114.2729,
          22.3166
        ]
      },
      "properties": {
        "id": "loc_0399",
        "name": "病獵公會",
        "display_name": "病獵公會（推斷位置）",
        "location_type": "district",
        "fictional": false,
        "location_precision": "district",
        "story_position": {
          "x": 0.218,
          "y": 0.156
        },
        "first_appearance": 123,
        "chapters": [
          123
        ],
        "characters": [
          "王達尼",
          "白鯨",
          "黑鴉",
          "Nina",
          "奎斯",
          "賴桑",
          "病獵公會",
          "國王",
          "酒暗紅色皮褸男",
          "戴頭紗的女人（病獵公會管理人）",
          "老師",
          "白魂",
          "犬京",
          "Nosyag",
          "偉托",
          "肥寶",
          "梁振中",
          "阿斯",
          "瑜小六"
        ],
        "description": "主角翌日前往病獵公會，把有關坑口希望塔及白鯨未死的情報告知他們。",
        "confidence": 0.9,
        "review_status": "reviewed",
        "source": "bing_gang",
        "inferred_from": "inf_loc_0399"
      }
    },
    {
      "type": "Feature",
      "geometry": {
        "type": "Point",
        "coordinates": [
          114.262341,
          22.323217
        ]
      },
      "properties": {
        "id": "loc_0400",
        "name": "聖堂",
        "display_name": "聖堂（虛構）",
        "location_type": "fictional",
        "fictional": true,
        "location_precision": "fictional",
        "story_position": {
          "x": 0.568,
          "y": 0.426
        },
        "first_appearance": 123,
        "chapters": [
          123
        ],
        "characters": [
          "星宇",
          "白魂",
          "王達尼",
          "Nina",
          "賴桑",
          "奎斯",
          "犬京",
          "敘事者（鳥嘴兄）",
          "阿斯",
          "阿桑"
        ],
        "description": "病獵公會的聖堂神聖莊靜，主角在此向聖女Nina報告情報，並遇上病獵賴桑。",
        "confidence": 0.85,
        "review_status": "reviewed",
        "source": "bing_gang",
        "position_source": "同章（[123]）嘅 4 個已解析地點質心附近（環形偏移，id hash 決定）"
      }
    },
    {
      "type": "Feature",
      "geometry": {
        "type": "Point",
        "coordinates": [
          114.262382,
          22.322834
        ]
      },
      "properties": {
        "id": "loc_0401",
        "name": "「詭區」",
        "display_name": "「詭區」（虛構）",
        "location_type": "fictional",
        "fictional": true,
        "location_precision": "fictional",
        "story_position": {
          "x": 0.661,
          "y": 0.308
        },
        "first_appearance": 123,
        "chapters": [
          123
        ],
        "characters": [
          "小老鼠寶拉",
          "小老鼠",
          "雙腳殘廢嘅乞丐",
          "老闆"
        ],
        "description": "「詭區」終日陰森恐寒，是王達尼的根據地，內設其倉庫，主角中午到訪找他。",
        "confidence": 0.85,
        "review_status": "reviewed",
        "source": "bing_gang",
        "position_source": "同章（[123]）嘅 4 個已解析地點質心附近（環形偏移，id hash 決定）"
      }
    },
    {
      "type": "Feature",
      "geometry": {
        "type": "Point",
        "coordinates": [
          114.2729,
          22.3166
        ]
      },
      "properties": {
        "id": "loc_0402",
        "name": "「希望塔」",
        "display_name": "「希望塔」（推斷位置）",
        "location_type": "district",
        "fictional": false,
        "location_precision": "district",
        "story_position": {
          "x": 0.656,
          "y": 0.747
        },
        "first_appearance": 123,
        "chapters": [
          123
        ],
        "characters": [
          "病翼"
        ],
        "description": "位於坑口的建築，區內被抓走的孩童都被帶到那裡。",
        "confidence": 0.85,
        "review_status": "reviewed",
        "source": "bing_gang",
        "inferred_from": "inf_loc_0402"
      }
    },
    {
      "type": "Feature",
      "geometry": {
        "type": "Point",
        "coordinates": [
          114.2714500343328,
          22.332943099107347
        ]
      },
      "properties": {
        "id": "loc_0403",
        "name": "將軍澳村",
        "display_name": "將軍澳村（參考位置）",
        "location_type": "district",
        "fictional": false,
        "location_precision": "approximate",
        "story_position": {
          "x": 0.702,
          "y": 0.413
        },
        "first_appearance": 123,
        "chapters": [
          123
        ],
        "characters": [],
        "description": "黑鼠商團出發往將軍澳村的商隊遇襲；該處是一排村屋、近山專出產木材，倖存區以木板密密圍封。",
        "confidence": 0.9,
        "review_status": "reviewed",
        "source": "bing_gang"
      }
    },
    {
      "type": "Feature",
      "geometry": {
        "type": "Point",
        "coordinates": [
          114.2415,
          22.3229
        ]
      },
      "properties": {
        "id": "loc_0404",
        "name": "小型倖存區",
        "display_name": "小型倖存區（推斷位置）",
        "location_type": "district",
        "fictional": false,
        "location_precision": "district",
        "story_position": {
          "x": 0.161,
          "y": 0.457
        },
        "first_appearance": 124,
        "chapters": [
          124
        ],
        "characters": [
          "銘凱"
        ],
        "description": "故事場景之一是一個鄰近寶琳、四周被樹林包圍的小型倖存區，居民專注於木材加工工作。",
        "confidence": 0.9,
        "review_status": "reviewed",
        "source": "bing_gang",
        "inferred_from": "inf_loc_0404",
        "zone_ids": [
          "zone_20fd1651fa"
        ]
      }
    },
    {
      "type": "Feature",
      "geometry": {
        "type": "Point",
        "coordinates": [
          114.247358,
          22.320327
        ]
      },
      "properties": {
        "id": "loc_0405",
        "name": "漢木老伯的村屋",
        "display_name": "漢木老伯的村屋（虛構）",
        "location_type": "fictional",
        "fictional": true,
        "location_precision": "fictional",
        "story_position": {
          "x": 0.542,
          "y": 0.759
        },
        "first_appearance": 124,
        "chapters": [
          124
        ],
        "characters": [],
        "description": "木匠漢木老伯的家是一幢三層高村屋，外牆佈滿植披，第三層門口被木板封住，內藏木製火車模型收藏。",
        "confidence": 0.95,
        "review_status": "reviewed",
        "source": "bing_gang",
        "position_source": "同章（[124]）嘅 2 個已解析地點質心附近（環形偏移，id hash 決定）"
      }
    },
    {
      "type": "Feature",
      "geometry": {
        "type": "Point",
        "coordinates": [
          114.248766,
          22.323416
        ]
      },
      "properties": {
        "id": "loc_0406",
        "name": "村長的家",
        "display_name": "村長的家（推斷位置）",
        "location_type": "district",
        "fictional": false,
        "location_precision": "approximate",
        "story_position": {
          "x": 0.206,
          "y": 0.615
        },
        "first_appearance": 124,
        "chapters": [
          124
        ],
        "characters": [],
        "description": "王達尼在村長家中埋伏等待他回來，之後二人將回村的村長制服並綁在椅子上盤問。",
        "confidence": 0.9,
        "review_status": "reviewed",
        "source": "bing_gang"
      }
    },
    {
      "type": "Feature",
      "geometry": {
        "type": "Point",
        "coordinates": [
          114.257072,
          22.307098
        ]
      },
      "properties": {
        "id": "loc_0407",
        "name": "倖存區南門",
        "display_name": "倖存區南門（虛構）",
        "location_type": "fictional",
        "fictional": true,
        "location_precision": "fictional",
        "story_position": {
          "x": 0.218,
          "y": 0.54
        },
        "first_appearance": 125,
        "chapters": [
          125
        ],
        "characters": [],
        "description": "六隻大耳病者從南面爬入倖存區，村民在南門一帶集合迎擊。",
        "confidence": 0.85,
        "review_status": "reviewed",
        "source": "bing_gang",
        "position_source": "冇同章（區內）錨點，用故事主場景（將軍澳校園一帶）"
      }
    },
    {
      "type": "Feature",
      "geometry": {
        "type": "Point",
        "coordinates": [
          114.251494,
          22.305704
        ]
      },
      "properties": {
        "id": "loc_0408",
        "name": "死巷",
        "display_name": "死巷（虛構）",
        "location_type": "fictional",
        "fictional": true,
        "location_precision": "fictional",
        "story_position": {
          "x": 0.475,
          "y": 0.757
        },
        "first_appearance": 125,
        "chapters": [
          125
        ],
        "characters": [],
        "description": "被大耳追趕的男童逃入一個轉角的死巷，最終在巷內遇害。",
        "confidence": 0.85,
        "review_status": "reviewed",
        "source": "bing_gang",
        "position_source": "冇同章（區內）錨點，用故事主場景（將軍澳校園一帶）"
      }
    },
    {
      "type": "Feature",
      "geometry": {
        "type": "Point",
        "coordinates": [
          114.254827,
          22.323923
        ]
      },
      "properties": {
        "id": "loc_0409",
        "name": "松木村",
        "display_name": "松木村（虛構）",
        "location_type": "fictional",
        "fictional": true,
        "location_precision": "fictional",
        "story_position": {
          "x": 0.157,
          "y": 0.425
        },
        "first_appearance": 126,
        "chapters": [
          126
        ],
        "characters": [
          "村長",
          "賴桑"
        ],
        "description": "主角一行人停留的倖存區，入口維修牌上刻有「松木村」三字。",
        "confidence": 0.95,
        "review_status": "reviewed",
        "source": "bing_gang",
        "position_source": "同章（[126]）嘅 2 個已解析地點質心附近（環形偏移，id hash 決定）"
      }
    },
    {
      "type": "Feature",
      "geometry": {
        "type": "Point",
        "coordinates": [
          114.256569,
          22.318242
        ]
      },
      "properties": {
        "id": "loc_0410",
        "name": "靈實協會禮拜堂",
        "display_name": "靈實協會禮拜堂（虛構）",
        "location_type": "fictional",
        "fictional": true,
        "location_precision": "fictional",
        "story_position": {
          "x": 0.77,
          "y": 0.786
        },
        "first_appearance": 126,
        "chapters": [
          126
        ],
        "characters": [],
        "description": "主角三人此行的目的地，村長曾到此接受「恩賜」，其對門被鐵鏈鎖上。",
        "confidence": 0.95,
        "review_status": "reviewed",
        "source": "bing_gang",
        "position_source": "同章（[126]）嘅 2 個已解析地點質心附近（環形偏移，id hash 決定）"
      }
    },
    {
      "type": "Feature",
      "geometry": {
        "type": "Point",
        "coordinates": [
          114.257841,
          22.315475
        ]
      },
      "properties": {
        "id": "loc_0411",
        "name": "靈康路",
        "display_name": "靈康路（推斷位置）",
        "location_type": "landmark",
        "fictional": false,
        "location_precision": "exact",
        "story_position": {
          "x": 0.394,
          "y": 0.18
        },
        "first_appearance": 126,
        "chapters": [
          126
        ],
        "characters": [],
        "description": "通往靈實協會禮拜堂的彎路，途中草叢藏有斷腳舌女，三人亦在此遇上病者襲擊。",
        "confidence": 0.7,
        "review_status": "reviewed",
        "source": "bing_gang",
        "inferred_from": "inf_loc_0411"
      }
    },
    {
      "type": "Feature",
      "geometry": {
        "type": "Point",
        "coordinates": [
          114.253033,
          22.325113
        ]
      },
      "properties": {
        "id": "loc_0412",
        "name": "寶翠公園",
        "display_name": "寶翠公園（推斷位置）",
        "location_type": "landmark",
        "fictional": false,
        "location_precision": "exact",
        "story_position": {
          "x": 0.683,
          "y": 0.367
        },
        "first_appearance": 126,
        "chapters": [
          126
        ],
        "characters": [],
        "description": "奎斯提醒可能途經之處，該處特別多病童出沒。",
        "confidence": 0.9,
        "review_status": "reviewed",
        "source": "bing_gang",
        "inferred_from": "inf_loc_0412"
      }
    },
    {
      "type": "Feature",
      "geometry": {
        "type": "Point",
        "coordinates": [
          114.253578,
          22.318922
        ]
      },
      "properties": {
        "id": "loc_0413",
        "name": "木社旅館",
        "display_name": "木社旅館（虛構）",
        "location_type": "fictional",
        "fictional": true,
        "location_precision": "fictional",
        "story_position": {
          "x": 0.515,
          "y": 0.313
        },
        "first_appearance": 126,
        "chapters": [
          126
        ],
        "characters": [],
        "description": "主角在松木村住宿的旅館，他在該處整理長髮後出發。",
        "confidence": 0.9,
        "review_status": "reviewed",
        "source": "bing_gang",
        "position_source": "同章（[126]）嘅 2 個已解析地點質心附近（環形偏移，id hash 決定）"
      }
    },
    {
      "type": "Feature",
      "geometry": {
        "type": "Point",
        "coordinates": [
          114.252697,
          22.322732
        ]
      },
      "properties": {
        "id": "loc_0414",
        "name": "漢木老伯的家",
        "display_name": "漢木老伯的家（虛構）",
        "location_type": "fictional",
        "fictional": true,
        "location_precision": "fictional",
        "story_position": {
          "x": 0.508,
          "y": 0.738
        },
        "first_appearance": 126,
        "chapters": [
          126
        ],
        "characters": [],
        "description": "漢木老伯的住所，其三樓密封，被用作收藏被綁的村長。",
        "confidence": 0.9,
        "review_status": "reviewed",
        "source": "bing_gang",
        "position_source": "同章（[126]）嘅 2 個已解析地點質心附近（環形偏移，id hash 決定）"
      }
    },
    {
      "type": "Feature",
      "geometry": {
        "type": "Point",
        "coordinates": [
          114.256309,
          22.322126
        ]
      },
      "properties": {
        "id": "loc_0415",
        "name": "寧養院（病者平權組織根據地）",
        "display_name": "寧養院（病者平權組織根據地）（虛構）",
        "location_type": "fictional",
        "fictional": true,
        "location_precision": "fictional",
        "story_position": {
          "x": 0.247,
          "y": 0.454
        },
        "first_appearance": 126,
        "chapters": [
          126
        ],
        "characters": [],
        "description": "位於基督教靈實協會教堂附近的寧養院建築群，現為病者平權組織餘黨活動的根據地。",
        "confidence": 0.85,
        "review_status": "reviewed",
        "source": "bing_gang",
        "zone_ids": [
          "zone_16e69575c5"
        ],
        "position_source": "同章（[126]）嘅 2 個已解析地點質心附近（環形偏移，id hash 決定）"
      }
    },
    {
      "type": "Feature",
      "geometry": {
        "type": "Point",
        "coordinates": [
          114.252659,
          22.318177
        ]
      },
      "properties": {
        "id": "loc_0416",
        "name": "寧養院",
        "display_name": "寧養院（虛構）",
        "location_type": "fictional",
        "fictional": true,
        "location_precision": "fictional",
        "story_position": {
          "x": 0.61,
          "y": 0.381
        },
        "first_appearance": 126,
        "chapters": [
          126
        ],
        "characters": [
          "王達尼",
          "奎斯",
          "白衣教徒",
          "黑鼠",
          "犬京"
        ],
        "description": "王達尼一行人埋伏觀察的目標建築，內有病者平權組織的白衣教徒活動，設有可潛入的後門。",
        "confidence": 0.95,
        "review_status": "reviewed",
        "source": "bing_gang",
        "position_source": "同章（[126]）嘅 2 個已解析地點質心附近（環形偏移，id hash 決定）"
      }
    },
    {
      "type": "Feature",
      "geometry": {
        "type": "Point",
        "coordinates": [
          114.254758,
          22.303792
        ]
      },
      "properties": {
        "id": "loc_0417",
        "name": "靈實教堂",
        "display_name": "靈實教堂（虛構）",
        "location_type": "fictional",
        "fictional": true,
        "location_precision": "fictional",
        "story_position": {
          "x": 0.479,
          "y": 0.169
        },
        "first_appearance": 127,
        "chapters": [
          127
        ],
        "characters": [],
        "description": "主角與奎斯戰敗後被五花大綁帶到靈實教堂之內，德蘭教主其後在此單獨會見二人。",
        "confidence": 0.85,
        "review_status": "reviewed",
        "source": "bing_gang",
        "position_source": "冇同章（區內）錨點，用故事主場景（將軍澳校園一帶）"
      }
    },
    {
      "type": "Feature",
      "geometry": {
        "type": "Point",
        "coordinates": [
          114.276823,
          22.314336
        ]
      },
      "properties": {
        "id": "loc_0418",
        "name": "教堂地下室（病童樂園）",
        "display_name": "教堂地下室（病童樂園）（虛構）",
        "location_type": "fictional",
        "fictional": true,
        "location_precision": "fictional",
        "story_position": {
          "x": 0.489,
          "y": 0.606
        },
        "first_appearance": 128,
        "chapters": [
          128
        ],
        "characters": [],
        "description": "教堂下方有一道以十字架鎖匙開啟的隱密地下室，內裡如樂園般放滿玩具，數十名病童在內遊玩。",
        "confidence": 0.95,
        "review_status": "reviewed",
        "source": "bing_gang",
        "position_source": "同章（[128]）嘅 1 個已解析地點質心附近（環形偏移，id hash 決定）"
      }
    },
    {
      "type": "Feature",
      "geometry": {
        "type": "Point",
        "coordinates": [
          114.2778020828565,
          22.31276305790799
        ]
      },
      "properties": {
        "id": "loc_0419",
        "name": "病者之都（坑口）",
        "display_name": "病者之都（坑口）（參考位置）",
        "location_type": "district",
        "fictional": false,
        "location_precision": "approximate",
        "story_position": {
          "x": 0.713,
          "y": 0.359
        },
        "first_appearance": 128,
        "chapters": [
          128
        ],
        "characters": [],
        "description": "「病者之都」位於坑口，幾乎有入無出，比病者平權組織更危險，是主角計劃在摧毀組織後與奎斯同行的目的地。",
        "confidence": 0.85,
        "review_status": "reviewed",
        "source": "bing_gang"
      }
    },
    {
      "type": "Feature",
      "geometry": {
        "type": "Point",
        "coordinates": [
          114.275464,
          22.310169
        ]
      },
      "properties": {
        "id": "loc_0420",
        "name": "松木村倖存區",
        "display_name": "松木村倖存區（虛構）",
        "location_type": "fictional",
        "fictional": true,
        "location_precision": "fictional",
        "story_position": {
          "x": 0.732,
          "y": 0.348
        },
        "first_appearance": 128,
        "chapters": [
          128
        ],
        "characters": [],
        "description": "松木村倖存區曾贈送軟木耳塞給主角二人，讓他們能抵擋病童的歌聲。",
        "confidence": 0.85,
        "review_status": "reviewed",
        "source": "bing_gang",
        "zone_ids": [
          "zone_224ba8debd"
        ],
        "position_source": "同章（[128]）嘅 1 個已解析地點質心附近（環形偏移，id hash 決定）"
      }
    },
    {
      "type": "Feature",
      "geometry": {
        "type": "Point",
        "coordinates": [
          114.251605,
          22.306112
        ]
      },
      "properties": {
        "id": "loc_0421",
        "name": "教堂地下室",
        "display_name": "教堂地下室（虛構）",
        "location_type": "fictional",
        "fictional": true,
        "location_precision": "fictional",
        "story_position": {
          "x": 0.72,
          "y": 0.248
        },
        "first_appearance": 129,
        "chapters": [
          129
        ],
        "characters": [
          "黑鴉"
        ],
        "description": "寧養院頂層的遊樂園式佈置與主角一行剛經過的教堂地下室幾乎一樣，只是面積比較大。",
        "confidence": 0.82,
        "review_status": "reviewed",
        "source": "bing_gang",
        "position_source": "冇同章（區內）錨點，用故事主場景（將軍澳校園一帶）"
      }
    },
    {
      "type": "Feature",
      "geometry": {
        "type": "Point",
        "coordinates": [
          114.255211,
          22.303316
        ]
      },
      "properties": {
        "id": "loc_0422",
        "name": "寶藏房",
        "display_name": "寶藏房（虛構）",
        "location_type": "fictional",
        "fictional": true,
        "location_precision": "fictional",
        "story_position": {
          "x": 0.172,
          "y": 0.592
        },
        "first_appearance": 129,
        "chapters": [
          129
        ],
        "characters": [
          "奎斯",
          "王達尼"
        ],
        "description": "主角誤入一道貼住寶箱圖案的門，房內看似堆滿金銀珠寶，實為幻覺；真相揭穿後珠寶變成一塊塊石頭，房間死氣沉沉。",
        "confidence": 0.9,
        "review_status": "reviewed",
        "source": "bing_gang",
        "position_source": "冇同章（區內）錨點，用故事主場景（將軍澳校園一帶）"
      }
    },
    {
      "type": "Feature",
      "geometry": {
        "type": "Point",
        "coordinates": [
          114.251973,
          22.308484
        ]
      },
      "properties": {
        "id": "loc_0423",
        "name": "教堂後台",
        "display_name": "教堂後台（虛構）",
        "location_type": "fictional",
        "fictional": true,
        "location_precision": "fictional",
        "story_position": {
          "x": 0.265,
          "y": 0.648
        },
        "first_appearance": 130,
        "chapters": [
          130
        ],
        "characters": [],
        "description": "犬京到教堂後台拿喇叭，前來救援被困幻覺中的敘事者等人。",
        "confidence": 0.85,
        "review_status": "reviewed",
        "source": "bing_gang",
        "position_source": "冇同章（區內）錨點，用故事主場景（將軍澳校園一帶）"
      }
    },
    {
      "type": "Feature",
      "geometry": {
        "type": "Point",
        "coordinates": [
          114.254034,
          22.30786
        ]
      },
      "properties": {
        "id": "loc_0424",
        "name": "走廊",
        "display_name": "走廊（虛構）",
        "location_type": "fictional",
        "fictional": true,
        "location_precision": "fictional",
        "story_position": {
          "x": 0.48,
          "y": 0.468
        },
        "first_appearance": 130,
        "chapters": [
          130
        ],
        "characters": [
          "馬姑娘",
          "公仔",
          "瑜小六",
          "大舊",
          "Dr.D",
          "竊屍賊",
          "平子小姐",
          "主角「我」"
        ],
        "description": "犬京出到走廊時遇上奎斯；王達尼亦曾在走廊殺死幾隻想殺他的「大眼」。",
        "confidence": 0.85,
        "review_status": "reviewed",
        "source": "bing_gang",
        "position_source": "冇同章（區內）錨點，用故事主場景（將軍澳校園一帶）"
      }
    },
    {
      "type": "Feature",
      "geometry": {
        "type": "Point",
        "coordinates": [
          114.25343,
          22.30581
        ]
      },
      "properties": {
        "id": "loc_0425",
        "name": "學校（幻覺場景）",
        "display_name": "學校（幻覺場景）（推斷位置）",
        "location_type": "district",
        "fictional": false,
        "location_precision": "approximate",
        "story_position": {
          "x": 0.683,
          "y": 0.384
        },
        "first_appearance": 131,
        "chapters": [
          131
        ],
        "characters": [],
        "description": "男病童引發的幻覺將四周變成主角最討厭的學校，重現他小學至中學被欺凌、在天台逃避痛苦的回憶。",
        "confidence": 0.75,
        "review_status": "reviewed",
        "source": "bing_gang",
        "inferred_from": "inf_loc_0425"
      }
    },
    {
      "type": "Feature",
      "geometry": {
        "type": "Point",
        "coordinates": [
          114.260144,
          22.30637
        ]
      },
      "properties": {
        "id": "loc_0426",
        "name": "男病童的「家」（貢品房）",
        "display_name": "男病童的「家」（貢品房）（虛構）",
        "location_type": "fictional",
        "fictional": true,
        "location_precision": "fictional",
        "story_position": {
          "x": 0.709,
          "y": 0.751
        },
        "first_appearance": 131,
        "chapters": [
          131
        ],
        "characters": [],
        "description": "位於寧養院內、前身疑為大型休息房的空間，存放大量貢品，眾人到達時男病童已不在，王達尼在此尋回寶石袋。",
        "confidence": 0.75,
        "review_status": "reviewed",
        "source": "bing_gang",
        "position_source": "同章（[131]）嘅 2 個已解析地點質心附近（環形偏移，id hash 決定）"
      }
    },
    {
      "type": "Feature",
      "geometry": {
        "type": "Point",
        "coordinates": [
          114.263589,
          22.311935
        ]
      },
      "properties": {
        "id": "loc_0427",
        "name": "研究室",
        "display_name": "研究室（虛構）",
        "location_type": "fictional",
        "fictional": true,
        "location_precision": "fictional",
        "story_position": {
          "x": 0.586,
          "y": 0.199
        },
        "first_appearance": 131,
        "chapters": [
          131
        ],
        "characters": [
          "Dr.D",
          "滿天",
          "大BOSS",
          "敘事者（老師）",
          "南愚北賢",
          "王達尼"
        ],
        "description": "滿天進入研究室，走到用精密儀器研究男病童腦部嘅大BOSS身邊。",
        "confidence": 0.9,
        "review_status": "reviewed",
        "source": "bing_gang",
        "position_source": "同章（[131]）嘅 2 個已解析地點質心附近（環形偏移，id hash 決定）"
      }
    },
    {
      "type": "Feature",
      "geometry": {
        "type": "Point",
        "coordinates": [
          114.27027100022889,
          22.313222064545663
        ]
      },
      "properties": {
        "id": "loc_0428",
        "name": "公立醫院（政府醫院）",
        "display_name": "公立醫院（政府醫院）（參考位置）",
        "location_type": "district",
        "fictional": false,
        "location_precision": "approximate",
        "story_position": {
          "x": 0.7,
          "y": 0.36
        },
        "first_appearance": 131,
        "chapters": [
          131
        ],
        "characters": [],
        "description": "大BOSS話腦波測量分析應該只有政府醫院先有儀器做到，滿天打算遲早去公立醫院搵腦波測量機等相關儀器返嚟。",
        "confidence": 0.85,
        "review_status": "reviewed",
        "source": "bing_gang"
      }
    },
    {
      "type": "Feature",
      "geometry": {
        "type": "Point",
        "coordinates": [
          114.2587594415198,
          22.31635843442435
        ]
      },
      "properties": {
        "id": "loc_0429",
        "name": "新都城一期商場",
        "display_name": "新都城一期商場（參考位置）",
        "location_type": "district",
        "fictional": false,
        "location_precision": "approximate",
        "story_position": {
          "x": 0.681,
          "y": 0.369
        },
        "first_appearance": 110,
        "chapters": [
          110
        ],
        "characters": [],
        "description": "主角等人離開寶康公園後前往新都城一期商場，發現該商場已被人用鐵板圍封。",
        "confidence": 0.9,
        "review_status": "reviewed",
        "source": "bing_gang"
      }
    },
    {
      "type": "Feature",
      "geometry": {
        "type": "Point",
        "coordinates": [
          114.2415,
          22.3229
        ]
      },
      "properties": {
        "id": "loc_0430",
        "name": "邱子文學院",
        "display_name": "邱子文學院（推斷位置）",
        "location_type": "district",
        "fictional": false,
        "location_precision": "district",
        "story_position": {
          "x": 0.605,
          "y": 0.601
        },
        "first_appearance": 110,
        "chapters": [
          110
        ],
        "characters": [],
        "description": "主角等人沿通往邱子文學院的大直路逃跑，寶琳倖存區守衛追兵因不敢靠近附近的寶康公園而停下，眾人得以甩掉追兵。",
        "confidence": 0.88,
        "review_status": "reviewed",
        "source": "bing_gang",
        "inferred_from": "inf_loc_0430"
      }
    },
    {
      "type": "Feature",
      "geometry": {
        "type": "Point",
        "coordinates": [
          114.26485282673382,
          22.330596658274203
        ]
      },
      "properties": {
        "id": "loc_0431",
        "name": "病獵公會山邊聖堂",
        "display_name": "病獵公會山邊聖堂（參考位置）",
        "location_type": "district",
        "fictional": false,
        "location_precision": "approximate",
        "story_position": {
          "x": 0.691,
          "y": 0.407
        },
        "first_appearance": 110,
        "chapters": [
          110
        ],
        "characters": [],
        "description": "據星宇向艾匡所述，寶琳倖存區山邊有一座宏偉聖堂，是「病獵公會」的根據地。",
        "confidence": 0.85,
        "review_status": "reviewed",
        "source": "bing_gang"
      }
    },
    {
      "type": "Feature",
      "geometry": {
        "type": "Point",
        "coordinates": [
          114.252698,
          22.323487
        ]
      },
      "properties": {
        "id": "loc_0432",
        "name": "皇宮（艾匡居所）",
        "display_name": "皇宮（艾匡居所）（虛構）",
        "location_type": "fictional",
        "fictional": true,
        "location_precision": "fictional",
        "story_position": {
          "x": 0.418,
          "y": 0.637
        },
        "first_appearance": 110,
        "chapters": [
          110
        ],
        "characters": [],
        "description": "艾匡的家被稱為「皇宮」，她一直被父親保護留在此處，除最貼身的皇室人員外無人見過她的真樣；她也是在此處被病者平權組織綁架走。",
        "confidence": 0.78,
        "review_status": "reviewed",
        "source": "bing_gang",
        "position_source": "同章（[110]）嘅 3 個已解析地點質心附近（環形偏移，id hash 決定）"
      }
    },
    {
      "type": "Feature",
      "geometry": {
        "type": "Point",
        "coordinates": [
          114.245171,
          22.32129
        ]
      },
      "properties": {
        "id": "loc_0433",
        "name": "製毒工場",
        "display_name": "製毒工場（虛構）",
        "location_type": "fictional",
        "fictional": true,
        "location_precision": "fictional",
        "story_position": {
          "x": 0.46,
          "y": 0.344
        },
        "first_appearance": 132,
        "chapters": [
          132
        ],
        "characters": [
          "大佬傑"
        ],
        "description": "位於慧安園一帶、前身為餐廳的地鋪實為製毒工場，內放有造酒箱作掩飾及白粉製作檯。",
        "confidence": 0.8,
        "review_status": "reviewed",
        "source": "bing_gang",
        "position_source": "同章（[132]）嘅 5 個已解析地點質心附近（環形偏移，id hash 決定）"
      }
    },
    {
      "type": "Feature",
      "geometry": {
        "type": "Point",
        "coordinates": [
          114.265459,
          22.310786
        ]
      },
      "properties": {
        "id": "loc_0434",
        "name": "區內街道（圍觀現場）",
        "display_name": "區內街道（圍觀現場）（虛構）",
        "location_type": "fictional",
        "fictional": true,
        "location_precision": "fictional",
        "story_position": {
          "x": 0.299,
          "y": 0.154
        },
        "first_appearance": 133,
        "chapters": [
          133
        ],
        "characters": [],
        "description": "主角與男人在區內街道上交手，平民紛紛站在遠處圍觀，令情況比想像中麻煩。",
        "confidence": 0.8,
        "review_status": "reviewed",
        "source": "bing_gang",
        "position_source": "同章（[133]）嘅 1 個已解析地點質心附近（環形偏移，id hash 決定）"
      }
    },
    {
      "type": "Feature",
      "geometry": {
        "type": "Point",
        "coordinates": [
          114.23660798809796,
          22.32697296864271
        ]
      },
      "properties": {
        "id": "loc_0435",
        "name": "艾寶琳倖存區",
        "display_name": "艾寶琳倖存區（參考位置）",
        "location_type": "district",
        "fictional": false,
        "location_precision": "approximate",
        "story_position": {
          "x": 0.644,
          "y": 0.397
        },
        "first_appearance": 135,
        "chapters": [
          135
        ],
        "characters": [
          "艾匡公主",
          "瓦安",
          "賴桑",
          "老太婆",
          "阿禮",
          "國王",
          "白鯨",
          "師傅（敘述者本人）",
          "奎斯",
          "滿天",
          "王達尼",
          "白魂",
          "艾匡",
          "貴華",
          "病翼",
          "瑜小六"
        ],
        "description": "故事舞台艾寶琳倖存區由艾氏皇室統領，將病者與人類如怪物般隔絕，其和平正面臨「病者和平協會」策劃的謀殺與騷擾威脅。",
        "confidence": 0.93,
        "review_status": "reviewed",
        "source": "bing_gang",
        "zone_ids": [
          "zone_66d5fbd6c1"
        ]
      }
    },
    {
      "type": "Feature",
      "geometry": {
        "type": "Point",
        "coordinates": [
          114.234031,
          22.325864
        ]
      },
      "properties": {
        "id": "loc_0436",
        "name": "皇宮上蓋空地",
        "display_name": "皇宮上蓋空地（虛構）",
        "location_type": "fictional",
        "fictional": true,
        "location_precision": "fictional",
        "story_position": {
          "x": 0.761,
          "y": 0.807
        },
        "first_appearance": 135,
        "chapters": [
          135
        ],
        "characters": [],
        "description": "宴會結束後，阿禮在皇宮上蓋空地外與等候交易回報的貴華碰面相認。",
        "confidence": 0.88,
        "review_status": "reviewed",
        "source": "bing_gang",
        "position_source": "同章（[135]）嘅 1 個已解析地點質心附近（環形偏移，id hash 決定）"
      }
    },
    {
      "type": "Feature",
      "geometry": {
        "type": "Point",
        "coordinates": [
          114.236801,
          22.330179
        ]
      },
      "properties": {
        "id": "loc_0437",
        "name": "皇室區",
        "display_name": "皇室區（虛構）",
        "location_type": "fictional",
        "fictional": true,
        "location_precision": "fictional",
        "story_position": {
          "x": 0.838,
          "y": 0.467
        },
        "first_appearance": 135,
        "chapters": [
          135
        ],
        "characters": [
          "貴華",
          "Angel",
          "賴桑",
          "奎斯",
          "王達尼"
        ],
        "description": "貴華提議帶阿禮去皇室區一間好好食的甜品鋪，其後正式帶她離開皇室區出到外頭龍蛇混雜的世界。",
        "confidence": 0.87,
        "review_status": "reviewed",
        "source": "bing_gang",
        "position_source": "同章（[135]）嘅 1 個已解析地點質心附近（環形偏移，id hash 決定）"
      }
    },
    {
      "type": "Feature",
      "geometry": {
        "type": "Point",
        "coordinates": [
          114.239599,
          22.328025
        ]
      },
      "properties": {
        "id": "loc_0438",
        "name": "貧民街",
        "display_name": "貧民街（虛構）",
        "location_type": "fictional",
        "fictional": true,
        "location_precision": "fictional",
        "story_position": {
          "x": 0.583,
          "y": 0.79
        },
        "first_appearance": 135,
        "chapters": [
          135
        ],
        "characters": [],
        "description": "貴華提議帶阿禮去貧民街，指那裡夜晚有很多亡命表演可看。",
        "confidence": 0.85,
        "review_status": "reviewed",
        "source": "bing_gang",
        "position_source": "同章（[135]）嘅 1 個已解析地點質心附近（環形偏移，id hash 決定）"
      }
    },
    {
      "type": "Feature",
      "geometry": {
        "type": "Point",
        "coordinates": [
          114.234402,
          22.32387
        ]
      },
      "properties": {
        "id": "loc_0439",
        "name": "醫療病房",
        "display_name": "醫療病房（虛構）",
        "location_type": "fictional",
        "fictional": true,
        "location_precision": "fictional",
        "story_position": {
          "x": 0.199,
          "y": 0.816
        },
        "first_appearance": 135,
        "chapters": [
          135
        ],
        "characters": [],
        "description": "白魂與賴桑因同為箭傷被安排睡在同一間醫療病房，初步移除箭枝後滿天與艾匡公主入內探望。",
        "confidence": 0.9,
        "review_status": "reviewed",
        "source": "bing_gang",
        "position_source": "同章（[135]）嘅 1 個已解析地點質心附近（環形偏移，id hash 決定）"
      }
    },
    {
      "type": "Feature",
      "geometry": {
        "type": "Point",
        "coordinates": [
          114.25233,
          22.302482
        ]
      },
      "properties": {
        "id": "loc_0440",
        "name": "順德聯誼總會梁潔華小學",
        "display_name": "順德聯誼總會梁潔華小學（虛構）",
        "location_type": "fictional",
        "fictional": true,
        "location_precision": "fictional",
        "story_position": {
          "x": 0.587,
          "y": 0.413
        },
        "first_appearance": 136,
        "chapters": [
          136
        ],
        "characters": [],
        "description": "賴桑以「順德聯誼總會梁潔華小學」作地標，指出「詭區」距離該校約五、六分鐘路程。",
        "confidence": 0.75,
        "review_status": "reviewed",
        "source": "bing_gang",
        "position_source": "冇同章（區內）錨點，用故事主場景（將軍澳校園一帶）"
      }
    },
    {
      "type": "Feature",
      "geometry": {
        "type": "Point",
        "coordinates": [
          114.254549,
          22.308056
        ]
      },
      "properties": {
        "id": "loc_0441",
        "name": "人皮工房",
        "display_name": "人皮工房（虛構）",
        "location_type": "fictional",
        "fictional": true,
        "location_precision": "fictional",
        "story_position": {
          "x": 0.635,
          "y": 0.337
        },
        "first_appearance": 136,
        "chapters": [
          136
        ],
        "characters": [],
        "description": "位於「詭區」倉庫樓上一層的人皮工房，掛滿被加工成皮製物品的人類皮膚，並散發血腥味，其老闆將小老鼠久未領取的人皮手袋交給滿天。",
        "confidence": 0.9,
        "review_status": "reviewed",
        "source": "bing_gang",
        "position_source": "冇同章（區內）錨點，用故事主場景（將軍澳校園一帶）"
      }
    },
    {
      "type": "Feature",
      "geometry": {
        "type": "Point",
        "coordinates": [
          114.254284,
          22.307391
        ]
      },
      "properties": {
        "id": "loc_0442",
        "name": "詭區二樓倉庫",
        "display_name": "詭區二樓倉庫（虛構）",
        "location_type": "fictional",
        "fictional": true,
        "location_precision": "fictional",
        "story_position": {
          "x": 0.362,
          "y": 0.351
        },
        "first_appearance": 136,
        "chapters": [
          136
        ],
        "characters": [],
        "description": "「詭區」二樓唯一的倉庫放滿包好的貨物、一片死寂，是小老鼠匿藏及進行非法買賣之地。",
        "confidence": 0.9,
        "review_status": "reviewed",
        "source": "bing_gang",
        "position_source": "冇同章（區內）錨點，用故事主場景（將軍澳校園一帶）"
      }
    },
    {
      "type": "Feature",
      "geometry": {
        "type": "Point",
        "coordinates": [
          114.25740151064316,
          22.316948409246965
        ]
      },
      "properties": {
        "id": "loc_0443",
        "name": "新都城二期",
        "display_name": "新都城二期（參考位置）",
        "location_type": "district",
        "fictional": false,
        "location_precision": "approximate",
        "story_position": {
          "x": 0.679,
          "y": 0.37
        },
        "first_appearance": 137,
        "chapters": [
          137
        ],
        "characters": [
          "滿天",
          "阿禮"
        ],
        "description": "瓦安居住於新都城二期最高的幾層，單位牆壁全部打通，空間非常大。",
        "confidence": 0.9,
        "review_status": "reviewed",
        "source": "bing_gang"
      }
    },
    {
      "type": "Feature",
      "geometry": {
        "type": "Point",
        "coordinates": [
          114.244882,
          22.326251
        ]
      },
      "properties": {
        "id": "loc_0444",
        "name": "瓦安家中的書房",
        "display_name": "瓦安家中的書房（虛構）",
        "location_type": "fictional",
        "fictional": true,
        "location_precision": "fictional",
        "story_position": {
          "x": 0.494,
          "y": 0.561
        },
        "first_appearance": 138,
        "chapters": [
          138
        ],
        "characters": [],
        "description": "瓦安家中唯一上鎖的房間是書房，兩邊放滿經濟書籍，中央是瓦安的辦公桌，牆上掛有他與妻子的結婚照。",
        "confidence": 0.92,
        "review_status": "reviewed",
        "source": "bing_gang",
        "position_source": "同章（[138]）嘅 1 個已解析地點質心附近（環形偏移，id hash 決定）"
      }
    },
    {
      "type": "Feature",
      "geometry": {
        "type": "Point",
        "coordinates": [
          114.24685912108033,
          22.324111352712293
        ]
      },
      "properties": {
        "id": "loc_0445",
        "name": "寶琳加油站",
        "display_name": "寶琳加油站（參考位置）",
        "location_type": "district",
        "fictional": false,
        "location_precision": "approximate",
        "story_position": {
          "x": 0.661,
          "y": 0.389
        },
        "first_appearance": 138,
        "chapters": [
          138
        ],
        "characters": [
          "大眼病者"
        ],
        "description": "一名穿加油職員服的大眼病者在寶琳加油站旁，目睹滿天剪斷舌女舌頭後大聲放笑。",
        "confidence": 0.72,
        "review_status": "reviewed",
        "source": "bing_gang"
      }
    },
    {
      "type": "Feature",
      "geometry": {
        "type": "Point",
        "coordinates": [
          114.248543,
          22.322935
        ]
      },
      "properties": {
        "id": "loc_0446",
        "name": "賴桑所在的病房",
        "display_name": "賴桑所在的病房（虛構）",
        "location_type": "fictional",
        "fictional": true,
        "location_precision": "fictional",
        "story_position": {
          "x": 0.536,
          "y": 0.574
        },
        "first_appearance": 138,
        "chapters": [
          138
        ],
        "characters": [],
        "description": "滿天離開新都城二期後前往病房，向養傷的賴桑交代有關病者和平協會的全部情報。",
        "confidence": 0.88,
        "review_status": "reviewed",
        "source": "bing_gang",
        "position_source": "同章（[138]）嘅 1 個已解析地點質心附近（環形偏移，id hash 決定）"
      }
    },
    {
      "type": "Feature",
      "geometry": {
        "type": "Point",
        "coordinates": [
          114.253873,
          22.302632
        ]
      },
      "properties": {
        "id": "loc_0447",
        "name": "心朗村",
        "display_name": "心朗村（虛構）",
        "location_type": "fictional",
        "fictional": true,
        "location_precision": "fictional",
        "story_position": {
          "x": 0.409,
          "y": 0.765
        },
        "first_appearance": 139,
        "chapters": [
          139
        ],
        "characters": [],
        "description": "老鄧首次遇見三腦，是在心朗村摘果實的時候。",
        "confidence": 0.72,
        "review_status": "reviewed",
        "source": "bing_gang",
        "position_source": "冇同章（區內）錨點，用故事主場景（將軍澳校園一帶）"
      }
    },
    {
      "type": "Feature",
      "geometry": {
        "type": "Point",
        "coordinates": [
          114.251455,
          22.305401
        ]
      },
      "properties": {
        "id": "loc_0448",
        "name": "血酒工廠（頂樓）",
        "display_name": "血酒工廠（頂樓）（虛構）",
        "location_type": "fictional",
        "fictional": true,
        "location_precision": "fictional",
        "story_position": {
          "x": 0.74,
          "y": 0.422
        },
        "first_appearance": 139,
        "chapters": [
          139
        ],
        "characters": [],
        "description": "翠林邨內某大廈的頂樓是該倖存區的「血酒」工廠，以人血經水管輸送到頂樓的大浴缸。",
        "confidence": 0.9,
        "review_status": "reviewed",
        "source": "bing_gang",
        "position_source": "冇同章（區內）錨點，用故事主場景（將軍澳校園一帶）"
      }
    },
    {
      "type": "Feature",
      "geometry": {
        "type": "Point",
        "coordinates": [
          114.2722831998169,
          22.321334538796066
        ]
      },
      "properties": {
        "id": "loc_0449",
        "name": "聖安德肋教堂（坑口）",
        "display_name": "聖安德肋教堂（坑口）（參考位置）",
        "location_type": "district",
        "fictional": false,
        "location_precision": "approximate",
        "story_position": {
          "x": 0.704,
          "y": 0.382
        },
        "first_appearance": 97,
        "chapters": [
          97
        ],
        "characters": [],
        "description": "白魂指出病者平權組織的據點位於坑口的聖安德肋教堂。",
        "confidence": 0.9,
        "review_status": "reviewed",
        "source": "bing_gang"
      }
    },
    {
      "type": "Feature",
      "geometry": {
        "type": "Point",
        "coordinates": [
          114.272645,
          22.323857
        ]
      },
      "properties": {
        "id": "loc_0450",
        "name": "真實之房",
        "display_name": "真實之房（虛構）",
        "location_type": "fictional",
        "fictional": true,
        "location_precision": "fictional",
        "story_position": {
          "x": 0.476,
          "y": 0.261
        },
        "first_appearance": 97,
        "chapters": [
          97
        ],
        "characters": [
          "鳥嘴"
        ],
        "description": "「真實之房」是不良人位於五樓的拷問房間，據稱入到去的人都會供出所有真相。",
        "confidence": 0.95,
        "review_status": "reviewed",
        "source": "bing_gang",
        "position_source": "同章（[97]）嘅 1 個已解析地點質心附近（環形偏移，id hash 決定）"
      }
    },
    {
      "type": "Feature",
      "geometry": {
        "type": "Point",
        "coordinates": [
          114.270382,
          22.32465
        ]
      },
      "properties": {
        "id": "loc_0451",
        "name": "班尼的地下室",
        "display_name": "班尼的地下室（虛構）",
        "location_type": "fictional",
        "fictional": true,
        "location_precision": "fictional",
        "story_position": {
          "x": 0.684,
          "y": 0.749
        },
        "first_appearance": 97,
        "chapters": [
          97
        ],
        "characters": [],
        "description": "班尼的地下室位於田家炳小學隔壁，存放著大量與病者有關的手工精品。",
        "confidence": 0.9,
        "review_status": "reviewed",
        "source": "bing_gang",
        "position_source": "同章（[97]）嘅 1 個已解析地點質心附近（環形偏移，id hash 決定）"
      }
    },
    {
      "type": "Feature",
      "geometry": {
        "type": "Point",
        "coordinates": [
          114.2678249485008,
          22.311874845502402
        ]
      },
      "properties": {
        "id": "loc_0452",
        "name": "新都城二期商場",
        "display_name": "新都城二期商場（參考位置）",
        "location_type": "district",
        "fictional": false,
        "location_precision": "approximate",
        "story_position": {
          "x": 0.696,
          "y": 0.356
        },
        "first_appearance": 133,
        "chapters": [
          133
        ],
        "characters": [],
        "description": "皇宮的確實位置，任何貴族身份人士都能夠進入，內有專門用膳、看書、玩樂的地方。",
        "confidence": 0.85,
        "review_status": "reviewed",
        "source": "bing_gang"
      }
    },
    {
      "type": "Feature",
      "geometry": {
        "type": "Point",
        "coordinates": [
          114.264161,
          22.310922
        ]
      },
      "properties": {
        "id": "loc_0453",
        "name": "皇室區大餐廳",
        "display_name": "皇室區大餐廳（虛構）",
        "location_type": "fictional",
        "fictional": true,
        "location_precision": "fictional",
        "story_position": {
          "x": 0.773,
          "y": 0.322
        },
        "first_appearance": 133,
        "chapters": [
          133
        ],
        "characters": [],
        "description": "皇室區的主要餐廳，貴族早、午、晚三餐基本上都在此用餐，主角在此打聽賴桑的下落。",
        "confidence": 0.75,
        "review_status": "reviewed",
        "source": "bing_gang",
        "position_source": "同章（[133]）嘅 1 個已解析地點質心附近（環形偏移，id hash 決定）"
      }
    },
    {
      "type": "Feature",
      "geometry": {
        "type": "Point",
        "coordinates": [
          114.251751,
          22.325512
        ]
      },
      "properties": {
        "id": "loc_0454",
        "name": "皇宮外露天花園",
        "display_name": "皇宮外露天花園（虛構）",
        "location_type": "fictional",
        "fictional": true,
        "location_precision": "fictional",
        "story_position": {
          "x": 0.786,
          "y": 0.841
        },
        "first_appearance": 134,
        "chapters": [
          134
        ],
        "characters": [
          "阿禮"
        ],
        "description": "主角以紙飛機約阿禮到皇宮外的露天花園見面，環境清幽浪漫，種滿花朵。",
        "confidence": 0.88,
        "review_status": "reviewed",
        "source": "bing_gang",
        "position_source": "同章（[134]）嘅 4 個已解析地點質心附近（環形偏移，id hash 決定）"
      }
    },
    {
      "type": "Feature",
      "geometry": {
        "type": "Point",
        "coordinates": [
          114.255064,
          22.325928
        ]
      },
      "properties": {
        "id": "loc_0455",
        "name": "皇宮內會議房",
        "display_name": "皇宮內會議房（虛構）",
        "location_type": "fictional",
        "fictional": true,
        "location_precision": "fictional",
        "story_position": {
          "x": 0.588,
          "y": 0.793
        },
        "first_appearance": 134,
        "chapters": [
          134
        ],
        "characters": [],
        "description": "瓦安在皇宮內的會議房，門外有兩名皇家守衛把守，瓦安與董倫曾在此密談。",
        "confidence": 0.9,
        "review_status": "reviewed",
        "source": "bing_gang",
        "position_source": "同章（[134]）嘅 4 個已解析地點質心附近（環形偏移，id hash 決定）"
      }
    },
    {
      "type": "Feature",
      "geometry": {
        "type": "Point",
        "coordinates": [
          114.2415,
          22.3229
        ]
      },
      "properties": {
        "id": "loc_0456",
        "name": "疊翠軒會所",
        "display_name": "疊翠軒會所（推斷位置）",
        "location_type": "district",
        "fictional": false,
        "location_precision": "district",
        "story_position": {
          "x": 0.194,
          "y": 0.363
        },
        "first_appearance": 134,
        "chapters": [
          134
        ],
        "characters": [
          "艾匡公主"
        ],
        "description": "疊翠軒嘅會所係艾寶琳倖存區嘅醫院同知識寶庫，內有大量醫療設備以及發電、淨水、食物安檢等專業設施，兵防密佈。",
        "confidence": 0.95,
        "review_status": "reviewed",
        "source": "bing_gang",
        "inferred_from": "inf_loc_0456"
      }
    },
    {
      "type": "Feature",
      "geometry": {
        "type": "Point",
        "coordinates": [
          114.2644845960174,
          22.32612149233234
        ]
      },
      "properties": {
        "id": "loc_0457",
        "name": "區外山上聖堂",
        "display_name": "區外山上聖堂（參考位置）",
        "location_type": "district",
        "fictional": false,
        "location_precision": "approximate",
        "story_position": {
          "x": 0.691,
          "y": 0.395
        },
        "first_appearance": 134,
        "chapters": [
          134
        ],
        "characters": [],
        "description": "病獵嘅根據地係位於倖存區外山上嘅聖堂，現時相當冷清。",
        "confidence": 0.85,
        "review_status": "reviewed",
        "source": "bing_gang"
      }
    },
    {
      "type": "Feature",
      "geometry": {
        "type": "Point",
        "coordinates": [
          114.23770682078279,
          22.326224238956282
        ]
      },
      "properties": {
        "id": "loc_0458",
        "name": "寶琳地鐵站上蓋花園",
        "display_name": "寶琳地鐵站上蓋花園（參考位置）",
        "location_type": "district",
        "fictional": false,
        "location_precision": "approximate",
        "story_position": {
          "x": 0.646,
          "y": 0.395
        },
        "first_appearance": 134,
        "chapters": [
          134
        ],
        "characters": [],
        "description": "進入疊翠軒會所前需經過一條連接寶琳地鐵站上蓋花園嘅橋，橋上有守衛駐守查證。",
        "confidence": 0.85,
        "review_status": "reviewed",
        "source": "bing_gang"
      }
    },
    {
      "type": "Feature",
      "geometry": {
        "type": "Point",
        "coordinates": [
          114.273,
          22.318
        ]
      },
      "properties": {
        "id": "loc_0459",
        "name": "將軍澳醫院",
        "display_name": "將軍澳醫院（參考位置）",
        "location_type": "district",
        "fictional": false,
        "location_precision": "district",
        "story_position": {
          "x": 0.705,
          "y": 0.373
        },
        "first_appearance": 134,
        "chapters": [
          134
        ],
        "characters": [],
        "description": "文中提及將軍澳醫院原有嘅醫療設備，當初差不多全部搬咗入疊翠軒會所。",
        "confidence": 0.75,
        "review_status": "reviewed",
        "source": "bing_gang"
      }
    },
    {
      "type": "Feature",
      "geometry": {
        "type": "Point",
        "coordinates": [
          114.25242,
          22.30377
        ]
      },
      "properties": {
        "id": "loc_0460",
        "name": "翠林倖存區（翠林邨）",
        "display_name": "翠林倖存區（翠林邨）（虛構）",
        "location_type": "fictional",
        "fictional": true,
        "location_precision": "fictional",
        "story_position": {
          "x": 0.787,
          "y": 0.533
        },
        "first_appearance": 139,
        "chapters": [
          139
        ],
        "characters": [],
        "description": "翠林倖存區以真實屋邨翠林邨為藍本，老鄧曾任其幹部，三腦更被秘密安排成為該邨領導人，大部份村民並不知情。",
        "confidence": 0.9,
        "review_status": "reviewed",
        "source": "bing_gang",
        "zone_ids": [
          "zone_11f09f0b09"
        ],
        "position_source": "冇同章（區內）錨點，用故事主場景（將軍澳校園一帶）"
      }
    },
    {
      "type": "Feature",
      "geometry": {
        "type": "Point",
        "coordinates": [
          114.2484,
          22.3227
        ]
      },
      "properties": {
        "id": "loc_0461",
        "name": "香港中文大學專業進修學院",
        "display_name": "香港中文大學專業進修學院（參考位置）",
        "location_type": "district",
        "fictional": false,
        "location_precision": "approximate",
        "story_position": {
          "x": 0.525,
          "y": 0.372
        },
        "first_appearance": 139,
        "chapters": [
          139
        ],
        "characters": [],
        "description": "主角追趕三腦時，見到三腦往香港中文大學專業進修學院方向移動，最終喺學校前停下與主角對峙。",
        "confidence": 0.9,
        "review_status": "reviewed",
        "source": "bing_gang",
        "inferred_from": null,
        "position_source": "人手核實修正 → 香港中文大學專業進修學院（將軍澳教學中心）；原本座標 (114.165, 22.318) 落喺旺角／何文田，同故事場景（ch156 康城）相差 10 km。經用戶指出，該學院確實有**將軍澳教學中心**，位於翠林邨（Tsui Lam Estate）。"
      }
    },
    {
      "type": "Feature",
      "geometry": {
        "type": "Point",
        "coordinates": [
          114.256831,
          22.304878
        ]
      },
      "properties": {
        "id": "loc_0462",
        "name": "寶盈花園小型倖存區",
        "display_name": "寶盈花園小型倖存區（虛構）",
        "location_type": "fictional",
        "fictional": true,
        "location_precision": "fictional",
        "story_position": {
          "x": 0.417,
          "y": 0.409
        },
        "first_appearance": 143,
        "chapters": [
          143
        ],
        "characters": [
          "銘凱"
        ],
        "description": "寶盈花園喺故事中被描繪為一個中立嘅小型倖存區，不良人間諜曾喺入面洗底；區內四十八名倖存者後來被滿天以催眠瓦斯彈及手術刀全數殺害。",
        "confidence": 0.9,
        "review_status": "reviewed",
        "source": "bing_gang",
        "zone_ids": [
          "zone_c9d65eda4e"
        ],
        "position_source": "同章（[143]）嘅 1 個已解析地點質心附近（環形偏移，id hash 決定）"
      }
    },
    {
      "type": "Feature",
      "geometry": {
        "type": "Point",
        "coordinates": [
          114.25343,
          22.30581
        ]
      },
      "properties": {
        "id": "loc_0463",
        "name": "大本營七樓圖書館",
        "display_name": "大本營七樓圖書館（推斷位置）",
        "location_type": "district",
        "fictional": false,
        "location_precision": "approximate",
        "story_position": {
          "x": 0.605,
          "y": 0.305
        },
        "first_appearance": 143,
        "chapters": [
          143
        ],
        "characters": [],
        "description": "回憶場景中，大本營七樓嘅圖書館係老賢嘅房間，過去的滿天曾喺書房與老賢就Dr.D嘅問題對質。",
        "confidence": 0.88,
        "review_status": "reviewed",
        "source": "bing_gang",
        "inferred_from": "inf_loc_0463"
      }
    },
    {
      "type": "Feature",
      "geometry": {
        "type": "Point",
        "coordinates": [
          114.24184,
          22.319352
        ]
      },
      "properties": {
        "id": "loc_0464",
        "name": "迎賓室",
        "display_name": "迎賓室（虛構）",
        "location_type": "fictional",
        "fictional": true,
        "location_precision": "fictional",
        "story_position": {
          "x": 0.53,
          "y": 0.395
        },
        "first_appearance": 144,
        "chapters": [
          144
        ],
        "characters": [],
        "description": "皇宮內的迎賓室，裡面有寬長的桌子和一排排椅子，是國王宴請眾人的地方。",
        "confidence": 0.9,
        "review_status": "reviewed",
        "source": "bing_gang",
        "position_source": "同章（[144]）嘅 1 個已解析地點質心附近（環形偏移，id hash 決定）"
      }
    },
    {
      "type": "Feature",
      "geometry": {
        "type": "Point",
        "coordinates": [
          114.2415,
          22.3229
        ]
      },
      "properties": {
        "id": "loc_0465",
        "name": "迎賓廳",
        "display_name": "迎賓廳（推斷位置）",
        "location_type": "district",
        "fictional": false,
        "location_precision": "district",
        "story_position": {
          "x": 0.331,
          "y": 0.198
        },
        "first_appearance": 145,
        "chapters": [
          145
        ],
        "characters": [],
        "description": "國王設宴的迎賓廳內飯桌坐滿賓客，對面一列是掌控艾寶琳倖存區行政、財富、外交、文化、軍隊大權的達官貴人。",
        "confidence": 0.92,
        "review_status": "reviewed",
        "source": "bing_gang",
        "inferred_from": "inf_loc_0465"
      }
    },
    {
      "type": "Feature",
      "geometry": {
        "type": "Point",
        "coordinates": [
          114.240129,
          22.325836
        ]
      },
      "properties": {
        "id": "loc_0466",
        "name": "皇宮套房",
        "display_name": "皇宮套房（虛構）",
        "location_type": "fictional",
        "fictional": true,
        "location_precision": "fictional",
        "story_position": {
          "x": 0.789,
          "y": 0.209
        },
        "first_appearance": 145,
        "chapters": [
          145
        ],
        "characters": [],
        "description": "主角一行五人獲邀留宿的皇宮套房，面積如標準課室，放有五張豪華單人床，牙刷、毛巾、酒品等用品齊備。",
        "confidence": 0.9,
        "review_status": "reviewed",
        "source": "bing_gang",
        "position_source": "同章（[145]）嘅 1 個已解析地點質心附近（環形偏移，id hash 決定）"
      }
    },
    {
      "type": "Feature",
      "geometry": {
        "type": "Point",
        "coordinates": [
          114.25816635385672,
          22.315138017853055
        ]
      },
      "properties": {
        "id": "loc_0467",
        "name": "新都城中心三期賭場",
        "display_name": "新都城中心三期賭場（參考位置）",
        "location_type": "district",
        "fictional": false,
        "location_precision": "approximate",
        "story_position": {
          "x": 0.68,
          "y": 0.365
        },
        "first_appearance": 146,
        "chapters": [
          146
        ],
        "characters": [],
        "description": "德州撲克對戰舉行嘅賭場，敘事者初到倖存區時曾在此輸掉唯一老闆給佢嘅一塊艾幣。",
        "confidence": 0.95,
        "review_status": "reviewed",
        "source": "bing_gang"
      }
    },
    {
      "type": "Feature",
      "geometry": {
        "type": "Point",
        "coordinates": [
          114.2598652323186,
          22.314082581826504
        ]
      },
      "properties": {
        "id": "loc_0468",
        "name": "新都城二期天台",
        "display_name": "新都城二期天台（參考位置）",
        "location_type": "district",
        "fictional": false,
        "location_precision": "approximate",
        "story_position": {
          "x": 0.683,
          "y": 0.362
        },
        "first_appearance": 146,
        "chapters": [
          146
        ],
        "characters": [],
        "description": "敘事者跟蹤董倫至此天台，並與佢對峙打鬥。",
        "confidence": 0.95,
        "review_status": "reviewed",
        "source": "bing_gang"
      }
    },
    {
      "type": "Feature",
      "geometry": {
        "type": "Point",
        "coordinates": [
          114.253663,
          22.302657
        ]
      },
      "properties": {
        "id": "loc_0469",
        "name": "病者之都",
        "display_name": "病者之都（虛構）",
        "location_type": "fictional",
        "fictional": true,
        "location_precision": "fictional",
        "story_position": {
          "x": 0.187,
          "y": 0.565
        },
        "first_appearance": 147,
        "chapters": [
          147
        ],
        "characters": [
          "奎斯",
          "南愚與北賢",
          "白鯨",
          "南北兄弟",
          "賴三老師",
          "犬京",
          "賴桑",
          "北賢",
          "病翼",
          "Nosyag"
        ],
        "description": "奎斯應承消滅病者平權組織之後，會同主角一齊去病者之都。",
        "confidence": 0.9,
        "review_status": "reviewed",
        "source": "bing_gang",
        "position_source": "冇同章（區內）錨點，用故事主場景（將軍澳校園一帶）"
      }
    },
    {
      "type": "Feature",
      "geometry": {
        "type": "Point",
        "coordinates": [
          114.251291,
          22.308861
        ]
      },
      "properties": {
        "id": "loc_0470",
        "name": "地下水道",
        "display_name": "地下水道（虛構）",
        "location_type": "fictional",
        "fictional": true,
        "location_precision": "fictional",
        "story_position": {
          "x": 0.173,
          "y": 0.586
        },
        "first_appearance": 147,
        "chapters": [
          147
        ],
        "characters": [
          "王達尼"
        ],
        "description": "眾人接了瓦禮後，由王達尼帶路經臭氣沖天的地下水道貫穿城市之間，他熟識渠下環境，這是他不受「死亡之路」影響的原因。",
        "confidence": 0.9,
        "review_status": "reviewed",
        "source": "bing_gang",
        "position_source": "冇同章（區內）錨點，用故事主場景（將軍澳校園一帶）"
      }
    },
    {
      "type": "Feature",
      "geometry": {
        "type": "Point",
        "coordinates": [
          114.2773751888304,
          22.29762146944381
        ]
      },
      "properties": {
        "id": "loc_0471",
        "name": "康城",
        "display_name": "康城（參考位置）",
        "location_type": "district",
        "fictional": false,
        "location_precision": "approximate",
        "story_position": {
          "x": 0.712,
          "y": 0.318
        },
        "first_appearance": 151,
        "chapters": [
          151
        ],
        "characters": [
          "Sona",
          "主角「我」",
          "病獸",
          "不法者",
          "不良人",
          "明雲",
          "董倫",
          "明雲之父",
          "少佐",
          "明哥",
          "森威克",
          "夏晴",
          "陸軒",
          "一期持刀男",
          "我（敘事者）",
          "明雲醫生",
          "明霧（明哥）",
          "胖主任",
          "Sona嘅復仇人格",
          "康城大本營首領"
        ],
        "description": "康城係一個未完全開發嘅工業區，被稱為「不法者之地」，區內只有樓宇同工廠，街上有多隻四米高嘅巨型病獸徘徊。",
        "confidence": 0.95,
        "review_status": "reviewed",
        "source": "bing_gang"
      }
    },
    {
      "type": "Feature",
      "geometry": {
        "type": "Point",
        "coordinates": [
          114.26948834973679,
          22.295597390707258
        ]
      },
      "properties": {
        "id": "loc_0472",
        "name": "日出康城一期",
        "display_name": "日出康城一期（參考位置）",
        "location_type": "district",
        "fictional": false,
        "location_precision": "approximate",
        "story_position": {
          "x": 0.699,
          "y": 0.312
        },
        "first_appearance": 151,
        "chapters": [
          151
        ],
        "characters": [
          "不法者"
        ],
        "description": "日出康城一期係不法者嘅領地所在，翌日主角喺嗰邊觀察到其他活人活動。",
        "confidence": 0.92,
        "review_status": "reviewed",
        "source": "bing_gang"
      }
    },
    {
      "type": "Feature",
      "geometry": {
        "type": "Point",
        "coordinates": [
          114.27990263218128,
          22.29672204165713
        ]
      },
      "properties": {
        "id": "loc_0473",
        "name": "日出康城二期",
        "display_name": "日出康城二期（參考位置）",
        "location_type": "district",
        "fictional": false,
        "location_precision": "approximate",
        "story_position": {
          "x": 0.717,
          "y": 0.315
        },
        "first_appearance": 151,
        "chapters": [
          151
        ],
        "characters": [],
        "description": "主角同Sona身處日出康城二期一帶嘅私人樓宇單位之中。",
        "confidence": 0.92,
        "review_status": "reviewed",
        "source": "bing_gang"
      }
    },
    {
      "type": "Feature",
      "geometry": {
        "type": "Point",
        "coordinates": [
          114.273131,
          22.297995
        ]
      },
      "properties": {
        "id": "loc_0474",
        "name": "康城地鐵站",
        "display_name": "康城地鐵站（虛構）",
        "location_type": "fictional",
        "fictional": true,
        "location_precision": "fictional",
        "story_position": {
          "x": 0.414,
          "y": 0.774
        },
        "first_appearance": 151,
        "chapters": [
          151
        ],
        "characters": [
          "Sona"
        ],
        "description": "Sona話康城地鐵站嗰度有糧食，主角經屋苑接駁位入內搜索，漆黑中喺阿信屋發現可可脆片並遇襲。",
        "confidence": 0.95,
        "review_status": "reviewed",
        "source": "bing_gang",
        "position_source": "同章（[151]）嘅 3 個已解析地點質心附近（環形偏移，id hash 決定）"
      }
    },
    {
      "type": "Feature",
      "geometry": {
        "type": "Point",
        "coordinates": [
          114.277087,
          22.293824
        ]
      },
      "properties": {
        "id": "loc_0475",
        "name": "阿信屋",
        "display_name": "阿信屋（虛構）",
        "location_type": "fictional",
        "fictional": true,
        "location_precision": "fictional",
        "story_position": {
          "x": 0.633,
          "y": 0.299
        },
        "first_appearance": 151,
        "chapters": [
          151
        ],
        "characters": [],
        "description": "主角喺康城地鐵站內嘅阿信屋發現一包安放喺度嘅可可脆片。",
        "confidence": 0.78,
        "review_status": "reviewed",
        "source": "bing_gang",
        "position_source": "同章（[151]）嘅 3 個已解析地點質心附近（環形偏移，id hash 決定）"
      }
    },
    {
      "type": "Feature",
      "geometry": {
        "type": "Point",
        "coordinates": [
          114.281,
          22.331
        ]
      },
      "properties": {
        "id": "loc_0476",
        "name": "將軍澳工業邨",
        "display_name": "將軍澳工業邨（參考位置）",
        "location_type": "district",
        "fictional": false,
        "location_precision": "district",
        "story_position": {
          "x": 0.718,
          "y": 0.408
        },
        "first_appearance": 152,
        "chapters": [
          152
        ],
        "characters": [],
        "description": "囚禁不法者嘅監獄位於將軍澳工業邨旁邊，沿路多病者，冇人願意冒生命危險去查看囚犯生死。",
        "confidence": 0.95,
        "review_status": "reviewed",
        "source": "bing_gang"
      }
    },
    {
      "type": "Feature",
      "geometry": {
        "type": "Point",
        "coordinates": [
          114.275231,
          22.316556
        ]
      },
      "properties": {
        "id": "loc_0477",
        "name": "康城外監獄大樓",
        "display_name": "康城外監獄大樓（虛構）",
        "location_type": "fictional",
        "fictional": true,
        "location_precision": "fictional",
        "story_position": {
          "x": 0.491,
          "y": 0.615
        },
        "first_appearance": 152,
        "chapters": [
          152
        ],
        "characters": [],
        "description": "康城倖存區喺康城外面起咗一橦監獄大樓囚禁罪犯，不法者被關喺入面，相信已經餓死。",
        "confidence": 0.9,
        "review_status": "reviewed",
        "source": "bing_gang",
        "position_source": "同章（[152]）嘅 2 個已解析地點質心附近（環形偏移，id hash 決定）"
      }
    },
    {
      "type": "Feature",
      "geometry": {
        "type": "Point",
        "coordinates": [
          114.275264,
          22.279293
        ]
      },
      "properties": {
        "id": "loc_0478",
        "name": "監房",
        "display_name": "監房（虛構）",
        "location_type": "fictional",
        "fictional": true,
        "location_precision": "fictional",
        "story_position": {
          "x": 0.79,
          "y": 0.735
        },
        "first_appearance": 153,
        "chapters": [
          153
        ],
        "characters": [
          "木工部老主管",
          "老賢",
          "巴力",
          "病牙"
        ],
        "description": "明雲盯住監房的門，與門外嗰個人對話。",
        "confidence": 0.75,
        "review_status": "reviewed",
        "source": "bing_gang",
        "position_source": "同章（[153]）嘅 1 個已解析地點質心附近（環形偏移，id hash 決定）"
      }
    },
    {
      "type": "Feature",
      "geometry": {
        "type": "Point",
        "coordinates": [
          114.264654,
          22.304041
        ]
      },
      "properties": {
        "id": "loc_0479",
        "name": "康城一期倖存區",
        "display_name": "康城一期倖存區（虛構）",
        "location_type": "fictional",
        "fictional": true,
        "location_precision": "fictional",
        "story_position": {
          "x": 0.236,
          "y": 0.212
        },
        "first_appearance": 155,
        "chapters": [
          155
        ],
        "characters": [
          "董倫"
        ],
        "description": "故事中倖存者聚居的倖存區，五爺與大眾皆居於此；Sona曾誤導主角攻擊此地。",
        "confidence": 0.9,
        "review_status": "reviewed",
        "source": "bing_gang",
        "zone_ids": [
          "zone_ece9f6df6c"
        ],
        "position_source": "同章（[155]）嘅 1 個已解析地點質心附近（環形偏移，id hash 決定）"
      }
    },
    {
      "type": "Feature",
      "geometry": {
        "type": "Point",
        "coordinates": [
          114.261455,
          22.301061
        ]
      },
      "properties": {
        "id": "loc_0480",
        "name": "康城二期倖存區",
        "display_name": "康城二期倖存區（虛構）",
        "location_type": "fictional",
        "fictional": true,
        "location_precision": "fictional",
        "story_position": {
          "x": 0.266,
          "y": 0.171
        },
        "first_appearance": 155,
        "chapters": [
          155
        ],
        "characters": [
          "森威克"
        ],
        "description": "Sona單位所在及五爺生前常推輪椅散步之處，主角在其會所發現被囚的Sona與失蹤者。",
        "confidence": 0.9,
        "review_status": "reviewed",
        "source": "bing_gang",
        "zone_ids": [
          "zone_ece9f6df6c"
        ],
        "position_source": "同章（[155]）嘅 1 個已解析地點質心附近（環形偏移，id hash 決定）"
      }
    },
    {
      "type": "Feature",
      "geometry": {
        "type": "Point",
        "coordinates": [
          114.262945,
          22.305803
        ]
      },
      "properties": {
        "id": "loc_0481",
        "name": "讀書會",
        "display_name": "讀書會（虛構）",
        "location_type": "fictional",
        "fictional": true,
        "location_precision": "fictional",
        "story_position": {
          "x": 0.595,
          "y": 0.777
        },
        "first_appearance": 155,
        "chapters": [
          155
        ],
        "characters": [
          "阿偉"
        ],
        "description": "位於康城一期某大廈一樓106室、放滿書本的小單位，五爺孫兒阿偉常在此看書。",
        "confidence": 0.9,
        "review_status": "reviewed",
        "source": "bing_gang",
        "position_source": "同章（[155]）嘅 1 個已解析地點質心附近（環形偏移，id hash 決定）"
      }
    },
    {
      "type": "Feature",
      "geometry": {
        "type": "Point",
        "coordinates": [
          114.264714,
          22.305135
        ]
      },
      "properties": {
        "id": "loc_0482",
        "name": "四樓402室",
        "display_name": "四樓402室（虛構）",
        "location_type": "fictional",
        "fictional": true,
        "location_precision": "fictional",
        "story_position": {
          "x": 0.562,
          "y": 0.229
        },
        "first_appearance": 155,
        "chapters": [
          155
        ],
        "characters": [
          "五爺"
        ],
        "description": "五爺生前居住的單位，主角在此發現其屍體。",
        "confidence": 0.95,
        "review_status": "reviewed",
        "source": "bing_gang",
        "position_source": "同章（[155]）嘅 1 個已解析地點質心附近（環形偏移，id hash 決定）"
      }
    },
    {
      "type": "Feature",
      "geometry": {
        "type": "Point",
        "coordinates": [
          114.264892,
          22.30505
        ]
      },
      "properties": {
        "id": "loc_0483",
        "name": "康城二期會所",
        "display_name": "康城二期會所（虛構）",
        "location_type": "fictional",
        "fictional": true,
        "location_precision": "fictional",
        "story_position": {
          "x": 0.662,
          "y": 0.661
        },
        "first_appearance": 155,
        "chapters": [
          155
        ],
        "characters": [],
        "description": "康城二期內的會所，滿地凌亂雜物，設有保安室及下層KTV房間。",
        "confidence": 0.9,
        "review_status": "reviewed",
        "source": "bing_gang",
        "position_source": "同章（[155]）嘅 1 個已解析地點質心附近（環形偏移，id hash 決定）"
      }
    },
    {
      "type": "Feature",
      "geometry": {
        "type": "Point",
        "coordinates": [
          114.262278,
          22.303734
        ]
      },
      "properties": {
        "id": "loc_0484",
        "name": "會所保安室",
        "display_name": "會所保安室（推斷位置）",
        "location_type": "district",
        "fictional": false,
        "location_precision": "approximate",
        "story_position": {
          "x": 0.605,
          "y": 0.721
        },
        "first_appearance": 155,
        "chapters": [
          155
        ],
        "characters": [],
        "description": "牆邊貼滿寫著「試著拯救她」紙張的保安室，其監控畫面實時顯示Sona被困的房間。",
        "confidence": 0.9,
        "review_status": "reviewed",
        "source": "bing_gang",
        "inferred_from": "inf_loc_0484"
      }
    },
    {
      "type": "Feature",
      "geometry": {
        "type": "Point",
        "coordinates": [
          114.259116,
          22.305069
        ]
      },
      "properties": {
        "id": "loc_0485",
        "name": "KTV房間",
        "display_name": "KTV房間（虛構）",
        "location_type": "fictional",
        "fictional": true,
        "location_precision": "fictional",
        "story_position": {
          "x": 0.667,
          "y": 0.457
        },
        "first_appearance": 155,
        "chapters": [
          155
        ],
        "characters": [],
        "description": "會所下層的KTV房間，Sona被鎖於其中，洗手間內藏有被綁的夏晴。",
        "confidence": 0.95,
        "review_status": "reviewed",
        "source": "bing_gang",
        "position_source": "同章（[155]）嘅 1 個已解析地點質心附近（環形偏移，id hash 決定）"
      }
    },
    {
      "type": "Feature",
      "geometry": {
        "type": "Point",
        "coordinates": [
          114.25941,
          22.30158
        ]
      },
      "properties": {
        "id": "loc_0486",
        "name": "康城倖存區",
        "display_name": "康城倖存區（虛構）",
        "location_type": "fictional",
        "fictional": true,
        "location_precision": "fictional",
        "story_position": {
          "x": 0.81,
          "y": 0.615
        },
        "first_appearance": 156,
        "chapters": [
          156
        ],
        "characters": [
          "明雲",
          "不法者",
          "Sona",
          "我（敘事者）",
          "明雲醫生",
          "少佐",
          "胖主任",
          "康城大本營首領",
          "康城十二元老",
          "Dr.D",
          "華哥"
        ],
        "description": "康城內嘅倖存區，生活質素遠高於外面，設有閉路電視、保安室、資訊室等設施。",
        "confidence": 0.95,
        "review_status": "reviewed",
        "source": "bing_gang",
        "zone_ids": [
          "zone_ece9f6df6c"
        ],
        "position_source": "同章（[156]）嘅 1 個已解析地點質心附近（環形偏移，id hash 決定）"
      }
    },
    {
      "type": "Feature",
      "geometry": {
        "type": "Point",
        "coordinates": [
          114.259889,
          22.301447
        ]
      },
      "properties": {
        "id": "loc_0487",
        "name": "康城一期",
        "display_name": "康城一期（虛構）",
        "location_type": "fictional",
        "fictional": true,
        "location_precision": "fictional",
        "story_position": {
          "x": 0.495,
          "y": 0.155
        },
        "first_appearance": 156,
        "chapters": [
          156
        ],
        "characters": [
          "不法者",
          "明雲之父",
          "明哥",
          "董倫",
          "一期持刀男",
          "陸軒"
        ],
        "description": "康城中目前有人聚居嘅部分；明雲之父曾被稱為康城一期領導有方嘅領導人。",
        "confidence": 0.85,
        "review_status": "reviewed",
        "source": "bing_gang",
        "position_source": "同章（[156]）嘅 1 個已解析地點質心附近（環形偏移，id hash 決定）"
      }
    },
    {
      "type": "Feature",
      "geometry": {
        "type": "Point",
        "coordinates": [
          114.260274,
          22.306779
        ]
      },
      "properties": {
        "id": "loc_0488",
        "name": "康城二期KTV館",
        "display_name": "康城二期KTV館（虛構）",
        "location_type": "fictional",
        "fictional": true,
        "location_precision": "fictional",
        "story_position": {
          "x": 0.339,
          "y": 0.368
        },
        "first_appearance": 156,
        "chapters": [
          156
        ],
        "characters": [
          "董倫"
        ],
        "description": "康城二期內嘅KTV館，曾發生由明雲之父下令、董倫執行嘅慘劇。",
        "confidence": 0.95,
        "review_status": "reviewed",
        "source": "bing_gang",
        "position_source": "同章（[156]）嘅 1 個已解析地點質心附近（環形偏移，id hash 決定）"
      }
    },
    {
      "type": "Feature",
      "geometry": {
        "type": "Point",
        "coordinates": [
          114.262278,
          22.303734
        ]
      },
      "properties": {
        "id": "loc_0489",
        "name": "保安室",
        "display_name": "保安室（推斷位置）",
        "location_type": "landmark",
        "fictional": false,
        "location_precision": "exact",
        "story_position": {
          "x": 0.474,
          "y": 0.801
        },
        "first_appearance": 156,
        "chapters": [
          156
        ],
        "characters": [
          "胖守衛",
          "少佐",
          "胖主任"
        ],
        "description": "位於倖存區出入口左近，面積約一間課室大，存放閉路電視畫面硬碟。",
        "confidence": 0.9,
        "review_status": "reviewed",
        "source": "bing_gang",
        "inferred_from": "inf_loc_0489"
      }
    },
    {
      "type": "Feature",
      "geometry": {
        "type": "Point",
        "coordinates": [
          114.265402,
          22.306031
        ]
      },
      "properties": {
        "id": "loc_0490",
        "name": "資訊室",
        "display_name": "資訊室（虛構）",
        "location_type": "fictional",
        "fictional": true,
        "location_precision": "fictional",
        "story_position": {
          "x": 0.654,
          "y": 0.63
        },
        "first_appearance": 156,
        "chapters": [
          156
        ],
        "characters": [
          "電腦青年"
        ],
        "description": "佔用康城某大樓一至三樓，三樓擺放發電機供電，可以播放閉路電視影片。",
        "confidence": 0.9,
        "review_status": "reviewed",
        "source": "bing_gang",
        "position_source": "同章（[156]）嘅 1 個已解析地點質心附近（環形偏移，id hash 決定）"
      }
    },
    {
      "type": "Feature",
      "geometry": {
        "type": "Point",
        "coordinates": [
          114.261283,
          22.3056
        ]
      },
      "properties": {
        "id": "loc_0491",
        "name": "廣場燒烤區",
        "display_name": "廣場燒烤區（虛構）",
        "location_type": "fictional",
        "fictional": true,
        "location_precision": "fictional",
        "story_position": {
          "x": 0.436,
          "y": 0.54
        },
        "first_appearance": 156,
        "chapters": [
          156
        ],
        "characters": [
          "哨兵哥"
        ],
        "description": "倖存區廣場嘅活動燒烤區，有哨兵駐守，主角喺度打探少佐下落。",
        "confidence": 0.9,
        "review_status": "reviewed",
        "source": "bing_gang",
        "position_source": "同章（[156]）嘅 1 個已解析地點質心附近（環形偏移，id hash 決定）"
      }
    },
    {
      "type": "Feature",
      "geometry": {
        "type": "Point",
        "coordinates": [
          114.262687,
          22.300287
        ]
      },
      "properties": {
        "id": "loc_0492",
        "name": "倖存區大門",
        "display_name": "倖存區大門（虛構）",
        "location_type": "fictional",
        "fictional": true,
        "location_precision": "fictional",
        "story_position": {
          "x": 0.26,
          "y": 0.623
        },
        "first_appearance": 156,
        "chapters": [
          156
        ],
        "characters": [],
        "description": "倖存區出入口，角落設有閉路電視，可以追溯返睇出入紀錄。",
        "confidence": 0.85,
        "review_status": "reviewed",
        "source": "bing_gang",
        "position_source": "同章（[156]）嘅 1 個已解析地點質心附近（環形偏移，id hash 決定）"
      }
    },
    {
      "type": "Feature",
      "geometry": {
        "type": "Point",
        "coordinates": [
          114.264513,
          22.306259
        ]
      },
      "properties": {
        "id": "loc_0493",
        "name": "監獄",
        "display_name": "監獄（虛構）",
        "location_type": "fictional",
        "fictional": true,
        "location_precision": "fictional",
        "story_position": {
          "x": 0.458,
          "y": 0.34
        },
        "first_appearance": 156,
        "chapters": [
          156
        ],
        "characters": [
          "不法者",
          "明雲",
          "巴力",
          "明雲醫生",
          "少佐",
          "胖主任",
          "董倫"
        ],
        "description": "明雲與董倫喺囚房對話；監獄內一班「不法者」亦與少佐一同失蹤。",
        "confidence": 0.85,
        "review_status": "reviewed",
        "source": "bing_gang",
        "position_source": "同章（[156]）嘅 1 個已解析地點質心附近（環形偏移，id hash 決定）"
      }
    },
    {
      "type": "Feature",
      "geometry": {
        "type": "Point",
        "coordinates": [
          114.255244,
          22.304849
        ]
      },
      "properties": {
        "id": "loc_0494",
        "name": "康城一期會所",
        "display_name": "康城一期會所（虛構）",
        "location_type": "fictional",
        "fictional": true,
        "location_precision": "fictional",
        "story_position": {
          "x": 0.519,
          "y": 0.304
        },
        "first_appearance": 157,
        "chapters": [
          157
        ],
        "characters": [],
        "description": "康城一期嘅會所，明哥喺呢度舉行競逐「金鷹頭」嘅夜宴，亦係陸軒發動襲擊嘅現場。",
        "confidence": 0.95,
        "review_status": "reviewed",
        "source": "bing_gang",
        "position_source": "冇同章（區內）錨點，用故事主場景（將軍澳校園一帶）"
      }
    },
    {
      "type": "Feature",
      "geometry": {
        "type": "Point",
        "coordinates": [
          114.250698,
          22.304606
        ]
      },
      "properties": {
        "id": "loc_0495",
        "name": "康城二期",
        "display_name": "康城二期（虛構）",
        "location_type": "fictional",
        "fictional": true,
        "location_precision": "fictional",
        "story_position": {
          "x": 0.642,
          "y": 0.469
        },
        "first_appearance": 157,
        "chapters": [
          157
        ],
        "characters": [
          "董倫",
          "森威克",
          "明霧（明哥）",
          "陸軒",
          "康城二期元老"
        ],
        "description": "康城嘅另一期區域，曾發生森威克元老被殺及KTV館慘殺案，明哥揚言坐上「金鷹頭」後會安排董倫入住監視二期元老。",
        "confidence": 0.9,
        "review_status": "reviewed",
        "source": "bing_gang",
        "position_source": "冇同章（區內）錨點，用故事主場景（將軍澳校園一帶）"
      }
    },
    {
      "type": "Feature",
      "geometry": {
        "type": "Point",
        "coordinates": [
          114.256558,
          22.306413
        ]
      },
      "properties": {
        "id": "loc_0496",
        "name": "二期KTV館",
        "display_name": "二期KTV館（虛構）",
        "location_type": "fictional",
        "fictional": true,
        "location_precision": "fictional",
        "story_position": {
          "x": 0.223,
          "y": 0.288
        },
        "first_appearance": 157,
        "chapters": [
          157
        ],
        "characters": [
          "董倫"
        ],
        "description": "康城二期內發生慘殺案嘅場所，該手法出自明哥手下，陸軒原本奉元老命令要在宴會上照樣無差別殺人。",
        "confidence": 0.85,
        "review_status": "reviewed",
        "source": "bing_gang",
        "position_source": "冇同章（區內）錨點，用故事主場景（將軍澳校園一帶）"
      }
    },
    {
      "type": "Feature",
      "geometry": {
        "type": "Point",
        "coordinates": [
          114.26563076218814,
          22.319049439230945
        ]
      },
      "properties": {
        "id": "loc_0497",
        "name": "尚德街市",
        "display_name": "尚德街市（參考位置）",
        "location_type": "district",
        "fictional": false,
        "location_precision": "approximate",
        "story_position": {
          "x": 0.693,
          "y": 0.376
        },
        "first_appearance": 87,
        "chapters": [
          87
        ],
        "characters": [],
        "description": "尚德街市係一個被刻意封鎖、內有蠟燭、紙皮字牌同播音機嘅街市。",
        "confidence": 0.92,
        "review_status": "reviewed",
        "source": "bing_gang"
      }
    },
    {
      "type": "Feature",
      "geometry": {
        "type": "Point",
        "coordinates": [
          114.254334,
          22.325346
        ]
      },
      "properties": {
        "id": "loc_0498",
        "name": "不良人糧庫",
        "display_name": "不良人糧庫（虛構）",
        "location_type": "fictional",
        "fictional": true,
        "location_precision": "fictional",
        "story_position": {
          "x": 0.831,
          "y": 0.416
        },
        "first_appearance": 109,
        "chapters": [
          109
        ],
        "characters": [],
        "description": "不良人據點內嘅糧食倉庫，存放大量物資，需要用斧頭破開沉重嘅鎖。",
        "confidence": 0.9,
        "review_status": "reviewed",
        "source": "bing_gang",
        "position_source": "同章（[109]）嘅 8 個已解析地點質心附近（環形偏移，id hash 決定）"
      }
    },
    {
      "type": "Feature",
      "geometry": {
        "type": "Point",
        "coordinates": [
          114.25782320897231,
          22.325953307392997
        ]
      },
      "properties": {
        "id": "loc_0499",
        "name": "學堂/孤兒所",
        "display_name": "學堂/孤兒所（參考位置）",
        "location_type": "district",
        "fictional": false,
        "location_precision": "approximate",
        "story_position": {
          "x": 0.68,
          "y": 0.394
        },
        "first_appearance": 109,
        "chapters": [
          109
        ],
        "characters": [
          "阿玲姑娘"
        ],
        "description": "阿寶同阿玲姑娘身處嘅地方，係學堂又係孤兒所。",
        "confidence": 0.9,
        "review_status": "reviewed",
        "source": "bing_gang"
      }
    },
    {
      "type": "Feature",
      "geometry": {
        "type": "Point",
        "coordinates": [
          114.26878544289312,
          22.330615976195926
        ]
      },
      "properties": {
        "id": "loc_0500",
        "name": "將軍澳城市公園外馬路",
        "display_name": "將軍澳城市公園外馬路（參考位置）",
        "location_type": "district",
        "fictional": false,
        "location_precision": "approximate",
        "story_position": {
          "x": 0.698,
          "y": 0.407
        },
        "first_appearance": 109,
        "chapters": [
          109
        ],
        "characters": [],
        "description": "敘事者、白魂、艾匡經過嘅地方，Dr.D被炸死嘅現場，充滿腐腥氣味同血肉橫飛。",
        "confidence": 0.95,
        "review_status": "reviewed",
        "source": "bing_gang"
      }
    },
    {
      "type": "Feature",
      "geometry": {
        "type": "Point",
        "coordinates": [
          114.23981036850537,
          22.32114756237125
        ]
      },
      "properties": {
        "id": "loc_0501",
        "name": "通往寶琳嘅行人隧道",
        "display_name": "通往寶琳嘅行人隧道（參考位置）",
        "location_type": "district",
        "fictional": false,
        "location_precision": "approximate",
        "story_position": {
          "x": 0.65,
          "y": 0.381
        },
        "first_appearance": 109,
        "chapters": [
          109
        ],
        "characters": [],
        "description": "從將軍澳通往寶琳倖存區嘅行人隧道，通過後便是另一個世界，隧道口前有人埋伏。",
        "confidence": 0.95,
        "review_status": "reviewed",
        "source": "bing_gang"
      }
    },
    {
      "type": "Feature",
      "geometry": {
        "type": "Point",
        "coordinates": [
          114.256961,
          22.323948
        ]
      },
      "properties": {
        "id": "loc_0502",
        "name": "巴士廠",
        "display_name": "巴士廠（虛構）",
        "location_type": "fictional",
        "fictional": true,
        "location_precision": "fictional",
        "story_position": {
          "x": 0.643,
          "y": 0.761
        },
        "first_appearance": 109,
        "chapters": [
          109
        ],
        "characters": [],
        "description": "敘事者計劃路線中要經過嘅巴士廠。",
        "confidence": 0.85,
        "review_status": "reviewed",
        "source": "bing_gang",
        "position_source": "同章（[109]）嘅 8 個已解析地點質心附近（環形偏移，id hash 決定）"
      }
    },
    {
      "type": "Feature",
      "geometry": {
        "type": "Point",
        "coordinates": [
          114.27782531471733,
          22.33495582513161
        ]
      },
      "properties": {
        "id": "loc_0503",
        "name": "將軍澳圖書館",
        "display_name": "將軍澳圖書館（參考位置）",
        "location_type": "district",
        "fictional": false,
        "location_precision": "approximate",
        "story_position": {
          "x": 0.713,
          "y": 0.419
        },
        "first_appearance": 109,
        "chapters": [
          109
        ],
        "characters": [],
        "description": "敘事者前往寶琳路線上會經過嘅圖書館。",
        "confidence": 0.85,
        "review_status": "reviewed",
        "source": "bing_gang"
      }
    },
    {
      "type": "Feature",
      "geometry": {
        "type": "Point",
        "coordinates": [
          114.26686134126803,
          22.32952959487297
        ]
      },
      "properties": {
        "id": "loc_0504",
        "name": "將軍澳游泳池",
        "display_name": "將軍澳游泳池（參考位置）",
        "location_type": "district",
        "fictional": false,
        "location_precision": "approximate",
        "story_position": {
          "x": 0.695,
          "y": 0.404
        },
        "first_appearance": 109,
        "chapters": [
          109
        ],
        "characters": [],
        "description": "敘事者前往寶琳路線上會經過嘅游泳池。",
        "confidence": 0.85,
        "review_status": "reviewed",
        "source": "bing_gang"
      }
    },
    {
      "type": "Feature",
      "geometry": {
        "type": "Point",
        "coordinates": [
          114.2415,
          22.3229
        ]
      },
      "properties": {
        "id": "loc_0505",
        "name": "張沛松中學",
        "display_name": "張沛松中學（推斷位置）",
        "location_type": "district",
        "fictional": false,
        "location_precision": "district",
        "story_position": {
          "x": 0.819,
          "y": 0.824
        },
        "first_appearance": 109,
        "chapters": [
          109
        ],
        "characters": [],
        "description": "敘事者前往寶琳路線中提及嘅中學。",
        "confidence": 0.85,
        "review_status": "reviewed",
        "source": "bing_gang",
        "inferred_from": "inf_loc_0505"
      }
    },
    {
      "type": "Feature",
      "geometry": {
        "type": "Point",
        "coordinates": [
          114.2585794460975,
          22.3191328908217
        ]
      },
      "properties": {
        "id": "loc_0506",
        "name": "新都城中心一期商場",
        "display_name": "新都城中心一期商場（參考位置）",
        "location_type": "district",
        "fictional": false,
        "location_precision": "approximate",
        "story_position": {
          "x": 0.681,
          "y": 0.376
        },
        "first_appearance": 109,
        "chapters": [
          109
        ],
        "characters": [],
        "description": "寶琳倖存區嘅範圍起點。",
        "confidence": 0.9,
        "review_status": "reviewed",
        "source": "bing_gang"
      }
    },
    {
      "type": "Feature",
      "geometry": {
        "type": "Point",
        "coordinates": [
          114.2415,
          22.3229
        ]
      },
      "properties": {
        "id": "loc_0507",
        "name": "寶琳村",
        "display_name": "寶琳村（推斷位置）",
        "location_type": "district",
        "fictional": false,
        "location_precision": "district",
        "story_position": {
          "x": 0.648,
          "y": 0.399
        },
        "first_appearance": 109,
        "chapters": [
          109
        ],
        "characters": [
          "貝果少女"
        ],
        "description": "寶琳倖存區嘅範圍終點。",
        "confidence": 0.85,
        "review_status": "reviewed",
        "source": "bing_gang",
        "inferred_from": "inf_loc_0507"
      }
    },
    {
      "type": "Feature",
      "geometry": {
        "type": "Point",
        "coordinates": [
          114.26297422751202,
          22.317177843900204
        ]
      },
      "properties": {
        "id": "loc_0508",
        "name": "詭區406號室",
        "display_name": "詭區406號室（推斷位置）",
        "location_type": "district",
        "fictional": false,
        "location_precision": "approximate",
        "story_position": {
          "x": 0.766,
          "y": 0.783
        },
        "first_appearance": 115,
        "chapters": [
          115
        ],
        "characters": [],
        "description": "位於梁潔華小學內的課室，內部如貨倉，存放大型貨物，為黑鼠商團首領約見主角之地。",
        "confidence": 0.95,
        "review_status": "reviewed",
        "source": "bing_gang",
        "inferred_from": "inf_loc_0508"
      }
    },
    {
      "type": "Feature",
      "geometry": {
        "type": "Point",
        "coordinates": [
          114.253375,
          22.30564
        ]
      },
      "properties": {
        "id": "loc_0509",
        "name": "和風",
        "display_name": "和風（推斷位置）",
        "location_type": "district",
        "fictional": false,
        "location_precision": "approximate",
        "story_position": {
          "x": 0.344,
          "y": 0.69
        },
        "first_appearance": 115,
        "chapters": [
          115
        ],
        "characters": [],
        "description": "位於倖存區上層的拉麵專門店，使用日本拉麵條，主角排隊二十分鐘入內用餐。",
        "confidence": 0.9,
        "review_status": "reviewed",
        "source": "bing_gang",
        "inferred_from": "inf_loc_0509"
      }
    },
    {
      "type": "Feature",
      "geometry": {
        "type": "Point",
        "coordinates": [
          114.255844,
          22.325773
        ]
      },
      "properties": {
        "id": "loc_0510",
        "name": "寶林邨",
        "display_name": "寶林邨（推斷位置）",
        "location_type": "landmark",
        "fictional": false,
        "location_precision": "exact",
        "story_position": {
          "x": 0.659,
          "y": 0.577
        },
        "first_appearance": 115,
        "chapters": [
          115
        ],
        "characters": [],
        "description": "寶琳倖存區偏西的平民區，主角首次踏入，街道車水馬龍，民宅亮著火光。",
        "confidence": 0.95,
        "review_status": "reviewed",
        "source": "bing_gang",
        "inferred_from": "inf_loc_0510"
      }
    },
    {
      "type": "Feature",
      "geometry": {
        "type": "Point",
        "coordinates": [
          114.255844,
          22.325773
        ]
      },
      "properties": {
        "id": "loc_0511",
        "name": "YAG酒吧",
        "display_name": "YAG酒吧（推斷位置）",
        "location_type": "district",
        "fictional": false,
        "location_precision": "approximate",
        "story_position": {
          "x": 0.767,
          "y": 0.373
        },
        "first_appearance": 115,
        "chapters": [
          115
        ],
        "characters": [],
        "description": "位於寶林邨地鋪的小酒吧，招牌被王達尼轉為正面的「GAY」，僅坐六、七人，提供炸麥皮蟲及黑啤。",
        "confidence": 0.95,
        "review_status": "reviewed",
        "source": "bing_gang",
        "inferred_from": "inf_loc_0511"
      }
    },
    {
      "type": "Feature",
      "geometry": {
        "type": "Point",
        "coordinates": [
          114.25343,
          22.30581
        ]
      },
      "properties": {
        "id": "loc_0512",
        "name": "下水道通道",
        "display_name": "下水道通道（推斷位置）",
        "location_type": "district",
        "fictional": false,
        "location_precision": "approximate",
        "story_position": {
          "x": 0.789,
          "y": 0.461
        },
        "first_appearance": 115,
        "chapters": [
          115
        ],
        "characters": [],
        "description": "王達尼耗時三個月研究渠務處地圖所發現，可自由往返大本營與寶琳倖存區的地下通道。",
        "confidence": 0.95,
        "review_status": "reviewed",
        "source": "bing_gang",
        "inferred_from": "inf_loc_0512"
      }
    },
    {
      "type": "Feature",
      "geometry": {
        "type": "Point",
        "coordinates": [
          114.257983,
          22.31477
        ]
      },
      "properties": {
        "id": "loc_0513",
        "name": "渠務處",
        "display_name": "渠務處（虛構）",
        "location_type": "fictional",
        "fictional": true,
        "location_precision": "fictional",
        "story_position": {
          "x": 0.777,
          "y": 0.695
        },
        "first_appearance": 115,
        "chapters": [
          115
        ],
        "characters": [],
        "description": "王達尼曾前往取得下水道城市圖則的政府部門。",
        "confidence": 0.85,
        "review_status": "reviewed",
        "source": "bing_gang",
        "position_source": "同章（[115]）嘅 5 個已解析地點質心附近（環形偏移，id hash 決定）"
      }
    },
    {
      "type": "Feature",
      "geometry": {
        "type": "Point",
        "coordinates": [
          114.24885,
          22.322493
        ]
      },
      "properties": {
        "id": "loc_0514",
        "name": "翠林新城",
        "display_name": "翠林新城（推斷位置）",
        "location_type": "landmark",
        "fictional": false,
        "location_precision": "exact",
        "story_position": {
          "x": 0.678,
          "y": 0.239
        },
        "first_appearance": 120,
        "chapters": [
          120
        ],
        "characters": [
          "燒海鮮店大嬸",
          "西餐廳女侍應",
          "食店大叔"
        ],
        "description": "翠林邨嘅食市中心位置，地鋪有燒海鮮店、狗肉店同高級西餐廳",
        "confidence": 0.93,
        "review_status": "reviewed",
        "source": "bing_gang",
        "inferred_from": "inf_loc_0514"
      }
    },
    {
      "type": "Feature",
      "geometry": {
        "type": "Point",
        "coordinates": [
          114.248766,
          22.323416
        ]
      },
      "properties": {
        "id": "loc_0515",
        "name": "翠林邨酒館",
        "display_name": "翠林邨酒館（推斷位置）",
        "location_type": "district",
        "fictional": false,
        "location_precision": "approximate",
        "story_position": {
          "x": 0.229,
          "y": 0.211
        },
        "first_appearance": 120,
        "chapters": [
          120
        ],
        "characters": [
          "胡子老闆",
          "南愚北賢"
        ],
        "description": "翠林邨一間幽暗嘅店子，胡子老闆經營，售賣調酒",
        "confidence": 0.92,
        "review_status": "reviewed",
        "source": "bing_gang",
        "inferred_from": "inf_loc_0515"
      }
    },
    {
      "type": "Feature",
      "geometry": {
        "type": "Point",
        "coordinates": [
          114.248766,
          22.323416
        ]
      },
      "properties": {
        "id": "loc_0516",
        "name": "社區會堂",
        "display_name": "社區會堂（推斷位置）",
        "location_type": "district",
        "fictional": false,
        "location_precision": "approximate",
        "story_position": {
          "x": 0.674,
          "y": 0.498
        },
        "first_appearance": 120,
        "chapters": [
          120
        ],
        "characters": [
          "光頭大叔"
        ],
        "description": "翠林邨最北面、偏僻嘅辦公地點，村長等重要人物商議事務嘅場所，閒雜人唔好入",
        "confidence": 0.95,
        "review_status": "reviewed",
        "source": "bing_gang",
        "inferred_from": "inf_loc_0516"
      }
    },
    {
      "type": "Feature",
      "geometry": {
        "type": "Point",
        "coordinates": [
          114.248766,
          22.323416
        ]
      },
      "properties": {
        "id": "loc_0517",
        "name": "大牛湖",
        "display_name": "大牛湖（推斷位置）",
        "location_type": "district",
        "fictional": false,
        "location_precision": "approximate",
        "story_position": {
          "x": 0.752,
          "y": 0.644
        },
        "first_appearance": 120,
        "chapters": [
          120
        ],
        "characters": [],
        "description": "從翠林邨行衛奕信徑３段約30分鐘到達，有乾淨湖水俾村民燒嚟飲",
        "confidence": 0.95,
        "review_status": "reviewed",
        "source": "bing_gang",
        "inferred_from": "inf_loc_0517"
      }
    },
    {
      "type": "Feature",
      "geometry": {
        "type": "Point",
        "coordinates": [
          114.248766,
          22.323416
        ]
      },
      "properties": {
        "id": "loc_0518",
        "name": "井欄樹村",
        "display_name": "井欄樹村（推斷位置）",
        "location_type": "district",
        "fictional": false,
        "location_precision": "approximate",
        "story_position": {
          "x": 0.299,
          "y": 0.541
        },
        "first_appearance": 120,
        "chapters": [
          120
        ],
        "characters": [],
        "description": "從大牛湖再行一個鐘可到嘅郊外村屋地之一，有大規模泥田種植",
        "confidence": 0.9,
        "review_status": "reviewed",
        "source": "bing_gang",
        "inferred_from": "inf_loc_0518"
      }
    },
    {
      "type": "Feature",
      "geometry": {
        "type": "Point",
        "coordinates": [
          114.248766,
          22.323416
        ]
      },
      "properties": {
        "id": "loc_0519",
        "name": "炭山村",
        "display_name": "炭山村（推斷位置）",
        "location_type": "district",
        "fictional": false,
        "location_precision": "approximate",
        "story_position": {
          "x": 0.687,
          "y": 0.394
        },
        "first_appearance": 120,
        "chapters": [
          120
        ],
        "characters": [],
        "description": "從大牛湖再行一個鐘可到嘅郊外村屋地之一",
        "confidence": 0.9,
        "review_status": "reviewed",
        "source": "bing_gang",
        "inferred_from": "inf_loc_0519"
      }
    },
    {
      "type": "Feature",
      "geometry": {
        "type": "Point",
        "coordinates": [
          114.248766,
          22.323416
        ]
      },
      "properties": {
        "id": "loc_0520",
        "name": "龍窩村",
        "display_name": "龍窩村（推斷位置）",
        "location_type": "district",
        "fictional": false,
        "location_precision": "approximate",
        "story_position": {
          "x": 0.752,
          "y": 0.841
        },
        "first_appearance": 120,
        "chapters": [
          120
        ],
        "characters": [],
        "description": "從大牛湖再行一個鐘可到嘅郊外村屋地之一",
        "confidence": 0.9,
        "review_status": "reviewed",
        "source": "bing_gang",
        "inferred_from": "inf_loc_0520"
      }
    },
    {
      "type": "Feature",
      "geometry": {
        "type": "Point",
        "coordinates": [
          114.248766,
          22.323416
        ]
      },
      "properties": {
        "id": "loc_0521",
        "name": "白石窩村",
        "display_name": "白石窩村（推斷位置）",
        "location_type": "district",
        "fictional": false,
        "location_precision": "approximate",
        "story_position": {
          "x": 0.633,
          "y": 0.652
        },
        "first_appearance": 120,
        "chapters": [
          120
        ],
        "characters": [],
        "description": "從大牛湖再行一個鐘可到嘅郊外村屋地之一",
        "confidence": 0.9,
        "review_status": "reviewed",
        "source": "bing_gang",
        "inferred_from": "inf_loc_0521"
      }
    },
    {
      "type": "Feature",
      "geometry": {
        "type": "Point",
        "coordinates": [
          114.248766,
          22.323416
        ]
      },
      "properties": {
        "id": "loc_0522",
        "name": "衛奕信徑３段",
        "display_name": "衛奕信徑３段（推斷位置）",
        "location_type": "district",
        "fictional": false,
        "location_precision": "approximate",
        "story_position": {
          "x": 0.547,
          "y": 0.675
        },
        "first_appearance": 120,
        "chapters": [
          120
        ],
        "characters": [],
        "description": "翠林邨對外嘅山路，可以經此行到大牛湖",
        "confidence": 0.93,
        "review_status": "reviewed",
        "source": "bing_gang",
        "inferred_from": "inf_loc_0522"
      }
    },
    {
      "type": "Feature",
      "geometry": {
        "type": "Point",
        "coordinates": [
          114.26843991760128,
          22.315563103685054
        ]
      },
      "properties": {
        "id": "loc_0523",
        "name": "醫院（主角所在醫院）",
        "display_name": "醫院（主角所在醫院）（參考位置）",
        "location_type": "district",
        "fictional": false,
        "location_precision": "approximate",
        "story_position": {
          "x": 0.697,
          "y": 0.366
        },
        "first_appearance": 132,
        "chapters": [
          132
        ],
        "characters": [],
        "description": "主角長居的醫院，內有加護病房收治四名昏迷男子及大BOSS，娃娃、公仔打理雜務",
        "confidence": 0.95,
        "review_status": "reviewed",
        "source": "bing_gang"
      }
    },
    {
      "type": "Feature",
      "geometry": {
        "type": "Point",
        "coordinates": [
          114.24598349736782,
          22.323881368734266
        ]
      },
      "properties": {
        "id": "loc_0524",
        "name": "艾寶琳倖存區邊境圍牆",
        "display_name": "艾寶琳倖存區邊境圍牆（參考位置）",
        "location_type": "district",
        "fictional": false,
        "location_precision": "approximate",
        "story_position": {
          "x": 0.66,
          "y": 0.389
        },
        "first_appearance": 132,
        "chapters": [
          132
        ],
        "characters": [],
        "description": "艾寶琳倖存區以鐵板、支架、木塊、鐵桶、磚頭、硬盒等堆砌的邊境圍牆",
        "confidence": 0.95,
        "review_status": "reviewed",
        "source": "bing_gang",
        "zone_ids": [
          "zone_66d5fbd6c1"
        ]
      }
    },
    {
      "type": "Feature",
      "geometry": {
        "type": "Point",
        "coordinates": [
          114.24542721446555,
          22.32612298008698
        ]
      },
      "properties": {
        "id": "loc_0525",
        "name": "艾寶琳倖存區主街道",
        "display_name": "艾寶琳倖存區主街道（參考位置）",
        "location_type": "district",
        "fictional": false,
        "location_precision": "approximate",
        "story_position": {
          "x": 0.659,
          "y": 0.395
        },
        "first_appearance": 132,
        "chapters": [
          132
        ],
        "characters": [],
        "description": "艾寶琳倖存區內地鐵站對出的大馬路主街道，兩旁擺滿攤檔",
        "confidence": 0.9,
        "review_status": "reviewed",
        "source": "bing_gang",
        "zone_ids": [
          "zone_66d5fbd6c1"
        ]
      }
    },
    {
      "type": "Feature",
      "geometry": {
        "type": "Point",
        "coordinates": [
          114.24080775921264,
          22.322824467841613
        ]
      },
      "properties": {
        "id": "loc_0526",
        "name": "地鐵站（艾寶琳倖存區內）",
        "display_name": "地鐵站（艾寶琳倖存區內）（參考位置）",
        "location_type": "district",
        "fictional": false,
        "location_precision": "approximate",
        "story_position": {
          "x": 0.651,
          "y": 0.386
        },
        "first_appearance": 132,
        "chapters": [
          132
        ],
        "characters": [],
        "description": "位於艾寶琳倖存區主街道的地鐵站，皇室區在其上蓋",
        "confidence": 0.85,
        "review_status": "reviewed",
        "source": "bing_gang",
        "zone_ids": [
          "zone_8746838b32"
        ]
      }
    },
    {
      "type": "Feature",
      "geometry": {
        "type": "Point",
        "coordinates": [
          114.2415,
          22.3229
        ]
      },
      "properties": {
        "id": "loc_0527",
        "name": "哈姆雷特雜貨店",
        "display_name": "哈姆雷特雜貨店（推斷位置）",
        "location_type": "district",
        "fictional": false,
        "location_precision": "district",
        "story_position": {
          "x": 0.483,
          "y": 0.248
        },
        "first_appearance": 132,
        "chapters": [
          132
        ],
        "characters": [
          "哈姆雷特雜貨店女店員"
        ],
        "description": "艾寶琳倖存區內一間名為哈姆雷特的雜貨店，肌肉惡漢從中步出",
        "confidence": 0.85,
        "review_status": "reviewed",
        "source": "bing_gang",
        "inferred_from": "inf_loc_0527"
      }
    },
    {
      "type": "Feature",
      "geometry": {
        "type": "Point",
        "coordinates": [
          114.26627159533074,
          22.32735275806821
        ]
      },
      "properties": {
        "id": "loc_0528",
        "name": "學校一樓視藝室",
        "display_name": "學校一樓視藝室（參考位置）",
        "location_type": "district",
        "fictional": false,
        "location_precision": "approximate",
        "story_position": {
          "x": 0.694,
          "y": 0.398
        },
        "first_appearance": 140,
        "chapters": [
          140
        ],
        "characters": [],
        "description": "校內一樓房間，被三腦用作擺放以人體製成嘅「藝術品」嘅秘密基地",
        "confidence": 0.97,
        "review_status": "reviewed",
        "source": "bing_gang"
      }
    },
    {
      "type": "Feature",
      "geometry": {
        "type": "Point",
        "coordinates": [
          114.27093353170062,
          22.323956099794003
        ]
      },
      "properties": {
        "id": "loc_0529",
        "name": "學校一樓教員室",
        "display_name": "學校一樓教員室（參考位置）",
        "location_type": "district",
        "fictional": false,
        "location_precision": "approximate",
        "story_position": {
          "x": 0.702,
          "y": 0.389
        },
        "first_appearance": 140,
        "chapters": [
          140
        ],
        "characters": [],
        "description": "位於學校一樓，三腦失控嘅輪椅曾撞入，撞飛隔牆、椅子、辦公桌等物品",
        "confidence": 0.96,
        "review_status": "reviewed",
        "source": "bing_gang"
      }
    },
    {
      "type": "Feature",
      "geometry": {
        "type": "Point",
        "coordinates": [
          114.270029,
          22.32282
        ]
      },
      "properties": {
        "id": "loc_0530",
        "name": "公共圖書館",
        "display_name": "公共圖書館（虛構）",
        "location_type": "fictional",
        "fictional": true,
        "location_precision": "fictional",
        "story_position": {
          "x": 0.831,
          "y": 0.31
        },
        "first_appearance": 140,
        "chapters": [
          140
        ],
        "characters": [],
        "description": "倖存區內嘅知識寶庫，三腦曾花一個月喺入面學習，但敘事者批評佢嘅書唔update",
        "confidence": 0.95,
        "review_status": "reviewed",
        "source": "bing_gang",
        "position_source": "同章（[140]）嘅 2 個已解析地點質心附近（環形偏移，id hash 決定）"
      }
    },
    {
      "type": "Feature",
      "geometry": {
        "type": "Point",
        "coordinates": [
          114.237899,
          22.323419
        ]
      },
      "properties": {
        "id": "loc_0531",
        "name": "翠林邨倖存區",
        "display_name": "翠林邨倖存區（虛構）",
        "location_type": "fictional",
        "fictional": true,
        "location_precision": "fictional",
        "story_position": {
          "x": 0.172,
          "y": 0.498
        },
        "first_appearance": 144,
        "chapters": [
          144
        ],
        "characters": [
          "瓦安",
          "三腦"
        ],
        "description": "曾被三腦秘密控制的倖存區。",
        "confidence": 0.85,
        "review_status": "reviewed",
        "source": "bing_gang",
        "zone_ids": [
          "zone_11f09f0b09"
        ],
        "position_source": "同章（[144]）嘅 1 個已解析地點質心附近（環形偏移，id hash 決定）"
      }
    },
    {
      "type": "Feature",
      "geometry": {
        "type": "Point",
        "coordinates": [
          114.2415,
          22.3229
        ]
      },
      "properties": {
        "id": "loc_0532",
        "name": "地下渠道／下水道",
        "display_name": "地下渠道／下水道（推斷位置）",
        "location_type": "district",
        "fictional": false,
        "location_precision": "district",
        "story_position": {
          "x": 0.83,
          "y": 0.382
        },
        "first_appearance": 144,
        "chapters": [
          144
        ],
        "characters": [],
        "description": "主角一行人從地下渠道返回艾寶琳倖存區的路徑。",
        "confidence": 0.9,
        "review_status": "reviewed",
        "source": "bing_gang",
        "inferred_from": "inf_loc_0532"
      }
    },
    {
      "type": "Feature",
      "geometry": {
        "type": "Point",
        "coordinates": [
          114.2415,
          22.3229
        ]
      },
      "properties": {
        "id": "loc_0533",
        "name": "倖存邊境",
        "display_name": "倖存邊境（推斷位置）",
        "location_type": "district",
        "fictional": false,
        "location_precision": "district",
        "story_position": {
          "x": 0.246,
          "y": 0.631
        },
        "first_appearance": 146,
        "chapters": [
          146
        ],
        "characters": [],
        "description": "艾寶琳倖存區的邊境地帶，圍牆曾被病者突破。",
        "confidence": 0.9,
        "review_status": "reviewed",
        "source": "bing_gang",
        "inferred_from": "inf_loc_0533"
      }
    },
    {
      "type": "Feature",
      "geometry": {
        "type": "Point",
        "coordinates": [
          114.2415,
          22.3229
        ]
      },
      "properties": {
        "id": "loc_0534",
        "name": "「哈姆雷特」雜貨店",
        "display_name": "「哈姆雷特」雜貨店（推斷位置）",
        "location_type": "district",
        "fictional": false,
        "location_precision": "district",
        "story_position": {
          "x": 0.638,
          "y": 0.303
        },
        "first_appearance": 146,
        "chapters": [
          146
        ],
        "characters": [],
        "description": "艾寶琳倖存區內的雜貨店，商品齊全，曾遭舞者破壞，王達尼從中取得天拿水水槍。",
        "confidence": 0.95,
        "review_status": "reviewed",
        "source": "bing_gang",
        "inferred_from": "inf_loc_0534"
      }
    },
    {
      "type": "Feature",
      "geometry": {
        "type": "Point",
        "coordinates": [
          114.245,
          22.302
        ]
      },
      "properties": {
        "id": "loc_0535",
        "name": "疊翠軒停車場",
        "display_name": "疊翠軒停車場（推斷位置）",
        "location_type": "district",
        "fictional": false,
        "location_precision": "approximate",
        "story_position": {
          "x": 0.229,
          "y": 0.55
        },
        "first_appearance": 146,
        "chapters": [
          146
        ],
        "characters": [],
        "description": "病獵公會曾在此挖掘深洞陷阱對付病者，鄰近靈實醫院。",
        "confidence": 0.9,
        "review_status": "reviewed",
        "source": "bing_gang",
        "inferred_from": "inf_loc_0535"
      }
    },
    {
      "type": "Feature",
      "geometry": {
        "type": "Point",
        "coordinates": [
          114.24502108033876,
          22.32266443121996
        ]
      },
      "properties": {
        "id": "loc_0536",
        "name": "艾寶琳深洞陷阱",
        "display_name": "艾寶琳深洞陷阱（參考位置）",
        "location_type": "district",
        "fictional": false,
        "location_precision": "approximate",
        "story_position": {
          "x": 0.658,
          "y": 0.386
        },
        "first_appearance": 146,
        "chapters": [
          146
        ],
        "characters": [],
        "description": "位於疊翠軒停車場，內置鐵刺，引誘或推病者跌入以殺之，亦用作關押重罪犯的監獄。",
        "confidence": 0.9,
        "review_status": "reviewed",
        "source": "bing_gang"
      }
    },
    {
      "type": "Feature",
      "geometry": {
        "type": "Point",
        "coordinates": [
          114.25375,
          22.30573
        ]
      },
      "properties": {
        "id": "loc_0537",
        "name": "C橦大樓",
        "display_name": "C橦大樓（推斷位置）",
        "location_type": "landmark",
        "fictional": false,
        "location_precision": "exact",
        "story_position": {
          "x": 0.415,
          "y": 0.659
        },
        "first_appearance": 148,
        "chapters": [
          148
        ],
        "characters": [],
        "description": "大本營內一座大樓，地下展覽中心用嚟教小朋友生活技能",
        "confidence": 0.95,
        "review_status": "reviewed",
        "source": "bing_gang",
        "inferred_from": "inf_loc_0537"
      }
    },
    {
      "type": "Feature",
      "geometry": {
        "type": "Point",
        "coordinates": [
          114.25343,
          22.30581
        ]
      },
      "properties": {
        "id": "loc_0538",
        "name": "大本營圖書館",
        "display_name": "大本營圖書館（推斷位置）",
        "location_type": "district",
        "fictional": false,
        "location_precision": "approximate",
        "story_position": {
          "x": 0.3,
          "y": 0.744
        },
        "first_appearance": 148,
        "chapters": [
          148
        ],
        "characters": [
          "阿玲"
        ],
        "description": "位於七樓，阿玲喺度講哈利波特故事畀孤兒聽；少佐留低咗一份文件喺圖書館辦公室",
        "confidence": 0.95,
        "review_status": "reviewed",
        "source": "bing_gang",
        "inferred_from": "inf_loc_0538"
      }
    },
    {
      "type": "Feature",
      "geometry": {
        "type": "Point",
        "coordinates": [
          114.25343,
          22.30581
        ]
      },
      "properties": {
        "id": "loc_0539",
        "name": "大本營活動室",
        "display_name": "大本營活動室（推斷位置）",
        "location_type": "district",
        "fictional": false,
        "location_precision": "approximate",
        "story_position": {
          "x": 0.501,
          "y": 0.687
        },
        "first_appearance": 148,
        "chapters": [
          148
        ],
        "characters": [],
        "description": "大舊喺度擔任導師教青年人防身術",
        "confidence": 0.95,
        "review_status": "reviewed",
        "source": "bing_gang",
        "inferred_from": "inf_loc_0539"
      }
    },
    {
      "type": "Feature",
      "geometry": {
        "type": "Point",
        "coordinates": [
          114.25359,
          22.30577
        ]
      },
      "properties": {
        "id": "loc_0540",
        "name": "愛紗宿舍",
        "display_name": "愛紗宿舍（推斷位置）",
        "location_type": "district",
        "fictional": false,
        "location_precision": "approximate",
        "story_position": {
          "x": 0.849,
          "y": 0.76
        },
        "first_appearance": 148,
        "chapters": [
          148
        ],
        "characters": [],
        "description": "王達尼、敘事者同瓦禮一齊食晚飯嘅地方",
        "confidence": 0.95,
        "review_status": "reviewed",
        "source": "bing_gang",
        "inferred_from": "inf_loc_0540"
      }
    },
    {
      "type": "Feature",
      "geometry": {
        "type": "Point",
        "coordinates": [
          114.25343,
          22.30581
        ]
      },
      "properties": {
        "id": "loc_0541",
        "name": "少佐的安區行動基地",
        "display_name": "少佐的安區行動基地（推斷位置）",
        "location_type": "district",
        "fictional": false,
        "location_precision": "approximate",
        "story_position": {
          "x": 0.449,
          "y": 0.671
        },
        "first_appearance": 149,
        "chapters": [
          149
        ],
        "characters": [],
        "description": "少佐以前的安區行動基地是諜報中心，現已荒廢佈滿灰塵，牆上列有大本營可疑倖存者名單。",
        "confidence": 0.96,
        "review_status": "reviewed",
        "source": "bing_gang",
        "inferred_from": "inf_loc_0541"
      }
    },
    {
      "type": "Feature",
      "geometry": {
        "type": "Point",
        "coordinates": [
          114.25375,
          22.30573
        ]
      },
      "properties": {
        "id": "loc_0542",
        "name": "C橦大廈",
        "display_name": "C橦大廈（推斷位置）",
        "location_type": "landmark",
        "fictional": false,
        "location_precision": "exact",
        "story_position": {
          "x": 0.27,
          "y": 0.454
        },
        "first_appearance": 149,
        "chapters": [
          149
        ],
        "characters": [],
        "description": "大本營內的C橦大廈設有工坊，存放各種工具及材料。",
        "confidence": 0.95,
        "review_status": "reviewed",
        "source": "bing_gang",
        "inferred_from": "inf_loc_0542"
      }
    },
    {
      "type": "Feature",
      "geometry": {
        "type": "Point",
        "coordinates": [
          114.25343,
          22.30581
        ]
      },
      "properties": {
        "id": "loc_0543",
        "name": "領導人辦公室",
        "display_name": "領導人辦公室（推斷位置）",
        "location_type": "district",
        "fictional": false,
        "location_precision": "approximate",
        "story_position": {
          "x": 0.697,
          "y": 0.58
        },
        "first_appearance": 149,
        "chapters": [
          149
        ],
        "characters": [],
        "description": "大本營內設有領導人辦公室，由大舊暫時代理。",
        "confidence": 0.95,
        "review_status": "reviewed",
        "source": "bing_gang",
        "inferred_from": "inf_loc_0543"
      }
    },
    {
      "type": "Feature",
      "geometry": {
        "type": "Point",
        "coordinates": [
          114.25359,
          22.30577
        ]
      },
      "properties": {
        "id": "loc_0544",
        "name": "A橦大樓",
        "display_name": "A橦大樓（推斷位置）",
        "location_type": "district",
        "fictional": false,
        "location_precision": "approximate",
        "story_position": {
          "x": 0.361,
          "y": 0.804
        },
        "first_appearance": 149,
        "chapters": [
          149
        ],
        "characters": [],
        "description": "第五搜索隊被派往A橦大樓搜索。",
        "confidence": 0.93,
        "review_status": "reviewed",
        "source": "bing_gang",
        "inferred_from": "inf_loc_0544"
      }
    },
    {
      "type": "Feature",
      "geometry": {
        "type": "Point",
        "coordinates": [
          114.2555232776379,
          22.30044321355001
        ]
      },
      "properties": {
        "id": "loc_0545",
        "name": "康城海濱",
        "display_name": "康城海濱（參考位置）",
        "location_type": "district",
        "fictional": false,
        "location_precision": "approximate",
        "story_position": {
          "x": 0.676,
          "y": 0.326
        },
        "first_appearance": 150,
        "chapters": [
          150
        ],
        "characters": [],
        "description": "敘事者經過嘅海濱區域，病者特別多",
        "confidence": 0.9,
        "review_status": "reviewed",
        "source": "bing_gang"
      }
    },
    {
      "type": "Feature",
      "geometry": {
        "type": "Point",
        "coordinates": [
          114.256027,
          22.296834
        ]
      },
      "properties": {
        "id": "loc_0546",
        "name": "行人單車徑",
        "display_name": "行人單車徑（虛構）",
        "location_type": "fictional",
        "fictional": true,
        "location_precision": "fictional",
        "story_position": {
          "x": 0.661,
          "y": 0.503
        },
        "first_appearance": 150,
        "chapters": [
          150
        ],
        "characters": [],
        "description": "通往康城嘅一條大約2KM嘅直路",
        "confidence": 0.85,
        "review_status": "reviewed",
        "source": "bing_gang",
        "position_source": "同章（[150]）嘅 1 個已解析地點質心附近（環形偏移，id hash 決定）"
      }
    },
    {
      "type": "Feature",
      "geometry": {
        "type": "Point",
        "coordinates": [
          114.26441666285191,
          22.304526894026093
        ]
      },
      "properties": {
        "id": "loc_0547",
        "name": "康城巴士站對出嘅大海",
        "display_name": "康城巴士站對出嘅大海（參考位置）",
        "location_type": "district",
        "fictional": false,
        "location_precision": "approximate",
        "story_position": {
          "x": 0.691,
          "y": 0.337
        },
        "first_appearance": 152,
        "chapters": [
          152
        ],
        "characters": [],
        "description": "主角引病獸跑出去嘅目的地，距離鐵絲網唔到十米",
        "confidence": 0.9,
        "review_status": "reviewed",
        "source": "bing_gang"
      }
    },
    {
      "type": "Feature",
      "geometry": {
        "type": "Point",
        "coordinates": [
          114.271598,
          22.315043
        ]
      },
      "properties": {
        "id": "loc_0548",
        "name": "康城一期行人橋",
        "display_name": "康城一期行人橋（虛構）",
        "location_type": "fictional",
        "fictional": true,
        "location_precision": "fictional",
        "story_position": {
          "x": 0.423,
          "y": 0.285
        },
        "first_appearance": 152,
        "chapters": [
          152
        ],
        "characters": [],
        "description": "主角觀察康城嘅行人橋，橋上有神秘男人凝視佢",
        "confidence": 0.9,
        "review_status": "reviewed",
        "source": "bing_gang",
        "position_source": "同章（[152]）嘅 2 個已解析地點質心附近（環形偏移，id hash 決定）"
      }
    },
    {
      "type": "Feature",
      "geometry": {
        "type": "Point",
        "coordinates": [
          114.273936,
          22.284353
        ]
      },
      "properties": {
        "id": "loc_0549",
        "name": "康城私人屋苑",
        "display_name": "康城私人屋苑（虛構）",
        "location_type": "fictional",
        "fictional": true,
        "location_precision": "fictional",
        "story_position": {
          "x": 0.524,
          "y": 0.828
        },
        "first_appearance": 153,
        "chapters": [
          153
        ],
        "characters": [],
        "description": "倖存者居住嘅私人屋苑，敘事者同明雲從呢度出發前往監獄。",
        "confidence": 0.95,
        "review_status": "reviewed",
        "source": "bing_gang",
        "position_source": "同章（[153]）嘅 1 個已解析地點質心附近（環形偏移，id hash 決定）"
      }
    },
    {
      "type": "Feature",
      "geometry": {
        "type": "Point",
        "coordinates": [
          114.274015,
          22.281868
        ]
      },
      "properties": {
        "id": "loc_0550",
        "name": "仁興工業大廈",
        "display_name": "仁興工業大廈（推斷位置）",
        "location_type": "landmark",
        "fictional": false,
        "location_precision": "exact",
        "story_position": {
          "x": 0.739,
          "y": 0.56
        },
        "first_appearance": 153,
        "chapters": [
          153
        ],
        "characters": [],
        "description": "位於將軍澳工業邨，被改裝成監獄，專門容納罪犯，稱為「不法者之獄」。",
        "confidence": 0.97,
        "review_status": "reviewed",
        "source": "bing_gang",
        "inferred_from": "inf_loc_0550"
      }
    },
    {
      "type": "Feature",
      "geometry": {
        "type": "Point",
        "coordinates": [
          114.251211,
          22.304843
        ]
      },
      "properties": {
        "id": "loc_0551",
        "name": "康城二期私人酒吧",
        "display_name": "康城二期私人酒吧（虛構）",
        "location_type": "fictional",
        "fictional": true,
        "location_precision": "fictional",
        "story_position": {
          "x": 0.389,
          "y": 0.298
        },
        "first_appearance": 154,
        "chapters": [
          154
        ],
        "characters": [],
        "description": "康城二期倖存區內一間由董倫經營的私人酒吧，是二期領導人森威克經常光顧的場所。",
        "confidence": 0.95,
        "review_status": "reviewed",
        "source": "bing_gang",
        "position_source": "冇同章（區內）錨點，用故事主場景（將軍澳校園一帶）"
      }
    },
    {
      "type": "Feature",
      "geometry": {
        "type": "Point",
        "coordinates": [
          114.259517,
          22.301927
        ]
      },
      "properties": {
        "id": "loc_0552",
        "name": "不法者監獄",
        "display_name": "不法者監獄（虛構）",
        "location_type": "fictional",
        "fictional": true,
        "location_precision": "fictional",
        "story_position": {
          "x": 0.241,
          "y": 0.815
        },
        "first_appearance": 155,
        "chapters": [
          155
        ],
        "characters": [
          "明雲醫生",
          "明雲",
          "少佐",
          "胖主任",
          "董倫"
        ],
        "description": "關押明雲同董倫嘅監獄，月黑風高之夜二人仍有對話。",
        "confidence": 0.85,
        "review_status": "reviewed",
        "source": "bing_gang",
        "position_source": "同章（[155]）嘅 1 個已解析地點質心附近（環形偏移，id hash 決定）"
      }
    },
    {
      "type": "Feature",
      "geometry": {
        "type": "Point",
        "coordinates": [
          114.261585,
          22.30725
        ]
      },
      "properties": {
        "id": "loc_0553",
        "name": "康城二期大樓天台",
        "display_name": "康城二期大樓天台（虛構）",
        "location_type": "fictional",
        "fictional": true,
        "location_precision": "fictional",
        "story_position": {
          "x": 0.695,
          "y": 0.431
        },
        "first_appearance": 155,
        "chapters": [
          155
        ],
        "characters": [],
        "description": "董倫與陸軒對話嘅場景，望月飲酒之地。",
        "confidence": 0.9,
        "review_status": "reviewed",
        "source": "bing_gang",
        "position_source": "同章（[155]）嘅 1 個已解析地點質心附近（環形偏移，id hash 決定）"
      }
    },
    {
      "type": "Feature",
      "geometry": {
        "type": "Point",
        "coordinates": [
          114.262288,
          22.301885
        ]
      },
      "properties": {
        "id": "loc_0554",
        "name": "明霧嘅書房",
        "display_name": "明霧嘅書房（虛構）",
        "location_type": "fictional",
        "fictional": true,
        "location_precision": "fictional",
        "story_position": {
          "x": 0.574,
          "y": 0.771
        },
        "first_appearance": 155,
        "chapters": [
          155
        ],
        "characters": [],
        "description": "明霧望月而坐、向董倫下達暗殺命令嘅場所。",
        "confidence": 0.85,
        "review_status": "reviewed",
        "source": "bing_gang",
        "position_source": "同章（[155]）嘅 1 個已解析地點質心附近（環形偏移，id hash 決定）"
      }
    },
    {
      "type": "Feature",
      "geometry": {
        "type": "Point",
        "coordinates": [
          114.261583,
          22.300691
        ]
      },
      "properties": {
        "id": "loc_0555",
        "name": "不法者監獄二樓走廊",
        "display_name": "不法者監獄二樓走廊（虛構）",
        "location_type": "fictional",
        "fictional": true,
        "location_precision": "fictional",
        "story_position": {
          "x": 0.685,
          "y": 0.79
        },
        "first_appearance": 156,
        "chapters": [
          156
        ],
        "characters": [],
        "description": "不法者監獄二樓有一條陰深嘅走廊，明雲就被囚禁於此處",
        "confidence": 0.95,
        "review_status": "reviewed",
        "source": "bing_gang",
        "position_source": "同章（[156]）嘅 1 個已解析地點質心附近（環形偏移，id hash 決定）"
      }
    },
    {
      "type": "Feature",
      "geometry": {
        "type": "Point",
        "coordinates": [
          114.256756,
          22.305953
        ]
      },
      "properties": {
        "id": "loc_0556",
        "name": "二期會所K館",
        "display_name": "二期會所K館（虛構）",
        "location_type": "fictional",
        "fictional": true,
        "location_precision": "fictional",
        "story_position": {
          "x": 0.182,
          "y": 0.319
        },
        "first_appearance": 158,
        "chapters": [
          158
        ],
        "characters": [],
        "description": "兩年前康城兩派撕殺時，有殺手闖入二期會所K館殺盡裡面所有人，官方統計零生還者。",
        "confidence": 0.9,
        "review_status": "reviewed",
        "source": "bing_gang",
        "position_source": "冇同章（區內）錨點，用故事主場景（將軍澳校園一帶）"
      }
    },
    {
      "type": "Feature",
      "geometry": {
        "type": "Point",
        "coordinates": [
          114.252664,
          22.308593
        ]
      },
      "properties": {
        "id": "loc_0557",
        "name": "倖存區中央燒烤場",
        "display_name": "倖存區中央燒烤場（虛構）",
        "location_type": "fictional",
        "fictional": true,
        "location_precision": "fictional",
        "story_position": {
          "x": 0.644,
          "y": 0.452
        },
        "first_appearance": 158,
        "chapters": [
          158
        ],
        "characters": [],
        "description": "敘事者在前往病房前，於倖存區中央的燒烤場烤方包充饑。",
        "confidence": 0.9,
        "review_status": "reviewed",
        "source": "bing_gang",
        "position_source": "冇同章（區內）錨點，用故事主場景（將軍澳校園一帶）"
      }
    },
    {
      "type": "Feature",
      "geometry": {
        "type": "Point",
        "coordinates": [
          114.253949,
          22.3075
        ]
      },
      "properties": {
        "id": "loc_0558",
        "name": "D層大樓",
        "display_name": "D層大樓（虛構）",
        "location_type": "fictional",
        "fictional": true,
        "location_precision": "fictional",
        "story_position": {
          "x": 0.236,
          "y": 0.59
        },
        "first_appearance": 158,
        "chapters": [
          158
        ],
        "characters": [
          "M",
          "老賢"
        ],
        "description": "M歷險故事中嘅場景，老賢喺度被推落去",
        "confidence": 0.8,
        "review_status": "reviewed",
        "source": "bing_gang",
        "position_source": "冇同章（區內）錨點，用故事主場景（將軍澳校園一帶）"
      }
    },
    {
      "type": "Feature",
      "geometry": {
        "type": "Point",
        "coordinates": [
          114.253961,
          22.303331
        ]
      },
      "properties": {
        "id": "loc_0559",
        "name": "康城大本營",
        "display_name": "康城大本營（虛構）",
        "location_type": "fictional",
        "fictional": true,
        "location_precision": "fictional",
        "story_position": {
          "x": 0.821,
          "y": 0.468
        },
        "first_appearance": 158,
        "chapters": [
          158
        ],
        "characters": [
          "夏晴"
        ],
        "description": "康城倖存區嘅首領據點，首領被引出後導致兩幫開戰",
        "confidence": 0.85,
        "review_status": "reviewed",
        "source": "bing_gang",
        "position_source": "冇同章（區內）錨點，用故事主場景（將軍澳校園一帶）"
      }
    },
    {
      "type": "Feature",
      "geometry": {
        "type": "Point",
        "coordinates": [
          114.251445,
          22.30292
        ]
      },
      "properties": {
        "id": "loc_0560",
        "name": "Sona被施暴嘅房間",
        "display_name": "Sona被施暴嘅房間（虛構）",
        "location_type": "fictional",
        "fictional": true,
        "location_precision": "fictional",
        "story_position": {
          "x": 0.559,
          "y": 0.24
        },
        "first_appearance": 158,
        "chapters": [
          158
        ],
        "characters": [],
        "description": "Sona主人格大多數時間身處嘅房間，亦係設置密室逃脫陷阱嘅地方",
        "confidence": 0.85,
        "review_status": "reviewed",
        "source": "bing_gang",
        "position_source": "冇同章（區內）錨點，用故事主場景（將軍澳校園一帶）"
      }
    },
    {
      "type": "Feature",
      "geometry": {
        "type": "Point",
        "coordinates": [
          114.256848,
          22.307849
        ]
      },
      "properties": {
        "id": "loc_0561",
        "name": "倖存區二期會所",
        "display_name": "倖存區二期會所（虛構）",
        "location_type": "fictional",
        "fictional": true,
        "location_precision": "fictional",
        "story_position": {
          "x": 0.517,
          "y": 0.431
        },
        "first_appearance": 159,
        "chapters": [
          159
        ],
        "characters": [],
        "description": "Sona悲劇發生嘅地方，內有K館",
        "confidence": 0.95,
        "review_status": "reviewed",
        "source": "bing_gang",
        "position_source": "冇同章（區內）錨點，用故事主場景（將軍澳校園一帶）"
      }
    },
    {
      "type": "Feature",
      "geometry": {
        "type": "Point",
        "coordinates": [
          114.256883,
          22.304575
        ]
      },
      "properties": {
        "id": "loc_0562",
        "name": "倖存區二期K館",
        "display_name": "倖存區二期K館（虛構）",
        "location_type": "fictional",
        "fictional": true,
        "location_precision": "fictional",
        "story_position": {
          "x": 0.336,
          "y": 0.664
        },
        "first_appearance": 159,
        "chapters": [
          159
        ],
        "characters": [],
        "description": "Sona記憶中發生大屠殺嘅房間",
        "confidence": 0.97,
        "review_status": "reviewed",
        "source": "bing_gang",
        "position_source": "冇同章（區內）錨點，用故事主場景（將軍澳校園一帶）"
      }
    },
    {
      "type": "Feature",
      "geometry": {
        "type": "Point",
        "coordinates": [
          114.250913,
          22.307706
        ]
      },
      "properties": {
        "id": "loc_0563",
        "name": "K館內嘅房間",
        "display_name": "K館內嘅房間（虛構）",
        "location_type": "fictional",
        "fictional": true,
        "location_precision": "fictional",
        "story_position": {
          "x": 0.685,
          "y": 0.39
        },
        "first_appearance": 159,
        "chapters": [
          159
        ],
        "characters": [],
        "description": "Sona記憶中雙親被殺、佢自己遭到侵犯嘅地方",
        "confidence": 0.95,
        "review_status": "reviewed",
        "source": "bing_gang",
        "position_source": "冇同章（區內）錨點，用故事主場景（將軍澳校園一帶）"
      }
    },
    {
      "type": "Feature",
      "geometry": {
        "type": "Point",
        "coordinates": [
          114.253392,
          22.309472
        ]
      },
      "properties": {
        "id": "loc_0564",
        "name": "草原（催眠夢境）",
        "display_name": "草原（催眠夢境）（虛構）",
        "location_type": "fictional",
        "fictional": true,
        "location_precision": "fictional",
        "story_position": {
          "x": 0.535,
          "y": 0.498
        },
        "first_appearance": 159,
        "chapters": [
          159
        ],
        "characters": [],
        "description": "醫生催眠Sona時描述嘅場景，一片草地、藍天白雲",
        "confidence": 0.95,
        "review_status": "reviewed",
        "source": "bing_gang",
        "position_source": "冇同章（區內）錨點，用故事主場景（將軍澳校園一帶）"
      }
    },
    {
      "type": "Feature",
      "geometry": {
        "type": "Point",
        "coordinates": [
          114.252153,
          22.307347
        ]
      },
      "properties": {
        "id": "loc_0565",
        "name": "白色嘅門（催眠夢境）",
        "display_name": "白色嘅門（催眠夢境）（虛構）",
        "location_type": "fictional",
        "fictional": true,
        "location_precision": "fictional",
        "story_position": {
          "x": 0.449,
          "y": 0.4
        },
        "first_appearance": 159,
        "chapters": [
          159
        ],
        "characters": [],
        "description": "催眠夢境中通往地鐵站嘅門",
        "confidence": 0.9,
        "review_status": "reviewed",
        "source": "bing_gang",
        "position_source": "冇同章（區內）錨點，用故事主場景（將軍澳校園一帶）"
      }
    },
    {
      "type": "Feature",
      "geometry": {
        "type": "Point",
        "coordinates": [
          114.255559,
          22.303901
        ]
      },
      "properties": {
        "id": "loc_0566",
        "name": "地鐵站",
        "display_name": "地鐵站（虛構）",
        "location_type": "fictional",
        "fictional": true,
        "location_precision": "fictional",
        "story_position": {
          "x": 0.775,
          "y": 0.772
        },
        "first_appearance": 159,
        "chapters": [
          159
        ],
        "characters": [
          "Sona",
          "巴力"
        ],
        "description": "催眠夢境中經過嘅場景，亦係巴力所在嘅地方",
        "confidence": 0.9,
        "review_status": "reviewed",
        "source": "bing_gang",
        "position_source": "冇同章（區內）錨點，用故事主場景（將軍澳校園一帶）"
      }
    },
    {
      "type": "Feature",
      "geometry": {
        "type": "Point",
        "coordinates": [
          114.255728,
          22.307075
        ]
      },
      "properties": {
        "id": "loc_0567",
        "name": "小社區（催眠夢境）",
        "display_name": "小社區（催眠夢境）（虛構）",
        "location_type": "fictional",
        "fictional": true,
        "location_precision": "fictional",
        "story_position": {
          "x": 0.616,
          "y": 0.752
        },
        "first_appearance": 159,
        "chapters": [
          159
        ],
        "characters": [],
        "description": "催眠夢境中嘅燒烤場景，有人歡樂燒烤",
        "confidence": 0.92,
        "review_status": "reviewed",
        "source": "bing_gang",
        "position_source": "冇同章（區內）錨點，用故事主場景（將軍澳校園一帶）"
      }
    },
    {
      "type": "Feature",
      "geometry": {
        "type": "Point",
        "coordinates": [
          114.253375,
          22.30564
        ]
      },
      "properties": {
        "id": "loc_0568",
        "name": "明哥書房",
        "display_name": "明哥書房（推斷位置）",
        "location_type": "district",
        "fictional": false,
        "location_precision": "approximate",
        "story_position": {
          "x": 0.846,
          "y": 0.637
        },
        "first_appearance": 160,
        "chapters": [
          160
        ],
        "characters": [],
        "description": "明哥位於倖存區的書房，明哥在此殺死助手並向董倫下令。",
        "confidence": 0.93,
        "review_status": "reviewed",
        "source": "bing_gang",
        "inferred_from": "inf_loc_0568"
      }
    },
    {
      "type": "Feature",
      "geometry": {
        "type": "Point",
        "coordinates": [
          114.255102,
          22.30406
        ]
      },
      "properties": {
        "id": "loc_0569",
        "name": "酒吧「Eagle」",
        "display_name": "酒吧「Eagle」（虛構）",
        "location_type": "fictional",
        "fictional": true,
        "location_precision": "fictional",
        "story_position": {
          "x": 0.209,
          "y": 0.389
        },
        "first_appearance": 160,
        "chapters": [
          160
        ],
        "characters": [
          "陸軒"
        ],
        "description": "陸軒在康城一期與二期交界開設的小酒吧，是董倫與陸軒交流、結下友誼的地方。",
        "confidence": 0.97,
        "review_status": "reviewed",
        "source": "bing_gang",
        "position_source": "同章（[160]）嘅 1 個已解析地點質心附近（環形偏移，id hash 決定）"
      }
    },
    {
      "type": "Feature",
      "geometry": {
        "type": "Point",
        "coordinates": [
          114.254682,
          22.308261
        ]
      },
      "properties": {
        "id": "loc_0570",
        "name": "暗倉",
        "display_name": "暗倉（虛構）",
        "location_type": "fictional",
        "fictional": true,
        "location_precision": "fictional",
        "story_position": {
          "x": 0.793,
          "y": 0.71
        },
        "first_appearance": 160,
        "chapters": [
          160
        ],
        "characters": [],
        "description": "康城一期用於酷刑囚禁犯人的地方，不見天日，董倫與陸軒雙雙被囚於此一星期。",
        "confidence": 0.96,
        "review_status": "reviewed",
        "source": "bing_gang",
        "position_source": "同章（[160]）嘅 1 個已解析地點質心附近（環形偏移，id hash 決定）"
      }
    },
    {
      "type": "Feature",
      "geometry": {
        "type": "Point",
        "coordinates": [
          114.252873,
          22.307839
        ]
      },
      "properties": {
        "id": "loc_0571",
        "name": "東南方倖存區",
        "display_name": "東南方倖存區（虛構）",
        "location_type": "fictional",
        "fictional": true,
        "location_precision": "fictional",
        "story_position": {
          "x": 0.578,
          "y": 0.389
        },
        "first_appearance": 160,
        "chapters": [
          160
        ],
        "characters": [
          "老賢"
        ],
        "description": "老賢所領導的倖存區，與康城倖存區進行技術交流。",
        "confidence": 0.9,
        "review_status": "reviewed",
        "source": "bing_gang",
        "zone_ids": [
          "zone_2a6972c1af"
        ],
        "position_source": "同章（[160]）嘅 1 個已解析地點質心附近（環形偏移，id hash 決定）"
      }
    },
    {
      "type": "Feature",
      "geometry": {
        "type": "Point",
        "coordinates": [
          114.252365,
          22.30762
        ]
      },
      "properties": {
        "id": "loc_0572",
        "name": "露天帳篷",
        "display_name": "露天帳篷（虛構）",
        "location_type": "fictional",
        "fictional": true,
        "location_precision": "fictional",
        "story_position": {
          "x": 0.729,
          "y": 0.656
        },
        "first_appearance": 160,
        "chapters": [
          160
        ],
        "characters": [],
        "description": "Dr.D同老賢搭建嘅鴨綠色露天醫療帳篷，設於康城某一個區域",
        "confidence": 0.95,
        "review_status": "reviewed",
        "source": "bing_gang",
        "position_source": "同章（[160]）嘅 1 個已解析地點質心附近（環形偏移，id hash 決定）"
      }
    },
    {
      "type": "Feature",
      "geometry": {
        "type": "Point",
        "coordinates": [
          114.255826,
          22.306096
        ]
      },
      "properties": {
        "id": "loc_0573",
        "name": "Eagle酒吧",
        "display_name": "Eagle酒吧（虛構）",
        "location_type": "fictional",
        "fictional": true,
        "location_precision": "fictional",
        "story_position": {
          "x": 0.434,
          "y": 0.69
        },
        "first_appearance": 161,
        "chapters": [
          161
        ],
        "characters": [
          "陸軒"
        ],
        "description": "一間已荒廢嘅酒吧，係董倫同陸軒嘅誓言場所",
        "confidence": 1.0,
        "review_status": "reviewed",
        "source": "bing_gang",
        "position_source": "冇同章（區內）錨點，用故事主場景（將軍澳校園一帶）"
      }
    },
    {
      "type": "Feature",
      "geometry": {
        "type": "Point",
        "coordinates": [
          114.253451,
          22.302957
        ]
      },
      "properties": {
        "id": "loc_0574",
        "name": "康城倖存區會所",
        "display_name": "康城倖存區會所（虛構）",
        "location_type": "fictional",
        "fictional": true,
        "location_precision": "fictional",
        "story_position": {
          "x": 0.429,
          "y": 0.841
        },
        "first_appearance": 161,
        "chapters": [
          161
        ],
        "characters": [],
        "description": "金鷹頭選舉宴會同元老會議室嘅所在，有宴客廳同二樓私人會議室",
        "confidence": 1.0,
        "review_status": "reviewed",
        "source": "bing_gang",
        "zone_ids": [
          "zone_ece9f6df6c"
        ],
        "position_source": "冇同章（區內）錨點，用故事主場景（將軍澳校園一帶）"
      }
    },
    {
      "type": "Feature",
      "geometry": {
        "type": "Point",
        "coordinates": [
          114.252069,
          22.307887
        ]
      },
      "properties": {
        "id": "loc_0575",
        "name": "鐵籠",
        "display_name": "鐵籠（虛構）",
        "location_type": "fictional",
        "fictional": true,
        "location_precision": "fictional",
        "story_position": {
          "x": 0.37,
          "y": 0.758
        },
        "first_appearance": 161,
        "chapters": [
          161
        ],
        "characters": [
          "阿登",
          "阿漢",
          "病腦",
          "大偉",
          "公仔",
          "M",
          "少佐"
        ],
        "description": "十二元老曾囚禁董倫嘅地方",
        "confidence": 1.0,
        "review_status": "reviewed",
        "source": "bing_gang",
        "position_source": "冇同章（區內）錨點，用故事主場景（將軍澳校園一帶）"
      }
    },
    {
      "type": "Feature",
      "geometry": {
        "type": "Point",
        "coordinates": [
          114.25674,
          22.305538
        ]
      },
      "properties": {
        "id": "loc_0576",
        "name": "康城電腦室",
        "display_name": "康城電腦室（虛構）",
        "location_type": "fictional",
        "fictional": true,
        "location_precision": "fictional",
        "story_position": {
          "x": 0.819,
          "y": 0.702
        },
        "first_appearance": 162,
        "chapters": [
          162
        ],
        "characters": [
          "熱心好青年"
        ],
        "description": "康城內播放錄影帶嘅設施，由一位熱心好青年負責操作",
        "confidence": 0.92,
        "review_status": "reviewed",
        "source": "bing_gang",
        "position_source": "冇同章（區內）錨點，用故事主場景（將軍澳校園一帶）"
      }
    },
    {
      "type": "Feature",
      "geometry": {
        "type": "Point",
        "coordinates": [
          114.252665,
          22.307841
        ]
      },
      "properties": {
        "id": "loc_0577",
        "name": "金門建築有限公司",
        "display_name": "金門建築有限公司（虛構）",
        "location_type": "fictional",
        "fictional": true,
        "location_precision": "fictional",
        "story_position": {
          "x": 0.49,
          "y": 0.818
        },
        "first_appearance": 162,
        "chapters": [
          162
        ],
        "characters": [
          "敘事者",
          "被囚男子"
        ],
        "description": "董倫於錄影帶中指定敘事者前往嘅地點，位於康城駿宏街一帶",
        "confidence": 0.95,
        "review_status": "reviewed",
        "source": "bing_gang",
        "position_source": "冇同章（區內）錨點，用故事主場景（將軍澳校園一帶）"
      }
    },
    {
      "type": "Feature",
      "geometry": {
        "type": "Point",
        "coordinates": [
          114.253385,
          22.303112
        ]
      },
      "properties": {
        "id": "loc_0578",
        "name": "康城駿宏街",
        "display_name": "康城駿宏街（虛構）",
        "location_type": "fictional",
        "fictional": true,
        "location_precision": "fictional",
        "story_position": {
          "x": 0.75,
          "y": 0.786
        },
        "first_appearance": 162,
        "chapters": [
          162
        ],
        "characters": [],
        "description": "金門建築有限公司所在嘅街道，位於康城區之內",
        "confidence": 0.85,
        "review_status": "reviewed",
        "source": "bing_gang",
        "position_source": "冇同章（區內）錨點，用故事主場景（將軍澳校園一帶）"
      }
    },
    {
      "type": "Feature",
      "geometry": {
        "type": "Point",
        "coordinates": [
          114.252775,
          22.30326
        ]
      },
      "properties": {
        "id": "loc_0579",
        "name": "辦公室",
        "display_name": "辦公室（虛構）",
        "location_type": "fictional",
        "fictional": true,
        "location_precision": "fictional",
        "story_position": {
          "x": 0.506,
          "y": 0.756
        },
        "first_appearance": 162,
        "chapters": [
          162
        ],
        "characters": [
          "小六",
          "少佐",
          "啤酒佬",
          "老賢",
          "Dr.D",
          "阿文",
          "Chris",
          "瑜小六",
          "大眼",
          "南愚",
          "北賢",
          "王達尼"
        ],
        "description": "敘事者找到一本字典查英文字母的房間/辦公室，鐵門密碼輸入後打開通往藏有保險箱的房間。",
        "confidence": 0.7,
        "review_status": "reviewed",
        "source": "bing_gang",
        "position_source": "冇同章（區內）錨點，用故事主場景（將軍澳校園一帶）"
      }
    },
    {
      "type": "Feature",
      "geometry": {
        "type": "Point",
        "coordinates": [
          114.254989,
          22.307639
        ]
      },
      "properties": {
        "id": "loc_0580",
        "name": "鐵門內嘅房間",
        "display_name": "鐵門內嘅房間（虛構）",
        "location_type": "fictional",
        "fictional": true,
        "location_precision": "fictional",
        "story_position": {
          "x": 0.546,
          "y": 0.259
        },
        "first_appearance": 162,
        "chapters": [
          162
        ],
        "characters": [],
        "description": "鐵門後的房間，內有播放大堂門口畫面的錄影鏡頭、未開封乾糧、放有SD卡和寫上「Loser」麻布袋的保險箱。",
        "confidence": 0.85,
        "review_status": "reviewed",
        "source": "bing_gang",
        "position_source": "冇同章（區內）錨點，用故事主場景（將軍澳校園一帶）"
      }
    },
    {
      "type": "Feature",
      "geometry": {
        "type": "Point",
        "coordinates": [
          114.253386,
          22.303566
        ]
      },
      "properties": {
        "id": "loc_0581",
        "name": "大堂",
        "display_name": "大堂（虛構）",
        "location_type": "fictional",
        "fictional": true,
        "location_precision": "fictional",
        "story_position": {
          "x": 0.301,
          "y": 0.847
        },
        "first_appearance": 162,
        "chapters": [
          162
        ],
        "characters": [
          "大眼",
          "王達尼"
        ],
        "description": "公司建築物入口大堂，敘事者從錄影機取得SD卡後返回此地。",
        "confidence": 0.7,
        "review_status": "reviewed",
        "source": "bing_gang",
        "position_source": "冇同章（區內）錨點，用故事主場景（將軍澳校園一帶）"
      }
    },
    {
      "type": "Feature",
      "geometry": {
        "type": "Point",
        "coordinates": [
          114.250948,
          22.303928
        ]
      },
      "properties": {
        "id": "loc_0582",
        "name": "無線電視台",
        "display_name": "無線電視台（虛構）",
        "location_type": "fictional",
        "fictional": true,
        "location_precision": "fictional",
        "story_position": {
          "x": 0.644,
          "y": 0.382
        },
        "first_appearance": 162,
        "chapters": [
          162
        ],
        "characters": [
          "董倫"
        ],
        "description": "敘事者判斷董倫要他前往的下一個地點，內部充滿錄影機，並有廣播系統和D-16號影廠。",
        "confidence": 0.9,
        "review_status": "reviewed",
        "source": "bing_gang",
        "position_source": "冇同章（區內）錨點，用故事主場景（將軍澳校園一帶）"
      }
    },
    {
      "type": "Feature",
      "geometry": {
        "type": "Point",
        "coordinates": [
          114.254604,
          22.302753
        ]
      },
      "properties": {
        "id": "loc_0583",
        "name": "D-16號影廠",
        "display_name": "D-16號影廠（虛構）",
        "location_type": "fictional",
        "fictional": true,
        "location_precision": "fictional",
        "story_position": {
          "x": 0.23,
          "y": 0.563
        },
        "first_appearance": 162,
        "chapters": [
          162
        ],
        "characters": [],
        "description": "電視台內的錄影廠房，董倫廣播指示敘事者進入該影廠。",
        "confidence": 0.9,
        "review_status": "reviewed",
        "source": "bing_gang",
        "position_source": "冇同章（區內）錨點，用故事主場景（將軍澳校園一帶）"
      }
    },
    {
      "type": "Feature",
      "geometry": {
        "type": "Point",
        "coordinates": [
          114.25622,
          22.307914
        ]
      },
      "properties": {
        "id": "loc_0584",
        "name": "D－１６錄影廠",
        "display_name": "D－１６錄影廠（虛構）",
        "location_type": "fictional",
        "fictional": true,
        "location_precision": "fictional",
        "story_position": {
          "x": 0.754,
          "y": 0.652
        },
        "first_appearance": 163,
        "chapters": [
          163
        ],
        "characters": [],
        "description": "D－１６錄影廠位於康城東北方向，要行過多條走廊先到達，內裡漆黑一片。",
        "confidence": 0.95,
        "review_status": "reviewed",
        "source": "bing_gang",
        "position_source": "同章（[163]）嘅 1 個已解析地點質心附近（環形偏移，id hash 決定）"
      }
    },
    {
      "type": "Feature",
      "geometry": {
        "type": "Point",
        "coordinates": [
          114.251672,
          22.306918
        ]
      },
      "properties": {
        "id": "loc_0585",
        "name": "翠林村倖存區",
        "display_name": "翠林村倖存區（虛構）",
        "location_type": "fictional",
        "fictional": true,
        "location_precision": "fictional",
        "story_position": {
          "x": 0.817,
          "y": 0.23
        },
        "first_appearance": 163,
        "chapters": [
          163
        ],
        "characters": [
          "北賢"
        ],
        "description": "翠林村係一個自給自足嘅倖存區，對外有山路通往田地、水源、樹林、石礦等資源重地。",
        "confidence": 0.9,
        "review_status": "reviewed",
        "source": "bing_gang",
        "zone_ids": [
          "zone_11f09f0b09"
        ],
        "position_source": "同章（[163]）嘅 1 個已解析地點質心附近（環形偏移，id hash 決定）"
      }
    },
    {
      "type": "Feature",
      "geometry": {
        "type": "Point",
        "coordinates": [
          114.25343,
          22.30581
        ]
      },
      "properties": {
        "id": "loc_0586",
        "name": "老賢統治嘅大本營",
        "display_name": "老賢統治嘅大本營（推斷位置）",
        "location_type": "district",
        "fictional": false,
        "location_precision": "approximate",
        "story_position": {
          "x": 0.479,
          "y": 0.435
        },
        "first_appearance": 163,
        "chapters": [
          163
        ],
        "characters": [],
        "description": "老賢統治嘅大本營入面有唔少元老成員，包括少佐、Dr.D、董倫、大舊老師等。",
        "confidence": 0.85,
        "review_status": "reviewed",
        "source": "bing_gang",
        "inferred_from": "inf_loc_0586"
      }
    },
    {
      "type": "Feature",
      "geometry": {
        "type": "Point",
        "coordinates": [
          114.251478,
          22.302988
        ]
      },
      "properties": {
        "id": "loc_0587",
        "name": "電視台",
        "display_name": "電視台（虛構）",
        "location_type": "fictional",
        "fictional": true,
        "location_precision": "fictional",
        "story_position": {
          "x": 0.16,
          "y": 0.818
        },
        "first_appearance": 164,
        "chapters": [
          164
        ],
        "characters": [
          "董倫",
          "少佐"
        ],
        "description": "董倫喺電視台大堂中為M留下最後線索（地圖）。",
        "confidence": 0.9,
        "review_status": "reviewed",
        "source": "bing_gang",
        "position_source": "冇同章（區內）錨點，用故事主場景（將軍澳校園一帶）"
      }
    },
    {
      "type": "Feature",
      "geometry": {
        "type": "Point",
        "coordinates": [
          114.250829,
          22.304832
        ]
      },
      "properties": {
        "id": "loc_0588",
        "name": "康城環保大道",
        "display_name": "康城環保大道（虛構）",
        "location_type": "fictional",
        "fictional": true,
        "location_precision": "fictional",
        "story_position": {
          "x": 0.752,
          "y": 0.339
        },
        "first_appearance": 164,
        "chapters": [
          164
        ],
        "characters": [],
        "description": "M逆住風雨前往董倫最終場所嘅街道。",
        "confidence": 0.95,
        "review_status": "reviewed",
        "source": "bing_gang",
        "position_source": "冇同章（區內）錨點，用故事主場景（將軍澳校園一帶）"
      }
    },
    {
      "type": "Feature",
      "geometry": {
        "type": "Point",
        "coordinates": [
          114.255521,
          22.306436
        ]
      },
      "properties": {
        "id": "loc_0589",
        "name": "單層式辦公室",
        "display_name": "單層式辦公室（虛構）",
        "location_type": "fictional",
        "fictional": true,
        "location_precision": "fictional",
        "story_position": {
          "x": 0.83,
          "y": 0.567
        },
        "first_appearance": 164,
        "chapters": [
          164
        ],
        "characters": [],
        "description": "董倫嘅最終場所，內有大鐵籠鎖住少佐，係最後俄羅斯輪盤遊戲嘅發生地。",
        "confidence": 0.95,
        "review_status": "reviewed",
        "source": "bing_gang",
        "position_source": "冇同章（區內）錨點，用故事主場景（將軍澳校園一帶）"
      }
    },
    {
      "type": "Feature",
      "geometry": {
        "type": "Point",
        "coordinates": [
          114.250744,
          22.30397
        ]
      },
      "properties": {
        "id": "loc_0590",
        "name": "不法者基地",
        "display_name": "不法者基地（虛構）",
        "location_type": "fictional",
        "fictional": true,
        "location_precision": "fictional",
        "story_position": {
          "x": 0.205,
          "y": 0.758
        },
        "first_appearance": 164,
        "chapters": [
          164
        ],
        "characters": [],
        "description": "不法者嘅根據地，少佐潛入救人嘅地方。",
        "confidence": 0.95,
        "review_status": "reviewed",
        "source": "bing_gang",
        "position_source": "冇同章（區內）錨點，用故事主場景（將軍澳校園一帶）"
      }
    },
    {
      "type": "Feature",
      "geometry": {
        "type": "Point",
        "coordinates": [
          114.2521,
          22.30413
        ]
      },
      "properties": {
        "id": "loc_0591",
        "name": "康城倖存區花園",
        "display_name": "康城倖存區花園（虛構）",
        "location_type": "fictional",
        "fictional": true,
        "location_precision": "fictional",
        "story_position": {
          "x": 0.502,
          "y": 0.285
        },
        "first_appearance": 164,
        "chapters": [
          164
        ],
        "characters": [],
        "description": "花園位於康城倖存區面海嘅東面，係一個寧靜人稀嘅地方，角色喺度賞花。",
        "confidence": 1.0,
        "review_status": "reviewed",
        "source": "bing_gang",
        "zone_ids": [
          "zone_ece9f6df6c"
        ],
        "position_source": "冇同章（區內）錨點，用故事主場景（將軍澳校園一帶）"
      }
    },
    {
      "type": "Feature",
      "geometry": {
        "type": "Point",
        "coordinates": [
          114.25343,
          22.30581
        ]
      },
      "properties": {
        "id": "loc_0592",
        "name": "不良人",
        "display_name": "不良人（推斷位置）",
        "location_type": "district",
        "fictional": false,
        "location_precision": "approximate",
        "story_position": {
          "x": 0.362,
          "y": 0.201
        },
        "first_appearance": 165,
        "chapters": [
          165
        ],
        "characters": [
          "老賢",
          "不良人",
          "少佐",
          "間諜",
          "不破尚",
          "大舊",
          "犬京",
          "Ricky",
          "傑仔",
          "病童",
          "馬德梵",
          "「我」（敘事者）",
          "滿天",
          "娃娃",
          "公仔",
          "董倫",
          "江子千",
          "公仔與娃娃",
          "老師（敘事者）",
          "馬德梵老婆"
        ],
        "description": "被提及嘅另一倖存區/組織（少佐曾由不良人轉到大本營）。",
        "confidence": 0.9,
        "review_status": "reviewed",
        "source": "bing_gang",
        "inferred_from": "inf_loc_0592"
      }
    },
    {
      "type": "Feature",
      "geometry": {
        "type": "Point",
        "coordinates": [
          114.253429,
          22.30581
        ]
      },
      "properties": {
        "id": "loc_0593",
        "name": "精神科診所",
        "display_name": "精神科診所（推斷位置）",
        "location_type": "district",
        "fictional": false,
        "location_precision": "approximate",
        "story_position": {
          "x": 0.268,
          "y": 0.36
        },
        "first_appearance": 165,
        "chapters": [
          165
        ],
        "characters": [
          "明雲"
        ],
        "description": "位於康城倖存區嘅精神科診所，Sona覆診嘅地點。",
        "confidence": 0.85,
        "review_status": "reviewed",
        "source": "bing_gang",
        "inferred_from": "inf_loc_0593"
      }
    },
    {
      "type": "Feature",
      "geometry": {
        "type": "Point",
        "coordinates": [
          114.253429,
          22.30581
        ]
      },
      "properties": {
        "id": "loc_0594",
        "name": "KTV館",
        "display_name": "KTV館（推斷位置）",
        "location_type": "district",
        "fictional": false,
        "location_precision": "approximate",
        "story_position": {
          "x": 0.808,
          "y": 0.792
        },
        "first_appearance": 165,
        "chapters": [
          165
        ],
        "characters": [
          "董倫"
        ],
        "description": "兩年前明雲父親做嘅事件發生地點（Sona當年對門外求救）。",
        "confidence": 0.8,
        "review_status": "reviewed",
        "source": "bing_gang",
        "inferred_from": "inf_loc_0594"
      }
    },
    {
      "type": "Feature",
      "geometry": {
        "type": "Point",
        "coordinates": [
          114.27224014648661,
          22.334842847333487
        ]
      },
      "properties": {
        "id": "loc_0595",
        "name": "將軍澳魔鬼山林中別墅",
        "display_name": "將軍澳魔鬼山林中別墅（參考位置）",
        "location_type": "district",
        "fictional": false,
        "location_precision": "approximate",
        "story_position": {
          "x": 0.704,
          "y": 0.418
        },
        "first_appearance": 167,
        "chapters": [
          167
        ],
        "characters": [
          "不破尚"
        ],
        "description": "將軍澳魔鬼山林中別墅係不破尚嘅據點，曾有飛虎一隊喺下午六點半進行攻堅記錄。",
        "confidence": 0.93,
        "review_status": "reviewed",
        "source": "bing_gang"
      }
    },
    {
      "type": "Feature",
      "geometry": {
        "type": "Point",
        "coordinates": [
          114.25343,
          22.30581
        ]
      },
      "properties": {
        "id": "loc_0596",
        "name": "暗門",
        "display_name": "暗門（推斷位置）",
        "location_type": "district",
        "fictional": false,
        "location_precision": "approximate",
        "story_position": {
          "x": 0.302,
          "y": 0.834
        },
        "first_appearance": 167,
        "chapters": [
          167
        ],
        "characters": [],
        "description": "大本營設有暗門供身份敏感者秘密進入。",
        "confidence": 0.95,
        "review_status": "reviewed",
        "source": "bing_gang",
        "inferred_from": "inf_loc_0596"
      }
    },
    {
      "type": "Feature",
      "geometry": {
        "type": "Point",
        "coordinates": [
          114.25343,
          22.30581
        ]
      },
      "properties": {
        "id": "loc_0597",
        "name": "大本營C橦工坊",
        "display_name": "大本營C橦工坊（推斷位置）",
        "location_type": "district",
        "fictional": false,
        "location_precision": "approximate",
        "story_position": {
          "x": 0.194,
          "y": 0.807
        },
        "first_appearance": 168,
        "chapters": [
          168
        ],
        "characters": [
          "愛紗"
        ],
        "description": "瓦禮在大本營內交流及喝茶的工坊所在",
        "confidence": 0.95,
        "review_status": "reviewed",
        "source": "bing_gang",
        "inferred_from": "inf_loc_0597"
      }
    },
    {
      "type": "Feature",
      "geometry": {
        "type": "Point",
        "coordinates": [
          114.254786,
          22.306991
        ]
      },
      "properties": {
        "id": "loc_0598",
        "name": "林中別墅",
        "display_name": "林中別墅（虛構）",
        "location_type": "fictional",
        "fictional": true,
        "location_precision": "fictional",
        "story_position": {
          "x": 0.546,
          "y": 0.567
        },
        "first_appearance": 169,
        "chapters": [
          169
        ],
        "characters": [
          "不破尚"
        ],
        "description": "飛虎隊攻堅嘅目標地點，歐式風格，附近嘅樹都枯死，內有隱形密室",
        "confidence": 0.95,
        "review_status": "reviewed",
        "source": "bing_gang",
        "position_source": "冇同章（區內）錨點，用故事主場景（將軍澳校園一帶）"
      }
    },
    {
      "type": "Feature",
      "geometry": {
        "type": "Point",
        "coordinates": [
          114.251276,
          22.307866
        ]
      },
      "properties": {
        "id": "loc_0599",
        "name": "別墅地下密室",
        "display_name": "別墅地下密室（虛構）",
        "location_type": "fictional",
        "fictional": true,
        "location_precision": "fictional",
        "story_position": {
          "x": 0.324,
          "y": 0.334
        },
        "first_appearance": 169,
        "chapters": [
          169
        ],
        "characters": [],
        "description": "別墅地毯下嘅隱形密室通道，內有地下研究室，藏有試管、肉體樣本、解剖檯等",
        "confidence": 0.95,
        "review_status": "reviewed",
        "source": "bing_gang",
        "position_source": "冇同章（區內）錨點，用故事主場景（將軍澳校園一帶）"
      }
    },
    {
      "type": "Feature",
      "geometry": {
        "type": "Point",
        "coordinates": [
          114.256755,
          22.307724
        ]
      },
      "properties": {
        "id": "loc_0600",
        "name": "Stanley Prusiner Laboratory",
        "display_name": "Stanley Prusiner Laboratory（虛構）",
        "location_type": "fictional",
        "fictional": true,
        "location_precision": "fictional",
        "story_position": {
          "x": 0.75,
          "y": 0.192
        },
        "first_appearance": 169,
        "chapters": [
          169
        ],
        "characters": [
          "余智海"
        ],
        "description": "余智海博士曾經做研究嘅地方",
        "confidence": 0.85,
        "review_status": "reviewed",
        "source": "bing_gang",
        "position_source": "冇同章（區內）錨點，用故事主場景（將軍澳校園一帶）"
      }
    },
    {
      "type": "Feature",
      "geometry": {
        "type": "Point",
        "coordinates": [
          114.250312,
          22.308189
        ]
      },
      "properties": {
        "id": "loc_0601",
        "name": "Stowers Institute for Medical Research",
        "display_name": "Stowers Institute for Medical Research（虛構）",
        "location_type": "fictional",
        "fictional": true,
        "location_precision": "fictional",
        "story_position": {
          "x": 0.452,
          "y": 0.286
        },
        "first_appearance": 169,
        "chapters": [
          169
        ],
        "characters": [
          "余智海"
        ],
        "description": "余智海博士曾經做研究嘅地方",
        "confidence": 0.85,
        "review_status": "reviewed",
        "source": "bing_gang",
        "position_source": "冇同章（區內）錨點，用故事主場景（將軍澳校園一帶）"
      }
    },
    {
      "type": "Feature",
      "geometry": {
        "type": "Point",
        "coordinates": [
          114.251346,
          22.304073
        ]
      },
      "properties": {
        "id": "loc_0602",
        "name": "密室",
        "display_name": "密室（虛構）",
        "location_type": "fictional",
        "fictional": true,
        "location_precision": "fictional",
        "story_position": {
          "x": 0.167,
          "y": 0.27
        },
        "first_appearance": 169,
        "chapters": [
          169
        ],
        "characters": [
          "娃娃",
          "公仔",
          "銘凱",
          "少佐",
          "不破尚",
          "敘事者"
        ],
        "description": "博士同飛虎隊交戰嘅封閉空間，內有機器可作掩護。",
        "confidence": 0.95,
        "review_status": "reviewed",
        "source": "bing_gang",
        "position_source": "冇同章（區內）錨點，用故事主場景（將軍澳校園一帶）"
      }
    },
    {
      "type": "Feature",
      "geometry": {
        "type": "Point",
        "coordinates": [
          114.2560612497139,
          22.33470798809796
        ]
      },
      "properties": {
        "id": "loc_0603",
        "name": "林中古宅",
        "display_name": "林中古宅（推斷位置）",
        "location_type": "district",
        "fictional": false,
        "location_precision": "approximate",
        "story_position": {
          "x": 0.347,
          "y": 0.228
        },
        "first_appearance": 170,
        "chapters": [
          170
        ],
        "characters": [
          "余智海博士",
          "敘事者",
          "敘事者（自稱，疑似代號M）"
        ],
        "description": "位於魔鬼山，內有地下密室，余智海博士與不破尚、銘凱戰鬥之地",
        "confidence": 0.95,
        "review_status": "reviewed",
        "source": "bing_gang",
        "inferred_from": "inf_loc_0603"
      }
    },
    {
      "type": "Feature",
      "geometry": {
        "type": "Point",
        "coordinates": [
          114.256602,
          22.33188
        ]
      },
      "properties": {
        "id": "loc_0604",
        "name": "地下密室",
        "display_name": "地下密室（虛構）",
        "location_type": "fictional",
        "fictional": true,
        "location_precision": "fictional",
        "story_position": {
          "x": 0.716,
          "y": 0.217
        },
        "first_appearance": 170,
        "chapters": [
          170
        ],
        "characters": [
          "不破尚",
          "銘凱"
        ],
        "description": "林中古宅內部空間，不破尚最後丟入手榴彈",
        "confidence": 0.95,
        "review_status": "reviewed",
        "source": "bing_gang",
        "position_source": "同章（[170]）嘅 1 個已解析地點質心附近（環形偏移，id hash 決定）"
      }
    },
    {
      "type": "Feature",
      "geometry": {
        "type": "Point",
        "coordinates": [
          114.256516,
          22.336735
        ]
      },
      "properties": {
        "id": "loc_0605",
        "name": "一樓演講廳",
        "display_name": "一樓演講廳（虛構）",
        "location_type": "fictional",
        "fictional": true,
        "location_precision": "fictional",
        "story_position": {
          "x": 0.391,
          "y": 0.65
        },
        "first_appearance": 170,
        "chapters": [
          170
        ],
        "characters": [],
        "description": "B橦大樓一樓的病者學堂，由大舊授課",
        "confidence": 0.95,
        "review_status": "reviewed",
        "source": "bing_gang",
        "position_source": "同章（[170]）嘅 1 個已解析地點質心附近（環形偏移，id hash 決定）"
      }
    },
    {
      "type": "Feature",
      "geometry": {
        "type": "Point",
        "coordinates": [
          114.26620915541314,
          22.310558777752348
        ]
      },
      "properties": {
        "id": "loc_0606",
        "name": "彩明街",
        "display_name": "彩明街（參考位置）",
        "location_type": "district",
        "fictional": false,
        "location_precision": "approximate",
        "story_position": {
          "x": 0.694,
          "y": 0.353
        },
        "first_appearance": 171,
        "chapters": [
          171
        ],
        "characters": [],
        "description": "離開大本營後，往彩明街方向上斜坡直行，可以有條小山路通往魔鬼山",
        "confidence": 0.9,
        "review_status": "reviewed",
        "source": "bing_gang"
      }
    },
    {
      "type": "Feature",
      "geometry": {
        "type": "Point",
        "coordinates": [
          114.264392,
          22.314686
        ]
      },
      "properties": {
        "id": "loc_0607",
        "name": "林中古宅地下室",
        "display_name": "林中古宅地下室（虛構）",
        "location_type": "fictional",
        "fictional": true,
        "location_precision": "fictional",
        "story_position": {
          "x": 0.413,
          "y": 0.802
        },
        "first_appearance": 171,
        "chapters": [
          171
        ],
        "characters": [],
        "description": "古宅大廳之下有密室秘門通往的地下密室，內有辦公桌及實驗資料",
        "confidence": 0.95,
        "review_status": "reviewed",
        "source": "bing_gang",
        "position_source": "同章（[171]）嘅 3 個已解析地點質心附近（環形偏移，id hash 決定）"
      }
    },
    {
      "type": "Feature",
      "geometry": {
        "type": "Point",
        "coordinates": [
          114.24996250858321,
          22.303681391622796
        ]
      },
      "properties": {
        "id": "loc_0609",
        "name": "靈實醫院精神科病院",
        "display_name": "靈實醫院精神科病院（參考位置）",
        "location_type": "district",
        "fictional": false,
        "location_precision": "approximate",
        "story_position": {
          "x": 0.667,
          "y": 0.334
        },
        "first_appearance": 171,
        "chapters": [
          171
        ],
        "characters": [
          "北賢",
          "南愚"
        ],
        "description": "北賢和南愚原為靈實醫院精神科病院的病人",
        "confidence": 0.95,
        "review_status": "reviewed",
        "source": "bing_gang"
      }
    },
    {
      "type": "Feature",
      "geometry": {
        "type": "Point",
        "coordinates": [
          114.254269,
          22.309125
        ]
      },
      "properties": {
        "id": "loc_0610",
        "name": "翠林村酒吧",
        "display_name": "翠林村酒吧（虛構）",
        "location_type": "fictional",
        "fictional": true,
        "location_precision": "fictional",
        "story_position": {
          "x": 0.628,
          "y": 0.833
        },
        "first_appearance": 172,
        "chapters": [
          172
        ],
        "characters": [
          "南愚"
        ],
        "description": "翠林村嗰間酒吧係南愚同敘事者上次見面並打到地暗天昏嘅地方",
        "confidence": 0.85,
        "review_status": "reviewed",
        "source": "bing_gang",
        "position_source": "冇同章（區內）錨點，用故事主場景（將軍澳校園一帶）"
      }
    },
    {
      "type": "Feature",
      "geometry": {
        "type": "Point",
        "coordinates": [
          114.25355,
          22.30613
        ]
      },
      "properties": {
        "id": "loc_0611",
        "name": "B橦影院室",
        "display_name": "B橦影院室（推斷位置）",
        "location_type": "landmark",
        "fictional": false,
        "location_precision": "exact",
        "story_position": {
          "x": 0.765,
          "y": 0.273
        },
        "first_appearance": 173,
        "chapters": [
          173
        ],
        "characters": [],
        "description": "大本營B橦嘅影院，被少佐以領導職權停止原播嘅電影以播放光碟",
        "confidence": 0.95,
        "review_status": "reviewed",
        "source": "bing_gang",
        "inferred_from": "inf_loc_0611"
      }
    },
    {
      "type": "Feature",
      "geometry": {
        "type": "Point",
        "coordinates": [
          114.25343,
          22.30581
        ]
      },
      "properties": {
        "id": "loc_0612",
        "name": "領導房",
        "display_name": "領導房（推斷位置）",
        "location_type": "district",
        "fictional": false,
        "location_precision": "approximate",
        "story_position": {
          "x": 0.309,
          "y": 0.645
        },
        "first_appearance": 173,
        "chapters": [
          173
        ],
        "characters": [
          "大舊",
          "阿登"
        ],
        "description": "大本營領導嘅書房，大舊提議將合照放於此處",
        "confidence": 0.85,
        "review_status": "reviewed",
        "source": "bing_gang",
        "inferred_from": "inf_loc_0612"
      }
    },
    {
      "type": "Feature",
      "geometry": {
        "type": "Point",
        "coordinates": [
          114.25349,
          22.30597
        ]
      },
      "properties": {
        "id": "loc_0613",
        "name": "新市區",
        "display_name": "新市區（推斷位置）",
        "location_type": "district",
        "fictional": false,
        "location_precision": "approximate",
        "story_position": {
          "x": 0.188,
          "y": 0.563
        },
        "first_appearance": 173,
        "chapters": [
          173
        ],
        "characters": [],
        "description": "余智海博士一家曾經搬入嘅新市區大屋",
        "confidence": 0.85,
        "review_status": "reviewed",
        "source": "bing_gang",
        "inferred_from": "inf_loc_0613"
      }
    },
    {
      "type": "Feature",
      "geometry": {
        "type": "Point",
        "coordinates": [
          114.25343,
          22.30581
        ]
      },
      "properties": {
        "id": "loc_0614",
        "name": "大本營圖書館禁書區",
        "display_name": "大本營圖書館禁書區（推斷位置）",
        "location_type": "district",
        "fictional": false,
        "location_precision": "approximate",
        "story_position": {
          "x": 0.167,
          "y": 0.447
        },
        "first_appearance": 174,
        "chapters": [
          174
        ],
        "characters": [],
        "description": "圖書館設有禁書區，有欄杆和守衛阻隔一般人進入，只有修讀病學或醫學高級課程者方可進入，內藏Dr.D六樓實驗室及私人住宅的醫學、病學研究文章及論文",
        "confidence": 0.98,
        "review_status": "reviewed",
        "source": "bing_gang",
        "inferred_from": "inf_loc_0614"
      }
    },
    {
      "type": "Feature",
      "geometry": {
        "type": "Point",
        "coordinates": [
          114.25343,
          22.30581
        ]
      },
      "properties": {
        "id": "loc_0615",
        "name": "大本營C橦攝影大樓",
        "display_name": "大本營C橦攝影大樓（推斷位置）",
        "location_type": "district",
        "fictional": false,
        "location_precision": "approximate",
        "story_position": {
          "x": 0.793,
          "y": 0.738
        },
        "first_appearance": 174,
        "chapters": [
          174
        ],
        "characters": [],
        "description": "大本營內有C橦攝影大樓，是賴三老師工作的主要地方，內有攝影器材租借室及儲片庫",
        "confidence": 0.97,
        "review_status": "reviewed",
        "source": "bing_gang",
        "inferred_from": "inf_loc_0615"
      }
    },
    {
      "type": "Feature",
      "geometry": {
        "type": "Point",
        "coordinates": [
          114.25343,
          22.30581
        ]
      },
      "properties": {
        "id": "loc_0616",
        "name": "A005室攝影棚",
        "display_name": "A005室攝影棚（推斷位置）",
        "location_type": "district",
        "fictional": false,
        "location_precision": "approximate",
        "story_position": {
          "x": 0.376,
          "y": 0.165
        },
        "first_appearance": 174,
        "chapters": [
          174
        ],
        "characters": [
          "Dr.D第二任助手"
        ],
        "description": "位於A橦大樓內的攝影棚，僅一個入口位於大本營外圍，過去曾被Dr.D用來囚禁其第二任助手",
        "confidence": 0.95,
        "review_status": "reviewed",
        "source": "bing_gang",
        "inferred_from": "inf_loc_0616"
      }
    },
    {
      "type": "Feature",
      "geometry": {
        "type": "Point",
        "coordinates": [
          114.254457,
          22.30219
        ]
      },
      "properties": {
        "id": "loc_0617",
        "name": "六樓實驗室",
        "display_name": "六樓實驗室（虛構）",
        "location_type": "fictional",
        "fictional": true,
        "location_precision": "fictional",
        "story_position": {
          "x": 0.452,
          "y": 0.824
        },
        "first_appearance": 174,
        "chapters": [
          174
        ],
        "characters": [
          "Dr.D"
        ],
        "description": "Dr.D曾於此進行醫學、病學研究，現相關文章及論文已被收藏到圖書館禁書區",
        "confidence": 0.95,
        "review_status": "reviewed",
        "source": "bing_gang",
        "position_source": "同章（[174]）嘅 3 個已解析地點質心附近（環形偏移，id hash 決定）"
      }
    },
    {
      "type": "Feature",
      "geometry": {
        "type": "Point",
        "coordinates": [
          114.2415,
          22.3229
        ]
      },
      "properties": {
        "id": "loc_0618",
        "name": "翠林村",
        "display_name": "翠林村（推斷位置）",
        "location_type": "district",
        "fictional": false,
        "location_precision": "district",
        "story_position": {
          "x": 0.793,
          "y": 0.55
        },
        "first_appearance": 175,
        "chapters": [
          175
        ],
        "characters": [
          "三腦",
          "國王",
          "滿天",
          "北賢",
          "南愚"
        ],
        "description": "艾寶琳倖存區的附屬領地，三腦被殺後由艾寶琳士兵佔據。",
        "confidence": 0.97,
        "review_status": "reviewed",
        "source": "bing_gang",
        "inferred_from": "inf_loc_0618"
      }
    },
    {
      "type": "Feature",
      "geometry": {
        "type": "Point",
        "coordinates": [
          114.2415,
          22.3229
        ]
      },
      "properties": {
        "id": "loc_0619",
        "name": "新都城商場",
        "display_name": "新都城商場（推斷位置）",
        "location_type": "district",
        "fictional": false,
        "location_precision": "district",
        "story_position": {
          "x": 0.693,
          "y": 0.353
        },
        "first_appearance": 175,
        "chapters": [
          175
        ],
        "characters": [
          "白魂"
        ],
        "description": "艾寶琳倖存區內的商場，設有敘事者等人熟悉的烤串店。",
        "confidence": 0.95,
        "review_status": "reviewed",
        "source": "bing_gang",
        "inferred_from": "inf_loc_0619"
      }
    },
    {
      "type": "Feature",
      "geometry": {
        "type": "Point",
        "coordinates": [
          114.253375,
          22.30564
        ]
      },
      "properties": {
        "id": "loc_0620",
        "name": "賭場",
        "display_name": "賭場（推斷位置）",
        "location_type": "district",
        "fictional": false,
        "location_precision": "approximate",
        "story_position": {
          "x": 0.217,
          "y": 0.739
        },
        "first_appearance": 175,
        "chapters": [
          175
        ],
        "characters": [
          "寶琳柒拾老闆",
          "王達尼",
          "白魂"
        ],
        "description": "倖存區附近嘅賭場，白魂喺度玩德州撲克，敘事者同王達尼喺旁觀戰。",
        "confidence": 0.9,
        "review_status": "reviewed",
        "source": "bing_gang",
        "inferred_from": "inf_loc_0620"
      }
    },
    {
      "type": "Feature",
      "geometry": {
        "type": "Point",
        "coordinates": [
          114.24391510643169,
          22.327586747539485
        ]
      },
      "properties": {
        "id": "loc_0621",
        "name": "艾寶琳皇宮",
        "display_name": "艾寶琳皇宮（參考位置）",
        "location_type": "district",
        "fictional": false,
        "location_precision": "approximate",
        "story_position": {
          "x": 0.657,
          "y": 0.399
        },
        "first_appearance": 176,
        "chapters": [
          176
        ],
        "characters": [],
        "description": "艾寶琳皇宮入面充滿權鬥，生活規矩繁多，連公主貼身護衛白魂都覺得辛苦。",
        "confidence": 0.95,
        "review_status": "reviewed",
        "source": "bing_gang"
      }
    },
    {
      "type": "Feature",
      "geometry": {
        "type": "Point",
        "coordinates": [
          114.24193460746166,
          22.32501462577249
        ]
      },
      "properties": {
        "id": "loc_0622",
        "name": "艾寶琳皇宮花園",
        "display_name": "艾寶琳皇宮花園（參考位置）",
        "location_type": "district",
        "fictional": false,
        "location_precision": "approximate",
        "story_position": {
          "x": 0.653,
          "y": 0.392
        },
        "first_appearance": 176,
        "chapters": [
          176
        ],
        "characters": [],
        "description": "花園位於寶琳地鐵站最上蓋，可以觀望半個艾寶琳倖存區。",
        "confidence": 0.9,
        "review_status": "reviewed",
        "source": "bing_gang"
      }
    },
    {
      "type": "Feature",
      "geometry": {
        "type": "Point",
        "coordinates": [
          114.242925,
          22.326301
        ]
      },
      "properties": {
        "id": "loc_0623",
        "name": "國王房間",
        "display_name": "國王房間（推斷位置）",
        "location_type": "district",
        "fictional": false,
        "location_precision": "approximate",
        "story_position": {
          "x": 0.666,
          "y": 0.456
        },
        "first_appearance": 176,
        "chapters": [
          176
        ],
        "characters": [
          "禁軍隊長"
        ],
        "description": "房間裝飾溫暖寬闊，有奢侈嘅暖爐，門外有禁軍重重把守。",
        "confidence": 0.95,
        "review_status": "reviewed",
        "source": "bing_gang",
        "inferred_from": "inf_loc_0623"
      }
    },
    {
      "type": "Feature",
      "geometry": {
        "type": "Point",
        "coordinates": [
          114.242925,
          22.326301
        ]
      },
      "properties": {
        "id": "loc_0624",
        "name": "烤串店",
        "display_name": "烤串店（推斷位置）",
        "location_type": "district",
        "fictional": false,
        "location_precision": "approximate",
        "story_position": {
          "x": 0.409,
          "y": 0.847
        },
        "first_appearance": 176,
        "chapters": [
          176
        ],
        "characters": [
          "白魂"
        ],
        "description": "白魂等人離開皇宮後聚集嘅地方。",
        "confidence": 0.7,
        "review_status": "reviewed",
        "source": "bing_gang",
        "inferred_from": "inf_loc_0624"
      }
    },
    {
      "type": "Feature",
      "geometry": {
        "type": "Point",
        "coordinates": [
          114.249103,
          22.323908
        ]
      },
      "properties": {
        "id": "loc_0625",
        "name": "靈實禮拜堂",
        "display_name": "靈實禮拜堂（虛構）",
        "location_type": "fictional",
        "fictional": true,
        "location_precision": "fictional",
        "story_position": {
          "x": 0.83,
          "y": 0.77
        },
        "first_appearance": 178,
        "chapters": [
          178
        ],
        "characters": [
          "犬京"
        ],
        "description": "犬京喺「病者平權組織」間靈實禮拜堂搵到一封信件。",
        "confidence": 0.85,
        "review_status": "reviewed",
        "source": "bing_gang",
        "position_source": "同章（[178]）嘅 2 個已解析地點質心附近（環形偏移，id hash 決定）"
      }
    },
    {
      "type": "Feature",
      "geometry": {
        "type": "Point",
        "coordinates": [
          114.24677910276951,
          22.321030922407875
        ]
      },
      "properties": {
        "id": "loc_0626",
        "name": "艾寶琳皇室區",
        "display_name": "艾寶琳皇室區（參考位置）",
        "location_type": "district",
        "fictional": false,
        "location_precision": "approximate",
        "story_position": {
          "x": 0.661,
          "y": 0.381
        },
        "first_appearance": 178,
        "chapters": [
          178
        ],
        "characters": [
          "王達尼",
          "貴華"
        ],
        "description": "賴桑持有艾寶琳皇室區居住證明文件，能在翠林村自由調查。",
        "confidence": 0.9,
        "review_status": "reviewed",
        "source": "bing_gang"
      }
    },
    {
      "type": "Feature",
      "geometry": {
        "type": "Point",
        "coordinates": [
          114.24719897001603,
          22.325782581826505
        ]
      },
      "properties": {
        "id": "loc_0627",
        "name": "艾寶琳「詭區」",
        "display_name": "艾寶琳「詭區」（參考位置）",
        "location_type": "district",
        "fictional": false,
        "location_precision": "approximate",
        "story_position": {
          "x": 0.662,
          "y": 0.394
        },
        "first_appearance": 178,
        "chapters": [
          178
        ],
        "characters": [],
        "description": "艾寶琳「詭區」班識得「病語」嘅人，已被皇室趕走得七七八八。",
        "confidence": 0.85,
        "review_status": "reviewed",
        "source": "bing_gang"
      }
    },
    {
      "type": "Feature",
      "geometry": {
        "type": "Point",
        "coordinates": [
          114.248126,
          22.325148
        ]
      },
      "properties": {
        "id": "loc_0628",
        "name": "滿天的研究室",
        "display_name": "滿天的研究室（虛構）",
        "location_type": "fictional",
        "fictional": true,
        "location_precision": "fictional",
        "story_position": {
          "x": 0.31,
          "y": 0.297
        },
        "first_appearance": 178,
        "chapters": [
          178
        ],
        "characters": [
          "敘事者（老師）"
        ],
        "description": "滿天的研究室是敘事者暫時寄宿的地方，娃娃、公仔亦居於此。",
        "confidence": 0.9,
        "review_status": "reviewed",
        "source": "bing_gang",
        "position_source": "同章（[178]）嘅 2 個已解析地點質心附近（環形偏移，id hash 決定）"
      }
    },
    {
      "type": "Feature",
      "geometry": {
        "type": "Point",
        "coordinates": [
          114.24959,
          22.306986
        ]
      },
      "properties": {
        "id": "loc_0629",
        "name": "兒童遊樂場（病窩內）",
        "display_name": "兒童遊樂場（病窩內）（虛構）",
        "location_type": "fictional",
        "fictional": true,
        "location_precision": "fictional",
        "story_position": {
          "x": 0.548,
          "y": 0.497
        },
        "first_appearance": 179,
        "chapters": [
          179
        ],
        "characters": [],
        "description": "寶康公園內原本嘅兒童遊樂場，被竊屍賊改建成病窩一部分，入面有車胎疊成嘅樓梯、空酒瓶、滑梯、鞦韆、玩具小屋同巨型繩網。",
        "confidence": 0.85,
        "review_status": "reviewed",
        "source": "bing_gang",
        "position_source": "冇同章（區內）錨點，用故事主場景（將軍澳校園一帶）"
      }
    },
    {
      "type": "Feature",
      "geometry": {
        "type": "Point",
        "coordinates": [
          114.251645,
          22.303679
        ]
      },
      "properties": {
        "id": "loc_0630",
        "name": "病窩盡頭嘅祭壇",
        "display_name": "病窩盡頭嘅祭壇（虛構）",
        "location_type": "fictional",
        "fictional": true,
        "location_precision": "fictional",
        "story_position": {
          "x": 0.608,
          "y": 0.194
        },
        "first_appearance": 179,
        "chapters": [
          179
        ],
        "characters": [],
        "description": "病窩最深處一間收藏病者屍體嘅房間，內有爛果實、死老鼠、人類衣物同疑似祭品嘅擺設。",
        "confidence": 0.9,
        "review_status": "reviewed",
        "source": "bing_gang",
        "position_source": "冇同章（區內）錨點，用故事主場景（將軍澳校園一帶）"
      }
    },
    {
      "type": "Feature",
      "geometry": {
        "type": "Point",
        "coordinates": [
          114.26954499885558,
          22.319577981231404
        ]
      },
      "properties": {
        "id": "loc_0631",
        "name": "坑口38號街",
        "display_name": "坑口38號街（參考位置）",
        "location_type": "district",
        "fictional": false,
        "location_precision": "approximate",
        "story_position": {
          "x": 0.699,
          "y": 0.377
        },
        "first_appearance": 180,
        "chapters": [
          180
        ],
        "characters": [],
        "description": "與老師喺寶康公園病窩塔頂畫嘅地圖吻合嘅位置",
        "confidence": 0.9,
        "review_status": "reviewed",
        "source": "bing_gang"
      }
    },
    {
      "type": "Feature",
      "geometry": {
        "type": "Point",
        "coordinates": [
          114.27771252002748,
          22.31721583886473
        ]
      },
      "properties": {
        "id": "loc_0632",
        "name": "西貢將軍澳政府綜合大樓",
        "display_name": "西貢將軍澳政府綜合大樓（參考位置）",
        "location_type": "district",
        "fictional": false,
        "location_precision": "approximate",
        "story_position": {
          "x": 0.713,
          "y": 0.371
        },
        "first_appearance": 180,
        "chapters": [
          180
        ],
        "characters": [],
        "description": "舊名將軍澳第44區綜合大樓，疑似希望塔嘅實際地點",
        "confidence": 0.9,
        "review_status": "reviewed",
        "source": "bing_gang"
      }
    },
    {
      "type": "Feature",
      "geometry": {
        "type": "Point",
        "coordinates": [
          114.2502781872282,
          22.301488487067978
        ]
      },
      "properties": {
        "id": "loc_0633",
        "name": "靈實",
        "display_name": "靈實（參考位置）",
        "location_type": "district",
        "fictional": false,
        "location_precision": "approximate",
        "story_position": {
          "x": 0.667,
          "y": 0.328
        },
        "first_appearance": 180,
        "chapters": [
          180
        ],
        "characters": [
          "南愚",
          "大舊",
          "王達尼",
          "老師（敘述者）",
          "攻擊學老師（敘事者）",
          "滿天",
          "大BOSS",
          "北賢",
          "余智海博士",
          "犬京",
          "公仔",
          "娃娃"
        ],
        "description": "老師曾去過夜嘅地方，王達尼提及",
        "confidence": 0.85,
        "review_status": "reviewed",
        "source": "bing_gang"
      }
    },
    {
      "type": "Feature",
      "geometry": {
        "type": "Point",
        "coordinates": [
          114.265927,
          22.310353
        ]
      },
      "properties": {
        "id": "loc_0634",
        "name": "病者平權組織",
        "display_name": "病者平權組織（虛構）",
        "location_type": "fictional",
        "fictional": true,
        "location_precision": "fictional",
        "story_position": {
          "x": 0.822,
          "y": 0.656
        },
        "first_appearance": 180,
        "chapters": [
          180
        ],
        "characters": [
          "老師（主角）",
          "夏當",
          "銘凱",
          "不破尚",
          "鳥嘴老師",
          "老師",
          "鳥嘴",
          "平子",
          "寶琳王國公主",
          "戴眼鏡的斯文男",
          "平子小姐",
          "教主（教父）",
          "星宇",
          "班尼",
          "寶琳公主",
          "鳥嘴弟兄",
          "不良人",
          "三名年輕成員",
          "艾匡",
          "白魂"
        ],
        "description": "超大型宗教團體，曾被趕出倖存區，計劃寶康公園血祭",
        "confidence": 0.95,
        "review_status": "reviewed",
        "source": "bing_gang",
        "position_source": "同章（[180]）嘅 3 個已解析地點質心附近（環形偏移，id hash 決定）"
      }
    },
    {
      "type": "Feature",
      "geometry": {
        "type": "Point",
        "coordinates": [
          114.24518020141909,
          22.32275745021744
        ]
      },
      "properties": {
        "id": "loc_0635",
        "name": "艾寶琳",
        "display_name": "艾寶琳（參考位置）",
        "location_type": "district",
        "fictional": false,
        "location_precision": "approximate",
        "story_position": {
          "x": 0.659,
          "y": 0.386
        },
        "first_appearance": 181,
        "chapters": [
          181
        ],
        "characters": [
          "喪伯",
          "貴華",
          "艾匡公主",
          "瓦安",
          "賴桑",
          "老太婆",
          "阿禮",
          "國王",
          "白鯨",
          "艾寶琳",
          "師傅（敘述者本人）",
          "奎斯",
          "滿天",
          "王達尼",
          "白魂",
          "艾匡",
          "犬京",
          "病翼",
          "守衛長",
          "黑鼠商團"
        ],
        "description": "倖存區內有YAG酒吧同哈姆雷特雜房店",
        "confidence": 0.95,
        "review_status": "reviewed",
        "source": "bing_gang"
      }
    },
    {
      "type": "Feature",
      "geometry": {
        "type": "Point",
        "coordinates": [
          114.24094948500802,
          22.328691989013503
        ]
      },
      "properties": {
        "id": "loc_0636",
        "name": "艾寶琳聖堂",
        "display_name": "艾寶琳聖堂（參考位置）",
        "location_type": "district",
        "fictional": false,
        "location_precision": "approximate",
        "story_position": {
          "x": 0.652,
          "y": 0.402
        },
        "first_appearance": 181,
        "chapters": [
          181
        ],
        "characters": [
          "犬京"
        ],
        "description": "犬京喺聖堂二樓同狗Ricky住",
        "confidence": 0.9,
        "review_status": "reviewed",
        "source": "bing_gang"
      }
    },
    {
      "type": "Feature",
      "geometry": {
        "type": "Point",
        "coordinates": [
          114.2415,
          22.3229
        ]
      },
      "properties": {
        "id": "loc_0637",
        "name": "哈姆雷特雜房店",
        "display_name": "哈姆雷特雜房店（推斷位置）",
        "location_type": "district",
        "fictional": false,
        "location_precision": "district",
        "story_position": {
          "x": 0.195,
          "y": 0.587
        },
        "first_appearance": 181,
        "chapters": [
          181
        ],
        "characters": [],
        "description": "我喺離開艾寶琳前一晚到訪哈姆雷特雜房店",
        "confidence": 0.95,
        "review_status": "reviewed",
        "source": "bing_gang",
        "inferred_from": "inf_loc_0637"
      }
    },
    {
      "type": "Feature",
      "geometry": {
        "type": "Point",
        "coordinates": [
          114.27335145342184,
          22.31183579766537
        ]
      },
      "properties": {
        "id": "loc_0638",
        "name": "坑口巴士站",
        "display_name": "坑口巴士站（參考位置）",
        "location_type": "district",
        "fictional": false,
        "location_precision": "approximate",
        "story_position": {
          "x": 0.706,
          "y": 0.356
        },
        "first_appearance": 181,
        "chapters": [
          181
        ],
        "characters": [],
        "description": "喺地鐵站旁邊，原本有橙色燈光如今一片灰暗",
        "confidence": 0.95,
        "review_status": "reviewed",
        "source": "bing_gang"
      }
    },
    {
      "type": "Feature",
      "geometry": {
        "type": "Point",
        "coordinates": [
          114.26987914854658,
          22.32303538567178
        ]
      },
      "properties": {
        "id": "loc_0639",
        "name": "政府綜合大樓",
        "display_name": "政府綜合大樓（參考位置）",
        "location_type": "district",
        "fictional": false,
        "location_precision": "approximate",
        "story_position": {
          "x": 0.7,
          "y": 0.387
        },
        "first_appearance": 181,
        "chapters": [
          181
        ],
        "characters": [
          "王達尼",
          "白鯨",
          "南愚"
        ],
        "description": "小巴駕駛前往嘅目的地",
        "confidence": 0.9,
        "review_status": "reviewed",
        "source": "bing_gang"
      }
    },
    {
      "type": "Feature",
      "geometry": {
        "type": "Point",
        "coordinates": [
          114.255973,
          22.324284
        ]
      },
      "properties": {
        "id": "loc_0640",
        "name": "康城區",
        "display_name": "康城區（虛構）",
        "location_type": "fictional",
        "fictional": true,
        "location_precision": "fictional",
        "story_position": {
          "x": 0.724,
          "y": 0.384
        },
        "first_appearance": 181,
        "chapters": [
          181
        ],
        "characters": [
          "明雲"
        ],
        "description": "敘述者曾經拯救嘅地區",
        "confidence": 0.85,
        "review_status": "reviewed",
        "source": "bing_gang",
        "position_source": "同章（[181]）嘅 5 個已解析地點質心附近（環形偏移，id hash 決定）"
      }
    },
    {
      "type": "Feature",
      "geometry": {
        "type": "Point",
        "coordinates": [
          114.266163,
          22.323163
        ]
      },
      "properties": {
        "id": "loc_0641",
        "name": "影業路",
        "display_name": "影業路（推斷位置）",
        "location_type": "landmark",
        "fictional": false,
        "location_precision": "exact",
        "story_position": {
          "x": 0.658,
          "y": 0.585
        },
        "first_appearance": 182,
        "chapters": [
          182
        ],
        "characters": [],
        "description": "坑口區內一條街道，路牌有寫該路名，作為角色們導航地點。",
        "confidence": 0.85,
        "review_status": "reviewed",
        "source": "bing_gang",
        "inferred_from": "inf_loc_0641"
      }
    },
    {
      "type": "Feature",
      "geometry": {
        "type": "Point",
        "coordinates": [
          114.26997951476311,
          22.314224261844817
        ]
      },
      "properties": {
        "id": "loc_0642",
        "name": "坑口區",
        "display_name": "坑口區（參考位置）",
        "location_type": "district",
        "fictional": false,
        "location_precision": "approximate",
        "story_position": {
          "x": 0.7,
          "y": 0.363
        },
        "first_appearance": 182,
        "chapters": [
          182
        ],
        "characters": [],
        "description": "故事中的主要場景區域，充滿病者，到處有竊屍賊搭建的接駁結構。",
        "confidence": 0.97,
        "review_status": "reviewed",
        "source": "bing_gang"
      }
    },
    {
      "type": "Feature",
      "geometry": {
        "type": "Point",
        "coordinates": [
          114.27767500572214,
          22.316055161364158
        ]
      },
      "properties": {
        "id": "loc_0643",
        "name": "坑口區大廈（工廈）",
        "display_name": "坑口區大廈（工廈）（參考位置）",
        "location_type": "district",
        "fictional": false,
        "location_precision": "approximate",
        "story_position": {
          "x": 0.713,
          "y": 0.368
        },
        "first_appearance": 182,
        "chapters": [
          182
        ],
        "characters": [],
        "description": "坑口區內一棟大廈，內部有十四樓的接駁口通往其他建築，內部樓梯需要背負物資走上去。",
        "confidence": 0.92,
        "review_status": "reviewed",
        "source": "bing_gang"
      }
    },
    {
      "type": "Feature",
      "geometry": {
        "type": "Point",
        "coordinates": [
          114.27140260929275,
          22.315876401922637
        ]
      },
      "properties": {
        "id": "loc_0644",
        "name": "西貢將軍澳政府綜合大樓旁邊的居屋",
        "display_name": "西貢將軍澳政府綜合大樓旁邊的居屋（參考位置）",
        "location_type": "district",
        "fictional": false,
        "location_precision": "approximate",
        "story_position": {
          "x": 0.702,
          "y": 0.367
        },
        "first_appearance": 182,
        "chapters": [
          182
        ],
        "characters": [],
        "description": "靠近政府綜合大樓的居屋大樓，是角色們滑繩前的據點。",
        "confidence": 0.95,
        "review_status": "reviewed",
        "source": "bing_gang"
      }
    },
    {
      "type": "Feature",
      "geometry": {
        "type": "Point",
        "coordinates": [
          114.271048,
          22.320302
        ]
      },
      "properties": {
        "id": "loc_0645",
        "name": "存放數十個屍堆的廣場",
        "display_name": "存放數十個屍堆的廣場（虛構）",
        "location_type": "fictional",
        "fictional": true,
        "location_precision": "fictional",
        "story_position": {
          "x": 0.248,
          "y": 0.331
        },
        "first_appearance": 182,
        "chapters": [
          182
        ],
        "characters": [],
        "description": "病窩中的詭異場所，存放數十具屍體，為病爪沉睡之地。",
        "confidence": 0.9,
        "review_status": "reviewed",
        "source": "bing_gang",
        "position_source": "同章（[182]）嘅 4 個已解析地點質心附近（環形偏移，id hash 決定）"
      }
    },
    {
      "type": "Feature",
      "geometry": {
        "type": "Point",
        "coordinates": [
          114.25132,
          22.304303
        ]
      },
      "properties": {
        "id": "loc_0646",
        "name": "古宅",
        "display_name": "古宅（虛構）",
        "location_type": "fictional",
        "fictional": true,
        "location_precision": "fictional",
        "story_position": {
          "x": 0.162,
          "y": 0.561
        },
        "first_appearance": 183,
        "chapters": [
          183
        ],
        "characters": [
          "余智海博士",
          "敘事者",
          "戴紅色冷帽竊屍賊",
          "七隻彩色冷帽竊屍賊",
          "敘事者（自稱，疑似代號M）",
          "七隻小矮人",
          "飛虎隊員",
          "南愚"
        ],
        "description": "敘事者上次用散彈槍近距離射傷南愚嘅地點",
        "confidence": 0.85,
        "review_status": "reviewed",
        "source": "bing_gang",
        "position_source": "冇同章（區內）錨點，用故事主場景（將軍澳校園一帶）"
      }
    },
    {
      "type": "Feature",
      "geometry": {
        "type": "Point",
        "coordinates": [
          114.254145,
          22.304062
        ]
      },
      "properties": {
        "id": "loc_0647",
        "name": "對面大樓",
        "display_name": "對面大樓（虛構）",
        "location_type": "fictional",
        "fictional": true,
        "location_precision": "fictional",
        "story_position": {
          "x": 0.331,
          "y": 0.6
        },
        "first_appearance": 183,
        "chapters": [
          183
        ],
        "characters": [
          "我（敘事者／鳥嘴兄）",
          "奎斯"
        ],
        "description": "賴桑原本滑行要到達嘅建築，佢差啲撞上嘅外牆",
        "confidence": 0.85,
        "review_status": "reviewed",
        "source": "bing_gang",
        "position_source": "冇同章（區內）錨點，用故事主場景（將軍澳校園一帶）"
      }
    },
    {
      "type": "Feature",
      "geometry": {
        "type": "Point",
        "coordinates": [
          114.253605,
          22.308446
        ]
      },
      "properties": {
        "id": "loc_0648",
        "name": "白鯨所在大樓嘅最高層",
        "display_name": "白鯨所在大樓嘅最高層（虛構）",
        "location_type": "fictional",
        "fictional": true,
        "location_precision": "fictional",
        "story_position": {
          "x": 0.408,
          "y": 0.242
        },
        "first_appearance": 183,
        "chapters": [
          183
        ],
        "characters": [],
        "description": "南北二人原本計劃跟蹤主角等人直到大樓最高層去搵出白鯨。",
        "confidence": 0.9,
        "review_status": "reviewed",
        "source": "bing_gang",
        "position_source": "冇同章（區內）錨點，用故事主場景（將軍澳校園一帶）"
      }
    },
    {
      "type": "Feature",
      "geometry": {
        "type": "Point",
        "coordinates": [
          114.268268,
          22.317328
        ]
      },
      "properties": {
        "id": "loc_0649",
        "name": "九樓",
        "display_name": "九樓（推斷位置）",
        "location_type": "district",
        "fictional": false,
        "location_precision": "approximate",
        "story_position": {
          "x": 0.426,
          "y": 0.707
        },
        "first_appearance": 184,
        "chapters": [
          184
        ],
        "characters": [
          "董倫",
          "公仔",
          "南愚",
          "白魂",
          "敘事者（我）",
          "Nosyag"
        ],
        "description": "大樓九樓係敘事者、白魂被南愚火牆困住嘅地方",
        "confidence": 0.97,
        "review_status": "reviewed",
        "source": "bing_gang",
        "position_source": "同章（[184]）嘅 2 個已解析地點質心附近（環形偏移，id hash 決定）"
      }
    },
    {
      "type": "Feature",
      "geometry": {
        "type": "Point",
        "coordinates": [
          114.268268,
          22.317328
        ]
      },
      "properties": {
        "id": "loc_0650",
        "name": "十樓",
        "display_name": "十樓（推斷位置）",
        "location_type": "district",
        "fictional": false,
        "location_precision": "approximate",
        "story_position": {
          "x": 0.3,
          "y": 0.256
        },
        "first_appearance": 184,
        "chapters": [
          184
        ],
        "characters": [
          "白鯨"
        ],
        "description": "白鯨背叛博士後坐守喺大樓十樓嘅盡頭，永遠看守背後嗰一道門",
        "confidence": 0.98,
        "review_status": "reviewed",
        "source": "bing_gang",
        "position_source": "同章（[184]）嘅 2 個已解析地點質心附近（環形偏移，id hash 決定）"
      }
    },
    {
      "type": "Feature",
      "geometry": {
        "type": "Point",
        "coordinates": [
          114.268266,
          22.317326
        ]
      },
      "properties": {
        "id": "loc_0651",
        "name": "坑口體育館",
        "display_name": "坑口體育館（推斷位置）",
        "location_type": "landmark",
        "fictional": false,
        "location_precision": "exact",
        "story_position": {
          "x": 0.713,
          "y": 0.381
        },
        "first_appearance": 184,
        "chapters": [
          184
        ],
        "characters": [
          "奎斯"
        ],
        "description": "奎斯同賴桑將北賢引到大樓外嘅坑口體育館內嘅籃球場拖延佢",
        "confidence": 0.95,
        "review_status": "reviewed",
        "source": "bing_gang",
        "inferred_from": "inf_loc_0651"
      }
    },
    {
      "type": "Feature",
      "geometry": {
        "type": "Point",
        "coordinates": [
          114.266074,
          22.376917
        ]
      },
      "properties": {
        "id": "loc_0652",
        "name": "室內體育館",
        "display_name": "室內體育館（推斷位置）",
        "location_type": "landmark",
        "fictional": false,
        "location_precision": "exact",
        "story_position": {
          "x": 0.77,
          "y": 0.607
        },
        "first_appearance": 184,
        "chapters": [
          184
        ],
        "characters": [],
        "description": "巨型閃電光柱衝破咗室內體育館嘅天花板阻隔，直貫到九霄雲層。",
        "confidence": 1.0,
        "review_status": "reviewed",
        "source": "bing_gang",
        "inferred_from": "inf_loc_0652",
        "position_source": "人手核實修正 → 坑口體育館；原本 R-NAME-PLACE 配到 OSM 一間位於西貢北嘅「室內體育館」，座標 (114.266, 22.377) 明顯錯。"
      }
    },
    {
      "type": "Feature",
      "geometry": {
        "type": "Point",
        "coordinates": [
          114.268268,
          22.317328
        ]
      },
      "properties": {
        "id": "loc_0653",
        "name": "防火小道",
        "display_name": "防火小道（推斷位置）",
        "location_type": "district",
        "fictional": false,
        "location_precision": "approximate",
        "story_position": {
          "x": 0.567,
          "y": 0.291
        },
        "first_appearance": 184,
        "chapters": [
          184
        ],
        "characters": [
          "舞者"
        ],
        "description": "舞者由防火小道走出嚟，加入戰場。",
        "confidence": 1.0,
        "review_status": "reviewed",
        "source": "bing_gang",
        "position_source": "同章（[184]）嘅 2 個已解析地點質心附近（環形偏移，id hash 決定）"
      }
    },
    {
      "type": "Feature",
      "geometry": {
        "type": "Point",
        "coordinates": [
          114.24862,
          22.30701
        ]
      },
      "properties": {
        "id": "loc_0654",
        "name": "城市",
        "display_name": "城市（虛構）",
        "location_type": "fictional",
        "fictional": true,
        "location_precision": "fictional",
        "story_position": {
          "x": 0.799,
          "y": 0.591
        },
        "first_appearance": 185,
        "chapters": [
          185
        ],
        "characters": [
          "少佐",
          "犬京",
          "余智海博士"
        ],
        "description": "故事發生嘅城市遭受近乎八級風暴同大雨侵襲",
        "confidence": 0.8,
        "review_status": "reviewed",
        "source": "bing_gang",
        "position_source": "同章（[185]）嘅 2 個已解析地點質心附近（環形偏移，id hash 決定）"
      }
    },
    {
      "type": "Feature",
      "geometry": {
        "type": "Point",
        "coordinates": [
          114.25715696955825,
          22.29732414740215
        ]
      },
      "properties": {
        "id": "loc_0655",
        "name": "沿海地區",
        "display_name": "沿海地區（參考位置）",
        "location_type": "district",
        "fictional": false,
        "location_precision": "approximate",
        "story_position": {
          "x": 0.679,
          "y": 0.317
        },
        "first_appearance": 185,
        "chapters": [
          185
        ],
        "characters": [],
        "description": "由於北賢造成嘅極端天氣，一股龍捲風喺沿海地區開始聚成",
        "confidence": 0.9,
        "review_status": "reviewed",
        "source": "bing_gang"
      }
    },
    {
      "type": "Feature",
      "geometry": {
        "type": "Point",
        "coordinates": [
          114.25099,
          22.31327
        ]
      },
      "properties": {
        "id": "loc_0656",
        "name": "大樓三樓",
        "display_name": "大樓三樓（虛構）",
        "location_type": "fictional",
        "fictional": true,
        "location_precision": "fictional",
        "story_position": {
          "x": 0.218,
          "y": 0.499
        },
        "first_appearance": 185,
        "chapters": [
          185
        ],
        "characters": [],
        "description": "犬京喺三樓搵返Ricky，面對南愚追擊",
        "confidence": 0.95,
        "review_status": "reviewed",
        "source": "bing_gang",
        "position_source": "同章（[185]）嘅 2 個已解析地點質心附近（環形偏移，id hash 決定）"
      }
    },
    {
      "type": "Feature",
      "geometry": {
        "type": "Point",
        "coordinates": [
          114.245914,
          22.308756
        ]
      },
      "properties": {
        "id": "loc_0657",
        "name": "大樓地下層",
        "display_name": "大樓地下層（虛構）",
        "location_type": "fictional",
        "fictional": true,
        "location_precision": "fictional",
        "story_position": {
          "x": 0.77,
          "y": 0.546
        },
        "first_appearance": 185,
        "chapters": [
          185
        ],
        "characters": [],
        "description": "王達尼叫犬京喺地下層門口等，做誘餌引南愚過嚟以便從高空灑防火沙",
        "confidence": 0.95,
        "review_status": "reviewed",
        "source": "bing_gang",
        "position_source": "同章（[185]）嘅 2 個已解析地點質心附近（環形偏移，id hash 決定）"
      }
    },
    {
      "type": "Feature",
      "geometry": {
        "type": "Point",
        "coordinates": [
          114.248213,
          22.30801
        ]
      },
      "properties": {
        "id": "loc_0658",
        "name": "大樓大堂",
        "display_name": "大樓大堂（虛構）",
        "location_type": "fictional",
        "fictional": true,
        "location_precision": "fictional",
        "story_position": {
          "x": 0.826,
          "y": 0.589
        },
        "first_appearance": 185,
        "chapters": [
          185
        ],
        "characters": [],
        "description": "南愚自爆後，血液內臟橫飛到大堂嘅牆壁同地板",
        "confidence": 0.95,
        "review_status": "reviewed",
        "source": "bing_gang",
        "position_source": "同章（[185]）嘅 2 個已解析地點質心附近（環形偏移，id hash 決定）"
      }
    },
    {
      "type": "Feature",
      "geometry": {
        "type": "Point",
        "coordinates": [
          114.2415,
          22.3229
        ]
      },
      "properties": {
        "id": "loc_0659",
        "name": "生命之牆",
        "display_name": "生命之牆（推斷位置）",
        "location_type": "district",
        "fictional": false,
        "location_precision": "district",
        "story_position": {
          "x": 0.568,
          "y": 0.165
        },
        "first_appearance": 185,
        "chapters": [
          185
        ],
        "characters": [
          "守衛"
        ],
        "description": "用嚟出入邊境嘅設施，艾寶琳公民需持有相關身份證",
        "confidence": 0.9,
        "review_status": "reviewed",
        "source": "bing_gang",
        "inferred_from": "inf_loc_0659"
      }
    },
    {
      "type": "Feature",
      "geometry": {
        "type": "Point",
        "coordinates": [
          114.249628,
          22.313504
        ]
      },
      "properties": {
        "id": "loc_0660",
        "name": "病翼巢穴（病窩）",
        "display_name": "病翼巢穴（病窩）（虛構）",
        "location_type": "fictional",
        "fictional": true,
        "location_precision": "fictional",
        "story_position": {
          "x": 0.236,
          "y": 0.673
        },
        "first_appearance": 185,
        "chapters": [
          185
        ],
        "characters": [],
        "description": "由人體殘肢搭建、模仿鳥巢模樣的病翼聚集地，內有約七隻病翼。",
        "confidence": 0.9,
        "review_status": "reviewed",
        "source": "bing_gang",
        "zone_ids": [
          "zone_7103de1f8e"
        ],
        "position_source": "同章（[185]）嘅 2 個已解析地點質心附近（環形偏移，id hash 決定）"
      }
    },
    {
      "type": "Feature",
      "geometry": {
        "type": "Point",
        "coordinates": [
          114.27132753490501,
          22.31777761501488
        ]
      },
      "properties": {
        "id": "loc_0661",
        "name": "「病者之都」政府大樓九樓",
        "display_name": "「病者之都」政府大樓九樓（參考位置）",
        "location_type": "district",
        "fictional": false,
        "location_precision": "approximate",
        "story_position": {
          "x": 0.702,
          "y": 0.372
        },
        "first_appearance": 186,
        "chapters": [
          186
        ],
        "characters": [],
        "description": "敘事者同白魂到達嘅地方，內有病翼群聚居於彎曲鋼鐵上，及一道被鎖上嘅大鐵門通往十樓",
        "confidence": 0.95,
        "review_status": "reviewed",
        "source": "bing_gang"
      }
    },
    {
      "type": "Feature",
      "geometry": {
        "type": "Point",
        "coordinates": [
          114.27336,
          22.316839
        ]
      },
      "properties": {
        "id": "loc_0662",
        "name": "病翼巢穴",
        "display_name": "病翼巢穴（推斷位置）",
        "location_type": "district",
        "fictional": false,
        "location_precision": "approximate",
        "story_position": {
          "x": 0.265,
          "y": 0.659
        },
        "first_appearance": 186,
        "chapters": [
          186
        ],
        "characters": [
          "白魂"
        ],
        "description": "位於九樓邊沿一條向外彎曲伸出嘅鋼鐵上，由人體殘肢同鐵線組合而成，擺放住病翼從人類身上掠奪嘅戰利品",
        "confidence": 0.95,
        "review_status": "reviewed",
        "source": "bing_gang",
        "inferred_from": "inf_loc_0662",
        "zone_ids": [
          "zone_8bb2f3148f"
        ]
      }
    },
    {
      "type": "Feature",
      "geometry": {
        "type": "Point",
        "coordinates": [
          114.27336,
          22.316839
        ]
      },
      "properties": {
        "id": "loc_0663",
        "name": "九樓大鐵門",
        "display_name": "九樓大鐵門（推斷位置）",
        "location_type": "district",
        "fictional": false,
        "location_precision": "approximate",
        "story_position": {
          "x": 0.761,
          "y": 0.269
        },
        "first_appearance": 186,
        "chapters": [
          186
        ],
        "characters": [],
        "description": "通往「病者之都」政府大樓最高層（十樓）嘅鎖上鐵門，寬565公分、長650公分，由後來建造，風格與大樓格格不入",
        "confidence": 0.95,
        "review_status": "reviewed",
        "source": "bing_gang",
        "inferred_from": "inf_loc_0663"
      }
    },
    {
      "type": "Feature",
      "geometry": {
        "type": "Point",
        "coordinates": [
          114.2729,
          22.3166
        ]
      },
      "properties": {
        "id": "loc_0664",
        "name": "坑口村",
        "display_name": "坑口村（推斷位置）",
        "location_type": "district",
        "fictional": false,
        "location_precision": "district",
        "story_position": {
          "x": 0.7,
          "y": 0.366
        },
        "first_appearance": 186,
        "chapters": [
          186
        ],
        "characters": [],
        "description": "Nosyag發現配鎖店嘅地方，並繪製咗坑口政府大樓嘅地圖",
        "confidence": 0.85,
        "review_status": "reviewed",
        "source": "bing_gang",
        "inferred_from": "inf_loc_0664"
      }
    },
    {
      "type": "Feature",
      "geometry": {
        "type": "Point",
        "coordinates": [
          114.27495548180363,
          22.315634378576334
        ]
      },
      "properties": {
        "id": "loc_0665",
        "name": "坑口村配鎖店",
        "display_name": "坑口村配鎖店（參考位置）",
        "location_type": "district",
        "fictional": false,
        "location_precision": "approximate",
        "story_position": {
          "x": 0.708,
          "y": 0.367
        },
        "first_appearance": 186,
        "chapters": [
          186
        ],
        "characters": [],
        "description": "Nosyag利用該店工具製造鐵門鎖匙，經64次嘗試成功",
        "confidence": 0.85,
        "review_status": "reviewed",
        "source": "bing_gang"
      }
    },
    {
      "type": "Feature",
      "geometry": {
        "type": "Point",
        "coordinates": [
          114.2737969329366,
          22.317105973907076
        ]
      },
      "properties": {
        "id": "loc_0666",
        "name": "政府綜合大樓十樓",
        "display_name": "政府綜合大樓十樓（參考位置）",
        "location_type": "district",
        "fictional": false,
        "location_precision": "approximate",
        "story_position": {
          "x": 0.706,
          "y": 0.371
        },
        "first_appearance": 186,
        "chapters": [
          186
        ],
        "characters": [],
        "description": "聖堂位於政府綜合大樓最高、最後嘅十樓",
        "confidence": 0.9,
        "review_status": "reviewed",
        "source": "bing_gang"
      }
    },
    {
      "type": "Feature",
      "geometry": {
        "type": "Point",
        "coordinates": [
          114.27336,
          22.316839
        ]
      },
      "properties": {
        "id": "loc_0667",
        "name": "聖堂後堂",
        "display_name": "聖堂後堂（推斷位置）",
        "location_type": "district",
        "fictional": false,
        "location_precision": "approximate",
        "story_position": {
          "x": 0.304,
          "y": 0.292
        },
        "first_appearance": 186,
        "chapters": [
          186
        ],
        "characters": [],
        "description": "聖堂後堂係白鯨房間外面，敘事者同白魂曾跑到該處",
        "confidence": 0.85,
        "review_status": "reviewed",
        "source": "bing_gang",
        "inferred_from": "inf_loc_0667"
      }
    },
    {
      "type": "Feature",
      "geometry": {
        "type": "Point",
        "coordinates": [
          114.27336,
          22.316839
        ]
      },
      "properties": {
        "id": "loc_0668",
        "name": "白鯨房間",
        "display_name": "白鯨房間（推斷位置）",
        "location_type": "district",
        "fictional": false,
        "location_precision": "approximate",
        "story_position": {
          "x": 0.357,
          "y": 0.825
        },
        "first_appearance": 186,
        "chapters": [
          186
        ],
        "characters": [
          "白魂"
        ],
        "description": "白鯨嘅房間位於聖堂後堂後面，由背負鯨牙大劍嘅男人坐守",
        "confidence": 0.95,
        "review_status": "reviewed",
        "source": "bing_gang",
        "inferred_from": "inf_loc_0668"
      }
    },
    {
      "type": "Feature",
      "geometry": {
        "type": "Point",
        "coordinates": [
          114.25343,
          22.30581
        ]
      },
      "properties": {
        "id": "loc_0669",
        "name": "大本營天台",
        "display_name": "大本營天台（推斷位置）",
        "location_type": "district",
        "fictional": false,
        "location_precision": "approximate",
        "story_position": {
          "x": 0.395,
          "y": 0.708
        },
        "first_appearance": 187,
        "chapters": [
          187
        ],
        "characters": [],
        "description": "敘事者虛夢中出現嘅場景，係大本營嘅天台，敘事者生前經常喺嗰度睇風景。",
        "confidence": 0.9,
        "review_status": "reviewed",
        "source": "bing_gang",
        "inferred_from": "inf_loc_0669"
      }
    },
    {
      "type": "Feature",
      "geometry": {
        "type": "Point",
        "coordinates": [
          114.253519,
          22.302266
        ]
      },
      "properties": {
        "id": "loc_0670",
        "name": "聖堂天台",
        "display_name": "聖堂天台（虛構）",
        "location_type": "fictional",
        "fictional": true,
        "location_precision": "fictional",
        "story_position": {
          "x": 0.38,
          "y": 0.291
        },
        "first_appearance": 188,
        "chapters": [
          188
        ],
        "characters": [],
        "description": "在白鯨的記憶中，曾在聖堂天台觀看日落",
        "confidence": 0.85,
        "review_status": "reviewed",
        "source": "bing_gang",
        "position_source": "冇同章（區內）錨點，用故事主場景（將軍澳校園一帶）"
      }
    },
    {
      "type": "Feature",
      "geometry": {
        "type": "Point",
        "coordinates": [
          114.27702476539254,
          22.330504280155644
        ]
      },
      "properties": {
        "id": "loc_0671",
        "name": "將軍澳海中心",
        "display_name": "將軍澳海中心（參考位置）",
        "location_type": "district",
        "fictional": false,
        "location_precision": "approximate",
        "story_position": {
          "x": 0.712,
          "y": 0.407
        },
        "first_appearance": 189,
        "chapters": [
          189
        ],
        "characters": [
          "白鯨"
        ],
        "description": "白鯨凝視將軍澳海中心，描述那裡有氣勢磅礡且夾雜著雷電圍繞的巨型龍捲風",
        "confidence": 0.95,
        "review_status": "reviewed",
        "source": "bing_gang"
      }
    },
    {
      "type": "Feature",
      "geometry": {
        "type": "Point",
        "coordinates": [
          114.27543,
          22.329584
        ]
      },
      "properties": {
        "id": "loc_0672",
        "name": "十樓盡頭嘅研究室",
        "display_name": "十樓盡頭嘅研究室（虛構）",
        "location_type": "fictional",
        "fictional": true,
        "location_precision": "fictional",
        "story_position": {
          "x": 0.848,
          "y": 0.534
        },
        "first_appearance": 189,
        "chapters": [
          189
        ],
        "characters": [],
        "description": "十樓盡頭有一間類似研究室嘅房間，入面有專業醫療、研究器材同工具，係改裝而成",
        "confidence": 0.9,
        "review_status": "reviewed",
        "source": "bing_gang",
        "position_source": "同章（[189]）嘅 1 個已解析地點質心附近（環形偏移，id hash 決定）"
      }
    },
    {
      "type": "Feature",
      "geometry": {
        "type": "Point",
        "coordinates": [
          114.279686,
          22.328373
        ]
      },
      "properties": {
        "id": "loc_0673",
        "name": "Spanish Sahara",
        "display_name": "Spanish Sahara（虛構）",
        "location_type": "fictional",
        "fictional": true,
        "location_precision": "fictional",
        "story_position": {
          "x": 0.252,
          "y": 0.467
        },
        "first_appearance": 189,
        "chapters": [
          189
        ],
        "characters": [],
        "description": "白鯨將Spanish Sahara描述為亡魂最終會到達嘅淨土，傳說中戰士亡魂最終會去到嘅淨土係一片沙漠，亦有返去懷念家鄉嘅意思",
        "confidence": 0.95,
        "review_status": "reviewed",
        "source": "bing_gang",
        "position_source": "同章（[189]）嘅 1 個已解析地點質心附近（環形偏移，id hash 決定）"
      }
    },
    {
      "type": "Feature",
      "geometry": {
        "type": "Point",
        "coordinates": [
          114.275431,
          22.331656
        ]
      },
      "properties": {
        "id": "loc_0674",
        "name": "潛意識世界",
        "display_name": "潛意識世界（虛構）",
        "location_type": "fictional",
        "fictional": true,
        "location_precision": "fictional",
        "story_position": {
          "x": 0.692,
          "y": 0.815
        },
        "first_appearance": 189,
        "chapters": [
          189
        ],
        "characters": [],
        "description": "我喺白鯨入侵意識後，身處自己潛意識中嘅世界，環境一片混亂",
        "confidence": 0.9,
        "review_status": "reviewed",
        "source": "bing_gang",
        "position_source": "同章（[189]）嘅 1 個已解析地點質心附近（環形偏移，id hash 決定）"
      }
    },
    {
      "type": "Feature",
      "geometry": {
        "type": "Point",
        "coordinates": [
          114.279547,
          22.32847
        ]
      },
      "properties": {
        "id": "loc_0675",
        "name": "體育館",
        "display_name": "體育館（虛構）",
        "location_type": "fictional",
        "fictional": true,
        "location_precision": "fictional",
        "story_position": {
          "x": 0.169,
          "y": 0.386
        },
        "first_appearance": 189,
        "chapters": [
          189
        ],
        "characters": [
          "奎斯",
          "賴桑"
        ],
        "description": "奎斯同賴桑被指喺外面體育館，王達尼表示一陣離開嗰陣會搵埋佢哋。",
        "confidence": 0.9,
        "review_status": "reviewed",
        "source": "bing_gang",
        "position_source": "同章（[189]）嘅 1 個已解析地點質心附近（環形偏移，id hash 決定）"
      }
    },
    {
      "type": "Feature",
      "geometry": {
        "type": "Point",
        "coordinates": [
          114.27385701533532,
          22.320092149233236
        ]
      },
      "properties": {
        "id": "loc_0676",
        "name": "坑口街道",
        "display_name": "坑口街道（參考位置）",
        "location_type": "district",
        "fictional": false,
        "location_precision": "approximate",
        "story_position": {
          "x": 0.706,
          "y": 0.379
        },
        "first_appearance": 190,
        "chapters": [
          190
        ],
        "characters": [],
        "description": "敘事者喺坑口街道上斬殺大量病者，令街道血流成河。",
        "confidence": 0.9,
        "review_status": "reviewed",
        "source": "bing_gang"
      }
    },
    {
      "type": "Feature",
      "geometry": {
        "type": "Point",
        "coordinates": [
          114.27474561684596,
          22.319799862668805
        ]
      },
      "properties": {
        "id": "loc_0677",
        "name": "疊翠軒皇家醫院",
        "display_name": "疊翠軒皇家醫院（參考位置）",
        "location_type": "district",
        "fictional": false,
        "location_precision": "approximate",
        "story_position": {
          "x": 0.708,
          "y": 0.378
        },
        "first_appearance": 191,
        "chapters": [
          191
        ],
        "characters": [
          "賴桑"
        ],
        "description": "艾寶琳內有「疊翠軒皇家醫院」，傷者賴桑被送往該處",
        "confidence": 0.95,
        "review_status": "reviewed",
        "source": "bing_gang"
      }
    },
    {
      "type": "Feature",
      "geometry": {
        "type": "Point",
        "coordinates": [
          114.23895250629435,
          22.31781938658732
        ]
      },
      "properties": {
        "id": "loc_0678",
        "name": "艾寶琳皇家研究室",
        "display_name": "艾寶琳皇家研究室（參考位置）",
        "location_type": "district",
        "fictional": false,
        "location_precision": "approximate",
        "story_position": {
          "x": 0.648,
          "y": 0.372
        },
        "first_appearance": 191,
        "chapters": [
          191
        ],
        "characters": [],
        "description": "艾寶琳內設有皇家研究室，據稱仍擁有病毒研究相關設備",
        "confidence": 0.85,
        "review_status": "reviewed",
        "source": "bing_gang"
      }
    },
    {
      "type": "Feature",
      "geometry": {
        "type": "Point",
        "coordinates": [
          114.2415,
          22.3229
        ]
      },
      "properties": {
        "id": "loc_0679",
        "name": "政府大樓",
        "display_name": "政府大樓（推斷位置）",
        "location_type": "district",
        "fictional": false,
        "location_precision": "district",
        "story_position": {
          "x": 0.707,
          "y": 0.377
        },
        "first_appearance": 191,
        "chapters": [
          191
        ],
        "characters": [
          "披雨衣嘅男人",
          "余智海"
        ],
        "description": "艾寶琳內有政府大樓，最頂層盡頭設有一間改裝過的實驗室，余智海曾於該處進行研究",
        "confidence": 0.95,
        "review_status": "reviewed",
        "source": "bing_gang",
        "inferred_from": "inf_loc_0679"
      }
    },
    {
      "type": "Feature",
      "geometry": {
        "type": "Point",
        "coordinates": [
          114.27720789654384,
          22.312210803387504
        ]
      },
      "properties": {
        "id": "loc_0680",
        "name": "坑口病者之都",
        "display_name": "坑口病者之都（參考位置）",
        "location_type": "district",
        "fictional": false,
        "location_precision": "approximate",
        "story_position": {
          "x": 0.712,
          "y": 0.357
        },
        "first_appearance": 191,
        "chapters": [
          191
        ],
        "characters": [],
        "description": "相機內存有坑口病者之都的風景照片",
        "confidence": 0.9,
        "review_status": "reviewed",
        "source": "bing_gang"
      }
    },
    {
      "type": "Feature",
      "geometry": {
        "type": "Point",
        "coordinates": [
          114.25343,
          22.30581
        ]
      },
      "properties": {
        "id": "loc_0681",
        "name": "大本營垃圾場",
        "display_name": "大本營垃圾場（推斷位置）",
        "location_type": "district",
        "fictional": false,
        "location_precision": "approximate",
        "story_position": {
          "x": 0.497,
          "y": 0.153
        },
        "first_appearance": 191,
        "chapters": [
          191
        ],
        "characters": [
          "王達尼"
        ],
        "description": "大本營垃圾場有污渠口連接外面，王達尼從此返回大本營；旁邊平時有大本營街友瞓覺。",
        "confidence": 0.95,
        "review_status": "reviewed",
        "source": "bing_gang",
        "inferred_from": "inf_loc_0681"
      }
    },
    {
      "type": "Feature",
      "geometry": {
        "type": "Point",
        "coordinates": [
          114.261593,
          22.315889
        ]
      },
      "properties": {
        "id": "loc_0682",
        "name": "攝影大樓",
        "display_name": "攝影大樓（虛構）",
        "location_type": "fictional",
        "fictional": true,
        "location_precision": "fictional",
        "story_position": {
          "x": 0.497,
          "y": 0.205
        },
        "first_appearance": 191,
        "chapters": [
          191
        ],
        "characters": [
          "賴三",
          "舌女",
          "賴三老師",
          "瑜小六"
        ],
        "description": "攝影大樓係賴三老師嘅專屬樓層，位於C橦後，平時上鎖並清靜。",
        "confidence": 0.95,
        "review_status": "reviewed",
        "source": "bing_gang",
        "position_source": "同章（[191]）嘅 6 個已解析地點質心附近（環形偏移，id hash 決定）"
      }
    },
    {
      "type": "Feature",
      "geometry": {
        "type": "Point",
        "coordinates": [
          114.256479,
          22.314046
        ]
      },
      "properties": {
        "id": "loc_0683",
        "name": "器材租用室",
        "display_name": "器材租用室（虛構）",
        "location_type": "fictional",
        "fictional": true,
        "location_precision": "fictional",
        "story_position": {
          "x": 0.474,
          "y": 0.436
        },
        "first_appearance": 191,
        "chapters": [
          191
        ],
        "characters": [],
        "description": "器材租用室位於攝影大樓內，存放攝影器材同配件，並有論文寫住瑜小六嘅名字。",
        "confidence": 0.95,
        "review_status": "reviewed",
        "source": "bing_gang",
        "position_source": "同章（[191]）嘅 6 個已解析地點質心附近（環形偏移，id hash 決定）"
      }
    },
    {
      "type": "Feature",
      "geometry": {
        "type": "Point",
        "coordinates": [
          114.261573,
          22.315837
        ]
      },
      "properties": {
        "id": "loc_0684",
        "name": "暗房",
        "display_name": "暗房（虛構）",
        "location_type": "fictional",
        "fictional": true,
        "location_precision": "fictional",
        "story_position": {
          "x": 0.542,
          "y": 0.413
        },
        "first_appearance": 191,
        "chapters": [
          191
        ],
        "characters": [
          "舌女",
          "陸軒"
        ],
        "description": "暗房位於攝影大樓內，與器材租用室相連只一門之隔，王達尼匿藏於此避開賴三老師。",
        "confidence": 0.93,
        "review_status": "reviewed",
        "source": "bing_gang",
        "position_source": "同章（[191]）嘅 6 個已解析地點質心附近（環形偏移，id hash 決定）"
      }
    },
    {
      "type": "Feature",
      "geometry": {
        "type": "Point",
        "coordinates": [
          114.27,
          22.31
        ]
      },
      "properties": {
        "id": "loc_0685",
        "name": "將軍澳海濱",
        "display_name": "將軍澳海濱（參考位置）",
        "location_type": "district",
        "fictional": false,
        "location_precision": "district",
        "story_position": {
          "x": 0.7,
          "y": 0.351
        },
        "first_appearance": 191,
        "chapters": [
          191
        ],
        "characters": [
          "明雲"
        ],
        "description": "將軍澳海濱對出海域正形成一股龍捲風，吹陸方向為大本營，明雲提供康城作為暫時避難所。",
        "confidence": 0.97,
        "review_status": "reviewed",
        "source": "bing_gang"
      }
    },
    {
      "type": "Feature",
      "geometry": {
        "type": "Point",
        "coordinates": [
          114.25054,
          22.304343
        ]
      },
      "properties": {
        "id": "loc_0686",
        "name": "林中",
        "display_name": "林中（虛構）",
        "location_type": "fictional",
        "fictional": true,
        "location_precision": "fictional",
        "story_position": {
          "x": 0.642,
          "y": 0.848
        },
        "first_appearance": 192,
        "chapters": [
          192
        ],
        "characters": [
          "不破尚",
          "余智海博士",
          "敘事者",
          "敘事者（自稱，疑似代號M）"
        ],
        "description": "余三村生前最後與家人居住嘅地方",
        "confidence": 0.9,
        "review_status": "reviewed",
        "source": "bing_gang",
        "position_source": "同章（[192]）嘅 1 個已解析地點質心附近（環形偏移，id hash 決定）"
      }
    },
    {
      "type": "Feature",
      "geometry": {
        "type": "Point",
        "coordinates": [
          114.25343,
          22.30581
        ]
      },
      "properties": {
        "id": "loc_0687",
        "name": "大本營九樓欄杆",
        "display_name": "大本營九樓欄杆（推斷位置）",
        "location_type": "district",
        "fictional": false,
        "location_precision": "approximate",
        "story_position": {
          "x": 0.618,
          "y": 0.196
        },
        "first_appearance": 192,
        "chapters": [
          192
        ],
        "characters": [],
        "description": "大本營內九樓欄杆，銘凱疑似現身觀望嘅位置",
        "confidence": 0.9,
        "review_status": "reviewed",
        "source": "bing_gang",
        "inferred_from": "inf_loc_0687"
      }
    },
    {
      "type": "Feature",
      "geometry": {
        "type": "Point",
        "coordinates": [
          114.248832,
          22.308597
        ]
      },
      "properties": {
        "id": "loc_0688",
        "name": "地盤",
        "display_name": "地盤（虛構）",
        "location_type": "fictional",
        "fictional": true,
        "location_precision": "fictional",
        "story_position": {
          "x": 0.441,
          "y": 0.317
        },
        "first_appearance": 193,
        "chapters": [
          193
        ],
        "characters": [
          "盜屍賊",
          "病盜（盜屍賊）",
          "盜屍賊（病盜）",
          "寶琳王國公主"
        ],
        "description": "戰鬥區域之一，余智海跌入該處沙地並形成凹陷，鐵柱自吊機墜落刺穿其身。",
        "confidence": 0.8,
        "review_status": "reviewed",
        "source": "bing_gang",
        "position_source": "同章（[193]）嘅 3 個已解析地點質心附近（環形偏移，id hash 決定）"
      }
    },
    {
      "type": "Feature",
      "geometry": {
        "type": "Point",
        "coordinates": [
          114.254175600824,
          22.303975005722133
        ]
      },
      "properties": {
        "id": "loc_0689",
        "name": "沿海方向",
        "display_name": "沿海方向（參考位置）",
        "location_type": "district",
        "fictional": false,
        "location_precision": "approximate",
        "story_position": {
          "x": 0.674,
          "y": 0.335
        },
        "first_appearance": 193,
        "chapters": [
          193
        ],
        "characters": [],
        "description": "巨型龍捲風集結的海中心方向，敘事者等人計劃引余智海至此再飛入風暴。",
        "confidence": 0.9,
        "review_status": "reviewed",
        "source": "bing_gang"
      }
    },
    {
      "type": "Feature",
      "geometry": {
        "type": "Point",
        "coordinates": [
          114.24457392996109,
          22.322202449073014
        ]
      },
      "properties": {
        "id": "loc_0690",
        "name": "艾寶琳瓦安的家中",
        "display_name": "艾寶琳瓦安的家中（參考位置）",
        "location_type": "district",
        "fictional": false,
        "location_precision": "approximate",
        "story_position": {
          "x": 0.658,
          "y": 0.384
        },
        "first_appearance": 193,
        "chapters": [
          193
        ],
        "characters": [],
        "description": "滿天曾在此與瓦禮說謊分別的地點，屬於滿天悲喜參半的回憶場所。",
        "confidence": 0.8,
        "review_status": "reviewed",
        "source": "bing_gang"
      }
    },
    {
      "type": "Feature",
      "geometry": {
        "type": "Point",
        "coordinates": [
          114.25343,
          22.30581
        ]
      },
      "properties": {
        "id": "loc_0691",
        "name": "大本營機關大閘",
        "display_name": "大本營機關大閘（推斷位置）",
        "location_type": "district",
        "fictional": false,
        "location_precision": "approximate",
        "story_position": {
          "x": 0.79,
          "y": 0.155
        },
        "first_appearance": 193,
        "chapters": [
          193
        ],
        "characters": [],
        "description": "大本營嘅機關大閘單憑小六一人之力冇可能及時打開，但余智海只需用手掌貼緊就令其扭曲變形破出大洞。",
        "confidence": 0.95,
        "review_status": "reviewed",
        "source": "bing_gang",
        "inferred_from": "inf_loc_0691"
      }
    },
    {
      "type": "Feature",
      "geometry": {
        "type": "Point",
        "coordinates": [
          114.2682828564889,
          22.326029068436714
        ]
      },
      "properties": {
        "id": "loc_0692",
        "name": "病獵公會培訓學校",
        "display_name": "病獵公會培訓學校（參考位置）",
        "location_type": "district",
        "fictional": false,
        "location_precision": "approximate",
        "story_position": {
          "x": 0.697,
          "y": 0.395
        },
        "first_appearance": 194,
        "chapters": [
          194
        ],
        "characters": [],
        "description": "位於艾寶琳倖存區，邀請瑜小六擔任「病者學」教授",
        "confidence": 0.9,
        "review_status": "reviewed",
        "source": "bing_gang"
      }
    },
    {
      "type": "Feature",
      "geometry": {
        "type": "Point",
        "coordinates": [
          114.2415,
          22.3229
        ]
      },
      "properties": {
        "id": "loc_0693",
        "name": "翠林",
        "display_name": "翠林（推斷位置）",
        "location_type": "district",
        "fictional": false,
        "location_precision": "district",
        "story_position": {
          "x": 0.272,
          "y": 0.419
        },
        "first_appearance": 195,
        "chapters": [
          195
        ],
        "characters": [
          "瓦安",
          "王達尼",
          "三腦",
          "病者和平協會",
          "主角（第一身敘述者）",
          "老鄧",
          "胡子老闆",
          "南愚北賢",
          "燒海鮮店大嬸",
          "西餐廳女侍應",
          "食店大叔",
          "敘事者（「我」）",
          "前任領導人（翠林邨）",
          "國王",
          "滿天",
          "北賢",
          "南愚"
        ],
        "description": "翠林村係艾寶琳嘅附屬區域，出產鮮甜蘋果同水產",
        "confidence": 0.95,
        "review_status": "reviewed",
        "source": "bing_gang",
        "inferred_from": "inf_loc_0693"
      }
    },
    {
      "type": "Feature",
      "geometry": {
        "type": "Point",
        "coordinates": [
          114.1694,
          22.3193
        ]
      },
      "properties": {
        "id": "loc_0694",
        "name": "旺角",
        "display_name": "旺角（參考位置）",
        "location_type": "district",
        "fictional": false,
        "location_precision": "district",
        "story_position": {
          "x": 0.532,
          "y": 0.376
        },
        "first_appearance": 195,
        "chapters": [
          195
        ],
        "characters": [],
        "description": "旺角被用嚟比喻艾寶琳嘅多元文化",
        "confidence": 0.7,
        "review_status": "reviewed",
        "source": "bing_gang",
        "map_hidden": true,
        "position_source": "由地圖排除：「旺角」喺文中係**比喻**，唔係角色去過嘅地方。喺地圖上標記會誤導。"
      }
    },
    {
      "type": "Feature",
      "geometry": {
        "type": "Point",
        "coordinates": [
          114.24327697413597,
          22.32383394369421
        ]
      },
      "properties": {
        "id": "loc_0695",
        "name": "艾寶琳倖存區病獵學院",
        "display_name": "艾寶琳倖存區病獵學院（參考位置）",
        "location_type": "district",
        "fictional": false,
        "location_precision": "approximate",
        "story_position": {
          "x": 0.655,
          "y": 0.389
        },
        "first_appearance": 195,
        "chapters": [
          195
        ],
        "characters": [],
        "description": "一星期後敘事者於艾寶琳倖存區嘅病獵學院擔任新老師",
        "confidence": 0.95,
        "review_status": "reviewed",
        "source": "bing_gang",
        "zone_ids": [
          "zone_66d5fbd6c1"
        ]
      }
    },
    {
      "type": "Feature",
      "geometry": {
        "type": "Point",
        "coordinates": [
          114.254035,
          22.321538
        ]
      },
      "properties": {
        "id": "loc_0696",
        "name": "樓上健身室",
        "display_name": "樓上健身室（虛構）",
        "location_type": "fictional",
        "fictional": true,
        "location_precision": "fictional",
        "story_position": {
          "x": 0.21,
          "y": 0.759
        },
        "first_appearance": 195,
        "chapters": [
          195
        ],
        "characters": [
          "王達尼"
        ],
        "description": "王達尼新開咗一間樓上健身室，向新會員提供折扣",
        "confidence": 0.9,
        "review_status": "reviewed",
        "source": "bing_gang",
        "position_source": "同章（[195]）嘅 3 個已解析地點質心附近（環形偏移，id hash 決定）；已排除 1 個區域外錨點"
      }
    },
    {
      "type": "Feature",
      "geometry": {
        "type": "Point",
        "coordinates": [
          114.253833,
          22.320893
        ]
      },
      "properties": {
        "id": "loc_0697",
        "name": "東華三院呂潤財紀念中學",
        "display_name": "東華三院呂潤財紀念中學（虛構）",
        "location_type": "fictional",
        "fictional": true,
        "location_precision": "fictional",
        "story_position": {
          "x": 0.553,
          "y": 0.429
        },
        "first_appearance": 195,
        "chapters": [
          195
        ],
        "characters": [],
        "description": "病者學院其中一個區域位於東華三院呂潤財紀念中學",
        "confidence": 0.9,
        "review_status": "reviewed",
        "source": "bing_gang",
        "position_source": "同章（[195]）嘅 3 個已解析地點質心附近（環形偏移，id hash 決定）；已排除 1 個區域外錨點"
      }
    },
    {
      "type": "Feature",
      "geometry": {
        "type": "Point",
        "coordinates": [
          114.26881437399864,
          22.317714259555963
        ]
      },
      "properties": {
        "id": "loc_0698",
        "name": "仁濟醫院靚次伯紀念中學",
        "display_name": "仁濟醫院靚次伯紀念中學（參考位置）",
        "location_type": "district",
        "fictional": false,
        "location_precision": "approximate",
        "story_position": {
          "x": 0.698,
          "y": 0.372
        },
        "first_appearance": 195,
        "chapters": [
          195
        ],
        "characters": [],
        "description": "病者學院其中一個區域位於仁濟醫院靚次伯紀念中學，該處提供學生宿舍用途",
        "confidence": 0.85,
        "review_status": "reviewed",
        "source": "bing_gang"
      }
    },
    {
      "type": "Feature",
      "geometry": {
        "type": "Point",
        "coordinates": [
          114.26258924238957,
          22.332173952849622
        ]
      },
      "properties": {
        "id": "loc_0699",
        "name": "魔鬼山碉堡",
        "display_name": "魔鬼山碉堡（參考位置）",
        "location_type": "district",
        "fictional": false,
        "location_precision": "approximate",
        "story_position": {
          "x": 0.688,
          "y": 0.411
        },
        "first_appearance": 196,
        "chapters": [
          196
        ],
        "characters": [
          "Dr.D"
        ],
        "description": "魔鬼山上受毀的古舊碉堡遺跡，內部被Dr.D改造成實驗室及活體營養儲存站",
        "confidence": 0.98,
        "review_status": "reviewed",
        "source": "bing_gang"
      }
    },
    {
      "type": "Feature",
      "geometry": {
        "type": "Point",
        "coordinates": [
          114.25343,
          22.30581
        ]
      },
      "properties": {
        "id": "loc_0700",
        "name": "大本營C橦工坊大樓",
        "display_name": "大本營C橦工坊大樓（推斷位置）",
        "location_type": "district",
        "fictional": false,
        "location_precision": "approximate",
        "story_position": {
          "x": 0.286,
          "y": 0.621
        },
        "first_appearance": 196,
        "chapters": [
          196
        ],
        "characters": [],
        "description": "大本營內生產力最高的大樓，充滿鋸木及縫衣聲",
        "confidence": 0.95,
        "review_status": "reviewed",
        "source": "bing_gang",
        "inferred_from": "inf_loc_0700"
      }
    },
    {
      "type": "Feature",
      "geometry": {
        "type": "Point",
        "coordinates": [
          114.25343,
          22.30581
        ]
      },
      "properties": {
        "id": "loc_0701",
        "name": "大本營D橦醫療大樓",
        "display_name": "大本營D橦醫療大樓（推斷位置）",
        "location_type": "district",
        "fictional": false,
        "location_precision": "approximate",
        "story_position": {
          "x": 0.812,
          "y": 0.362
        },
        "first_appearance": 196,
        "chapters": [
          196
        ],
        "characters": [],
        "description": "大本營內的醫療大樓，七樓設有圖書館及禁書區，收藏Dr.D生前研究筆記",
        "confidence": 0.95,
        "review_status": "reviewed",
        "source": "bing_gang",
        "inferred_from": "inf_loc_0701"
      }
    },
    {
      "type": "Feature",
      "geometry": {
        "type": "Point",
        "coordinates": [
          114.25343,
          22.30581
        ]
      },
      "properties": {
        "id": "loc_0702",
        "name": "大本營展覽廳",
        "display_name": "大本營展覽廳（推斷位置）",
        "location_type": "district",
        "fictional": false,
        "location_precision": "approximate",
        "story_position": {
          "x": 0.604,
          "y": 0.328
        },
        "first_appearance": 196,
        "chapters": [
          196
        ],
        "characters": [],
        "description": "大本營內每星期對外開放一次的展覽廳，少佐會向遊客講解大本營歷史及黑色賢者事跡",
        "confidence": 0.95,
        "review_status": "reviewed",
        "source": "bing_gang",
        "inferred_from": "inf_loc_0702"
      }
    },
    {
      "type": "Feature",
      "geometry": {
        "type": "Point",
        "coordinates": [
          114.25343,
          22.30581
        ]
      },
      "properties": {
        "id": "loc_0703",
        "name": "七樓圖書館禁書區",
        "display_name": "七樓圖書館禁書區（推斷位置）",
        "location_type": "district",
        "fictional": false,
        "location_precision": "approximate",
        "story_position": {
          "x": 0.409,
          "y": 0.785
        },
        "first_appearance": 196,
        "chapters": [
          196
        ],
        "characters": [],
        "description": "大本營D橦醫療大樓七樓圖書館內的核心禁區，需有病學高級證明書或特許人員方可進入，收藏Dr.D生前文件",
        "confidence": 0.95,
        "review_status": "reviewed",
        "source": "bing_gang",
        "inferred_from": "inf_loc_0703"
      }
    },
    {
      "type": "Feature",
      "geometry": {
        "type": "Point",
        "coordinates": [
          114.258562,
          22.308939
        ]
      },
      "properties": {
        "id": "loc_0704",
        "name": "碉堡",
        "display_name": "碉堡（虛構）",
        "location_type": "fictional",
        "fictional": true,
        "location_precision": "fictional",
        "story_position": {
          "x": 0.233,
          "y": 0.582
        },
        "first_appearance": 196,
        "chapters": [
          196
        ],
        "characters": [
          "Dr.D",
          "少年（一家四口）",
          "書記"
        ],
        "description": "Dr.D進行研究、儲存營養的中轉站，原本封閉了四十多具活人作為營養供應體",
        "confidence": 0.95,
        "review_status": "reviewed",
        "source": "bing_gang",
        "position_source": "同章（[196]）嘅 5 個已解析地點質心附近（環形偏移，id hash 決定）"
      }
    },
    {
      "type": "Feature",
      "geometry": {
        "type": "Point",
        "coordinates": [
          114.2415,
          22.3229
        ]
      },
      "properties": {
        "id": "loc_0705",
        "name": "力霸健身",
        "display_name": "力霸健身（推斷位置）",
        "location_type": "district",
        "fictional": false,
        "location_precision": "district",
        "story_position": {
          "x": 0.459,
          "y": 0.769
        },
        "first_appearance": 197,
        "chapters": [
          197
        ],
        "characters": [
          "貴華",
          "大舊",
          "王達尼",
          "胡師傅"
        ],
        "description": "力霸健身係艾寶琳一帶嘅一間合辦健身室，設有樓上健身場地，提供會員制、健身奶粉同埋私人教練服務。",
        "confidence": 0.95,
        "review_status": "reviewed",
        "source": "bing_gang",
        "inferred_from": "inf_loc_0705"
      }
    },
    {
      "type": "Feature",
      "geometry": {
        "type": "Point",
        "coordinates": [
          114.2415,
          22.3229
        ]
      },
      "properties": {
        "id": "loc_0706",
        "name": "力學健身室",
        "display_name": "力學健身室（推斷位置）",
        "location_type": "district",
        "fictional": false,
        "location_precision": "district",
        "story_position": {
          "x": 0.499,
          "y": 0.488
        },
        "first_appearance": 197,
        "chapters": [
          197
        ],
        "characters": [
          "胡師傅",
          "肥施"
        ],
        "description": "力學健身室係艾寶琳一帶另一間健身學院，由胡師傅開辦，曾經係當地唯一嘅健身學院。",
        "confidence": 0.95,
        "review_status": "reviewed",
        "source": "bing_gang",
        "inferred_from": "inf_loc_0706"
      }
    },
    {
      "type": "Feature",
      "geometry": {
        "type": "Point",
        "coordinates": [
          114.25786898603799,
          22.31187264820325
        ]
      },
      "properties": {
        "id": "loc_0707",
        "name": "新都城戲院外面",
        "display_name": "新都城戲院外面（參考位置）",
        "location_type": "district",
        "fictional": false,
        "location_precision": "approximate",
        "story_position": {
          "x": 0.68,
          "y": 0.356
        },
        "first_appearance": 197,
        "chapters": [
          197
        ],
        "characters": [],
        "description": "貝果少女曾經喺新都城戲院外面販賣南瓜貝果。",
        "confidence": 0.9,
        "review_status": "reviewed",
        "source": "bing_gang"
      }
    },
    {
      "type": "Feature",
      "geometry": {
        "type": "Point",
        "coordinates": [
          114.251079,
          22.31969
        ]
      },
      "properties": {
        "id": "loc_0708",
        "name": "VIP私人健身房",
        "display_name": "VIP私人健身房（虛構）",
        "location_type": "fictional",
        "fictional": true,
        "location_precision": "fictional",
        "story_position": {
          "x": 0.613,
          "y": 0.521
        },
        "first_appearance": 197,
        "chapters": [
          197
        ],
        "characters": [],
        "description": "力霸健身室內設有VIP私人健身房，貴華曾喺入面努力訓練。",
        "confidence": 0.9,
        "review_status": "reviewed",
        "source": "bing_gang",
        "position_source": "同章（[197]）嘅 4 個已解析地點質心附近（環形偏移，id hash 決定）"
      }
    },
    {
      "type": "Feature",
      "geometry": {
        "type": "Point",
        "coordinates": [
          114.27765392538339,
          22.323683222705426
        ]
      },
      "properties": {
        "id": "loc_0709",
        "name": "貴族醫院",
        "display_name": "貴族醫院（參考位置）",
        "location_type": "district",
        "fictional": false,
        "location_precision": "approximate",
        "story_position": {
          "x": 0.713,
          "y": 0.388
        },
        "first_appearance": 197,
        "chapters": [
          197
        ],
        "characters": [],
        "description": "貴華因過度健身暈倒，被送入皇室區嘅貴族醫院。",
        "confidence": 1.0,
        "review_status": "reviewed",
        "source": "bing_gang"
      }
    },
    {
      "type": "Feature",
      "geometry": {
        "type": "Point",
        "coordinates": [
          114.252075,
          22.317503
        ]
      },
      "properties": {
        "id": "loc_0710",
        "name": "力霸健身室",
        "display_name": "力霸健身室（虛構）",
        "location_type": "fictional",
        "fictional": true,
        "location_precision": "fictional",
        "story_position": {
          "x": 0.632,
          "y": 0.607
        },
        "first_appearance": 197,
        "chapters": [
          197
        ],
        "characters": [
          "王達尼"
        ],
        "description": "貴華所屬嘅健身室，與「力學健身室」進行比鬥。",
        "confidence": 1.0,
        "review_status": "reviewed",
        "source": "bing_gang",
        "position_source": "同章（[197]）嘅 4 個已解析地點質心附近（環形偏移，id hash 決定）"
      }
    },
    {
      "type": "Feature",
      "geometry": {
        "type": "Point",
        "coordinates": [
          114.25352,
          22.318771
        ]
      },
      "properties": {
        "id": "loc_0711",
        "name": "鼠窩",
        "display_name": "鼠窩（虛構）",
        "location_type": "fictional",
        "fictional": true,
        "location_precision": "fictional",
        "story_position": {
          "x": 0.219,
          "y": 0.557
        },
        "first_appearance": 197,
        "chapters": [
          197
        ],
        "characters": [],
        "description": "王達尼指示黑鼠商團將生事嘅蒙面人帶去「鼠窩」教訓。",
        "confidence": 1.0,
        "review_status": "reviewed",
        "source": "bing_gang",
        "position_source": "同章（[197]）嘅 4 個已解析地點質心附近（環形偏移，id hash 決定）"
      }
    },
    {
      "type": "Feature",
      "geometry": {
        "type": "Point",
        "coordinates": [
          114.26895724422064,
          22.318195696955826
        ]
      },
      "properties": {
        "id": "loc_0712",
        "name": "海洋公園",
        "display_name": "海洋公園（參考位置）",
        "location_type": "district",
        "fictional": false,
        "location_precision": "approximate",
        "story_position": {
          "x": 0.698,
          "y": 0.374
        },
        "first_appearance": 198,
        "chapters": [
          198
        ],
        "characters": [
          "海洋公園病腦"
        ],
        "description": "海洋公園位於港島區，已變為萬賴俱寂、滿佈乾掉血跡嘅廢棄樂園。",
        "confidence": 1.0,
        "review_status": "reviewed",
        "source": "bing_gang"
      }
    },
    {
      "type": "Feature",
      "geometry": {
        "type": "Point",
        "coordinates": [
          114.268877,
          22.316423
        ]
      },
      "properties": {
        "id": "loc_0713",
        "name": "港島區",
        "display_name": "港島區（虛構）",
        "location_type": "fictional",
        "fictional": true,
        "location_precision": "fictional",
        "story_position": {
          "x": 0.431,
          "y": 0.336
        },
        "first_appearance": 198,
        "chapters": [
          198
        ],
        "characters": [],
        "description": "港島區係香港三大地域之一。",
        "confidence": 1.0,
        "review_status": "reviewed",
        "source": "bing_gang",
        "position_source": "同章（[198]）嘅 1 個已解析地點質心附近（環形偏移，id hash 決定）"
      }
    },
    {
      "type": "Feature",
      "geometry": {
        "type": "Point",
        "coordinates": [
          114.268349,
          22.31562
        ]
      },
      "properties": {
        "id": "loc_0714",
        "name": "病者國度",
        "display_name": "病者國度（虛構）",
        "location_type": "fictional",
        "fictional": true,
        "location_precision": "fictional",
        "story_position": {
          "x": 0.791,
          "y": 0.432
        },
        "first_appearance": 198,
        "chapters": [
          198
        ],
        "characters": [],
        "description": "病腦指嘅「嘎嘎戈咕圭」位於西面，係一座有人為城牆同鐵門嘅領地，入面有十六米高嘅特殊病獸。",
        "confidence": 0.95,
        "review_status": "reviewed",
        "source": "bing_gang",
        "position_source": "同章（[198]）嘅 1 個已解析地點質心附近（環形偏移，id hash 決定）"
      }
    }
  ]
}
